OpenTime,Open,High,Low,Close,Volume,CloseTime,QuoteAssetVolume,NumberOfTrades,TakerBuyBaseVolume,TakerBuyQuoteVolume,Ignore
2025-10-21 12:00:00,108580.0,108611.04,108552.0,108552.0,16.0622,1761048179999,1744153.55489060,4396,9.15831000,994486.87577100,0
2025-10-21 12:03:00,108552.0,108575.69,108510.35,108566.01,26.39524,1761048359999,2864993.99206210,6672,10.57039000,1147352.23398910,0
2025-10-21 12:06:00,108566.01,108625.78,108515.55,108515.55,27.20181,1761048539999,2953306.62773020,11256,13.98741000,1518692.76987080,0
2025-10-21 12:09:00,108515.54,108577.07,108482.1,108519.2,41.45887,1761048719999,4499443.10077470,5935,17.31262000,1878831.86402880,0
2025-10-21 12:12:00,108519.2,108540.0,108472.93,108472.93,23.04049,1761048899999,2500273.94124510,2581,16.73262000,1815821.37460180,0
2025-10-21 12:15:00,108472.94,108598.45,108466.48,108585.17,21.36255,1761049079999,2318449.32886380,4807,10.86734000,1179591.04617810,0
2025-10-21 12:18:00,108585.16,108964.48,108585.16,108964.47,77.65184,1761049259999,8448685.20690150,14673,61.12365000,6649853.46105230,0
2025-10-21 12:21:00,108964.48,109485.78,108964.47,109400.26,172.32173,1761049439999,18833060.30701690,32056,82.38226000,9000965.87840550,0
2025-10-21 12:24:00,109400.27,109448.53,109127.35,109162.19,97.93565,1761049619999,10703656.14233800,15338,57.64880000,6301980.74801360,0
2025-10-21 12:27:00,109162.19,109190.1,109028.41,109126.02,77.94317,1761049799999,8504332.16627480,11869,31.19202000,3403080.24037070,0
2025-10-21 12:30:00,109126.02,109171.34,108936.62,109019.7,78.39846,1761049979999,8547850.07591170,11523,31.41903000,3425763.75339790,0
2025-10-21 12:33:00,109019.7,109019.71,108885.6,109005.69,52.59192,1761050159999,5729467.21195810,8350,28.93549000,3152272.62803100,0
2025-10-21 12:36:00,109005.69,109156.0,109005.68,109111.33,90.70136,1761050339999,9895805.23579740,9182,48.66624000,5309245.02802710,0
2025-10-21 12:39:00,109111.32,109378.58,109013.6,109299.85,87.17001,1761050519999,9516252.58324510,15776,69.60896000,7599521.20685490,0
2025-10-21 12:42:00,109299.84,109357.19,109250.02,109339.48,44.92628,1761050699999,4909883.15347680,8915,27.22426000,2974863.87524730,0
2025-10-21 12:45:00,109339.48,109481.38,109285.41,109444.22,51.64094,1761050879999,5649671.93515180,14565,29.72779000,3252465.09240690,0
2025-10-21 12:48:00,109444.22,109444.23,108958.49,108973.74,111.076,1761051059999,12121827.67395140,11703,22.40844000,2445086.87250010,0
2025-10-21 12:51:00,108973.74,109072.76,108944.51,108971.47,48.61525,1761051239999,5299463.32668590,10509,28.38631000,3094427.94004700,0
2025-10-21 12:54:00,108971.48,108977.47,108937.54,108955.32,18.01308,1761051419999,1962659.65464890,5418,6.12945000,667815.78983860,0
2025-10-21 12:57:00,108955.32,108955.33,108774.12,108793.4,65.12598,1761051599999,7089381.44143480,10848,16.78727000,1827030.59356860,0
2025-10-21 13:00:00,108793.39,108875.14,108793.39,108799.31,36.961,1761051779999,4022726.64176410,11987,18.22804000,1983808.78013580,0
2025-10-21 13:03:00,108799.32,108913.68,108731.34,108862.22,29.74669,1761051959999,3237025.17288480,10110,16.71630000,1819329.33096960,0
2025-10-21 13:06:00,108862.22,108891.01,108467.99,108486.68,97.16983,1761052139999,10556345.74588780,16044,23.63039000,2566826.74175620,0
2025-10-21 13:09:00,108486.68,108564.44,107922.06,108564.44,310.19182,1761052319999,33576161.93448650,36161,149.82255000,16210809.65729750,0
2025-10-21 13:12:00,108564.45,108593.38,108446.81,108590.5,50.93388,1761052499999,5526418.21808090,13795,19.96978000,2166636.41419680,0
2025-10-21 13:15:00,108590.5,108615.81,108452.49,108577.49,44.45622,1761052679999,4825907.50802570,16351,20.15884000,2187943.91302210,0
2025-10-21 13:18:00,108577.5,108658.78,108524.0,108582.02,30.83636,1761052859999,3349072.75120200,12315,16.06546000,1744715.19686190,0
2025-10-21 13:21:00,108582.02,108794.52,108540.0,108636.68,36.65415,1761053039999,3984031.22063000,13152,19.65583000,2136315.68149330,0
2025-10-21 13:24:00,108636.68,108666.0,108541.03,108541.04,32.45172,1761053219999,3524249.17918480,11162,13.61509000,1478622.22213460,0
2025-10-21 13:27:00,108541.04,108722.81,108508.79,108722.8,33.24641,1761053399999,3611067.63791950,10381,24.21363000,2629602.60226670,0
2025-10-21 13:30:00,108722.8,108730.62,108508.79,108508.79,43.13053,1761053579999,4684294.07540330,14799,14.39733000,1563761.10104850,0
2025-10-21 13:33:00,108508.79,108548.37,108310.53,108458.71,56.65603,1761053759999,6143352.92659550,15075,27.00339000,2927590.75610030,0
2025-10-21 13:36:00,108458.71,108877.6,108458.71,108769.9,79.92211,1761053939999,8686557.97605640,21741,52.92003000,5750972.13047130,0
2025-10-21 13:39:00,108769.91,108859.1,108640.0,108664.49,47.1948,1761054119999,5132150.40184180,19844,22.62232000,2459684.70760050,0
2025-10-21 13:42:00,108664.48,108664.48,108454.05,108636.25,61.9255,1761054299999,6724104.80080420,19459,23.78622000,2582615.04622450,0
2025-10-21 13:45:00,108636.25,108636.25,108376.85,108474.1,52.13913,1761054479999,5654486.44607080,21804,23.12953000,2508160.10896790,0
2025-10-21 13:48:00,108474.1,108569.23,108214.3,108569.23,70.92393,1761054659999,7685788.50960980,21106,42.02331000,4554309.68541240,0
2025-10-21 13:51:00,108569.22,108569.22,108288.47,108381.19,39.36612,1761054839999,4269209.90247690,22565,21.04864000,2282703.94981950,0
2025-10-21 13:54:00,108381.2,108400.64,108182.0,108304.63,61.15196,1761055019999,6622212.32139850,16750,27.47100000,2974542.40219250,0
2025-10-21 13:57:00,108304.63,108448.99,108167.18,108426.98,46.12861,1761055199999,4996362.10737960,18388,24.96896000,2704820.90907650,0
2025-10-21 14:00:00,108426.98,108647.77,108408.0,108647.76,49.41996,1761055379999,5363348.56095860,20224,34.20686000,3712394.17653600,0
2025-10-21 14:03:00,108647.77,108842.17,108647.77,108795.46,61.43185,1761055559999,6681482.79564160,21441,32.33374000,3516468.86213230,0
2025-10-21 14:06:00,108795.46,109205.27,108795.46,109114.95,95.61475,1761055739999,10426956.17824190,27345,69.45020000,7573445.15536130,0
2025-10-21 14:09:00,109114.95,109802.02,109114.01,109779.91,167.76323,1761055919999,18367015.85572010,34827,102.65209000,11237612.07378860,0
2025-10-21 14:12:00,109779.92,109810.49,109625.1,109744.9,93.13213,1761056099999,10215364.89428640,23154,40.87029000,4483036.09786730,0
2025-10-21 14:15:00,109744.9,109859.49,109501.05,109856.99,119.59387,1761056279999,13118224.11307060,23447,62.96940000,6909201.23660330,0
2025-10-21 14:18:00,109856.99,110315.61,109856.99,110200.42,322.07736,1761056459999,35477407.54682560,38342,193.33221000,21294711.73493770,0
2025-10-21 14:21:00,110200.42,110597.97,110199.0,110370.77,211.50488,1761056639999,23364881.21973660,29826,131.83265000,14563265.38522460,0
2025-10-21 14:24:00,110370.76,110379.8,110027.73,110082.68,153.76272,1761056819999,16943131.70452890,23858,72.77853000,8019640.00474140,0
2025-10-21 14:27:00,110080.48,110118.55,109676.49,109679.8,184.86326,1761056999999,20318351.27509500,27100,59.63376000,6557877.76515870,0
2025-10-21 14:30:00,109679.81,109962.6,109659.52,109831.99,129.82142,1761057179999,14258745.49618400,17487,71.52801000,7856854.76033530,0
2025-10-21 14:33:00,109831.99,110117.22,109813.68,109923.31,84.00207,1761057359999,9239486.22321170,21226,41.54379000,4569369.97605780,0
2025-10-21 14:36:00,109923.3,110118.64,109880.48,109972.45,63.76902,1761057539999,7013517.42336140,18237,26.50618000,2915157.40093090,0
2025-10-21 14:39:00,109972.45,110051.41,109933.39,110050.55,40.85513,1761057719999,4493566.56213280,12845,16.62052000,1828202.60783270,0
2025-10-21 14:42:00,110050.55,110111.99,109866.0,109944.45,63.69284,1761057899999,7004963.05619290,16228,24.25084000,2667585.71599070,0
2025-10-21 14:45:00,109944.44,110197.02,109762.72,110186.52,57.49263,1761058079999,6323427.60812500,20403,31.47867000,3463045.07503270,0
2025-10-21 14:48:00,110186.53,110930.95,110186.53,110930.94,248.19795,1761058259999,27463783.13016570,38001,150.70126000,16674951.49760470,0
2025-10-21 14:51:00,110930.94,111295.0,110901.38,111294.99,213.19264,1761058439999,23679909.65779330,29573,157.03569000,17442317.52260430,0
2025-10-21 14:54:00,111294.99,111916.0,111195.58,111863.46,397.00206,1761058619999,44288088.39655150,43599,259.72511000,28976084.92418450,0
2025-10-21 14:57:00,111863.45,112290.31,111863.45,112170.52,578.53853,1761058799999,64823998.95511010,43691,339.62926000,38050781.39082980,0
2025-10-21 15:00:00,112170.52,112475.72,111845.81,111863.14,325.97506,1761058979999,36571846.07937420,39442,135.27345000,15182263.71545890,0
2025-10-21 15:03:00,111863.15,112268.54,111716.91,112215.45,255.53484,1761059159999,28605247.31012800,30171,109.17291000,12225773.82842210,0
2025-10-21 15:06:00,112215.45,112925.91,112204.12,112683.29,516.07243,1761059339999,58082489.56638410,41336,273.58754000,30808090.62034110,0
2025-10-21 15:09:00,112683.3,112773.45,112542.04,112551.08,226.52899,1761059519999,25526883.44920380,22863,89.12728000,10043152.41303320,0
2025-10-21 15:12:00,112551.09,112717.13,112250.0,112403.88,235.44762,1761059699999,26486842.91132210,24372,83.44001000,9386777.40521910,0
2025-10-21 15:15:00,112403.88,112465.21,112250.0,112458.08,116.66308,1761059879999,13108602.38562940,19784,55.53242000,6240160.43455160,0
2025-10-21 15:18:00,112458.07,112631.19,112340.95,112617.43,89.95151,1761060059999,10116850.15938770,17504,53.17562000,5980257.99753420,0
2025-10-21 15:21:00,112617.43,112937.0,112562.01,112900.02,261.70772,1761060239999,29511019.58906200,22120,170.72708000,19248729.21864110,0
2025-10-21 15:24:00,112900.48,113020.0,112801.78,112817.1,261.91698,1761060419999,29573797.07283140,20545,120.15989000,13570189.75431510,0
2025-10-21 15:27:00,112814.79,113170.94,112790.99,112979.18,168.08557,1761060599999,18998601.23033690,21174,82.99232000,9381414.74917790,0
2025-10-21 15:30:00,112979.17,113363.04,112970.21,113131.31,395.87571,1761060779999,44825778.95828990,28728,237.41578000,26887601.86767710,0
2025-10-21 15:33:00,113131.3,113200.0,112950.0,113081.97,140.33631,1761060959999,15870961.67224300,19150,52.49620000,5936575.23676380,0
2025-10-21 15:36:00,113081.97,113160.0,112720.73,112968.34,271.42113,1761061139999,30643401.01158720,21458,143.73771000,16227084.73795340,0
2025-10-21 15:39:00,112968.33,113280.16,112916.11,113273.48,147.72736,1761061319999,16712091.85666020,17519,98.80557000,11177794.58850100,0
2025-10-21 15:42:00,113273.47,113360.0,113211.52,113338.05,74.28556,1761061499999,8414937.20398630,13894,37.42592000,4239403.08929950,0
2025-10-21 15:45:00,113338.05,113504.96,113316.52,113440.62,130.73932,1761061679999,14830683.25201200,21344,86.06280000,9763035.13038360,0
2025-10-21 15:48:00,113440.63,113500.0,113337.86,113482.09,86.84242,1761061859999,9850016.31099260,14523,45.99614000,5216993.53462530,0
2025-10-21 15:51:00,113482.1,113557.62,113331.86,113340.89,168.31738,1761062039999,19096081.63092200,19121,77.82617000,8829180.13882630,0
2025-10-21 15:54:00,113340.89,113363.44,113093.82,113309.98,163.40465,1761062219999,18501526.65912520,21910,93.97055000,10639485.81715150,0
2025-10-21 15:57:00,113309.99,113422.61,113202.0,113422.61,138.7258,1761062399999,15716222.09661550,16808,110.94279000,12568704.00334470,0
2025-10-21 16:00:00,113422.6,113536.96,113327.51,113433.83,123.79783,1761062579999,14046315.82481990,18724,65.85976000,7472525.05551680,0
2025-10-21 16:03:00,113433.84,113490.0,113381.01,113420.98,70.06323,1761062759999,7948477.86928340,15879,35.29314000,4003932.83285850,0
2025-10-21 16:06:00,113420.99,113459.99,113131.29,113178.79,171.83673,1761062939999,19464169.06443060,21459,60.46381000,6850162.51376020,0
2025-10-21 16:09:00,113178.79,113372.34,113103.89,113372.33,97.56724,1761063119999,11047355.09198380,13921,65.34641000,7399052.39299760,0
2025-10-21 16:12:00,113372.34,113567.32,113372.33,113534.64,62.74524,1761063299999,7120780.05495530,12088,40.02532000,4542044.15926700,0
2025-10-21 16:15:00,113534.63,113667.51,113534.63,113604.88,128.7016,1761063479999,14622374.29463920,15740,82.66352000,9391792.32712650,0
2025-10-21 16:18:00,113604.87,113769.69,113522.08,113688.68,149.09011,1761063659999,16947619.90521750,15728,54.06505000,6146105.82083800,0
2025-10-21 16:21:00,113688.69,113738.34,113561.47,113719.71,92.3568,1761063839999,10498913.70081300,13601,54.12412000,6152445.39450710,0
2025-10-21 16:24:00,113719.7,113857.46,113680.42,113719.88,180.75992,1761064019999,20565274.85337550,16877,125.51775000,14281043.42733230,0
2025-10-21 16:27:00,113719.89,113810.18,113612.12,113677.99,107.70612,1761064199999,12250681.47595300,11304,59.32645000,6747797.45114330,0
2025-10-21 16:30:00,113677.99,113751.55,113604.47,113610.76,78.27533,1761064379999,8897975.74708800,14577,28.91470000,3286914.45614510,0
2025-10-21 16:33:00,113610.75,113848.85,113610.46,113785.27,105.04717,1761064559999,11948426.87653260,15917,61.28146000,6969841.14528340,0
2025-10-21 16:36:00,113785.28,114000.0,113700.08,113795.19,245.11683,1761064739999,27910662.69190370,21579,140.80250000,16032809.41036870,0
2025-10-21 16:39:00,113795.2,113838.29,113363.24,113427.17,193.96533,1761064919999,22022899.29234880,17602,51.31244000,5826550.99977770,0
2025-10-21 16:42:00,113427.16,113571.34,113372.23,113444.47,85.53321,1761065099999,9705743.73110170,12389,51.94986000,5895281.07392650,0
2025-10-21 16:45:00,113444.47,113580.89,113412.19,113452.58,62.02726,1761065279999,7039570.87660970,11643,37.08237000,4208540.74788740,0
2025-10-21 16:48:00,113452.58,113564.69,113452.58,113518.48,25.08581,1761065459999,2847849.96124720,10471,11.97116000,1358912.34638100,0
2025-10-21 16:51:00,113518.49,113539.6,113156.35,113220.28,193.67376,1761065639999,21936632.95852540,23145,93.37010000,10573859.39566950,0
2025-10-21 16:54:00,113220.27,113243.69,112800.0,112895.24,234.8619,1761065819999,26551929.19430510,29309,106.30155000,12020072.78786800,0
2025-10-21 16:57:00,112895.24,112895.24,112465.33,112565.88,246.42634,1761065999999,27752361.52779840,30636,63.99384000,7210566.57658960,0
2025-10-21 17:00:00,112565.88,112842.55,112454.93,112571.98,245.2918,1761066179999,27636491.84003260,34056,114.28811000,12876150.21852200,0
2025-10-21 17:03:00,112571.97,112799.1,112374.76,112737.45,127.38377,1761066359999,14332794.62551080,29770,61.09560000,6876201.29093710,0
2025-10-21 17:06:00,112737.45,112993.67,112737.45,112909.59,80.59126,1761066539999,9097738.43359680,22573,60.06473000,6780450.67194140,0
2025-10-21 17:09:00,112909.59,112993.67,112755.93,112821.23,172.10439,1761066719999,19430685.09861160,18843,92.14714000,10403286.38573640,0
2025-10-21 17:12:00,112821.23,112924.55,112642.41,112729.19,81.87557,1761066899999,9232261.78738900,17350,27.18253000,3065682.08523180,0
2025-10-21 17:15:00,112729.2,112795.36,112231.35,112299.99,235.18371,1761067079999,26452576.47140760,29206,97.47059000,10963322.09175130,0
2025-10-21 17:18:00,112300.0,112312.0,111813.18,112097.54,365.81704,1761067259999,40972229.68512560,41725,144.21054000,16149800.11417500,0
2025-10-21 17:21:00,112097.54,112097.57,111851.93,112006.48,113.55887,1761067439999,12715895.65268660,27451,65.58925000,7344006.84698880,0
2025-10-21 17:24:00,112006.9,112246.68,111928.38,112246.67,98.23929,1761067619999,11011001.04264250,20592,72.91815000,8173773.50894730,0
2025-10-21 17:27:00,112246.67,112447.63,112245.54,112386.83,100.37369,1761067799999,11278311.90830860,18526,65.97753000,7413251.31614090,0
2025-10-21 17:30:00,112386.83,112465.3,112188.38,112315.07,245.76026,1761067979999,27602305.54209000,23788,53.88065000,6051493.16747370,0
2025-10-21 17:33:00,112315.07,112529.38,112182.26,112468.71,429.99398,1761068159999,48311037.63865510,28976,126.03426000,14162810.99758710,0
2025-10-21 17:36:00,112468.71,112503.14,112148.01,112337.98,525.11298,1761068339999,58972387.50470130,29726,156.66118000,17588385.20858110,0
2025-10-21 17:39:00,112337.97,112538.12,112283.53,112470.64,361.32861,1761068519999,40621718.06968630,24110,89.08446000,10014742.98863670,0
2025-10-21 17:42:00,112470.63,112576.42,112426.07,112474.81,370.38013,1761068699999,41666739.43068310,24047,92.08366000,10359194.84390230,0
2025-10-21 17:45:00,112474.81,112528.01,112205.25,112379.5,374.72178,1761068879999,42094482.25215000,28063,80.53256000,9045854.68084080,0
2025-10-21 17:48:00,112379.51,112413.49,112248.75,112297.71,401.12173,1761069059999,45057512.92435980,21782,108.65643000,12205190.91762960,0
2025-10-21 17:51:00,112297.71,112377.29,112163.37,112209.52,359.26048,1761069239999,40333029.01267710,16419,93.68959000,10518591.44532940,0
2025-10-21 17:54:00,112209.51,112230.21,112015.08,112086.0,399.56404,1761069419999,44792827.84379550,20374,100.38211000,11252981.23830800,0
2025-10-21 17:57:00,112085.99,112086.0,111950.01,111973.42,443.51624,1761069599999,49675226.20008860,20021,107.75056000,12067833.17544490,0
2025-10-21 18:00:00,111973.41,112122.2,111881.78,112063.38,431.61213,1761069779999,48350770.41582920,18240,149.47049000,16744072.51973140,0
2025-10-21 18:03:00,112063.39,112297.14,112026.11,112263.94,403.04562,1761069959999,45210130.18001330,13817,148.08055000,16610607.51928030,0
2025-10-21 18:06:00,112263.94,112263.94,111984.32,112081.87,200.80085,1761070139999,22517574.89422450,16872,52.30980000,5865099.98862170,0
2025-10-21 18:09:00,112081.87,112168.0,111830.01,111936.25,58.16869,1761070319999,6513089.52862480,13932,24.24670000,2714879.36119810,0
2025-10-21 18:12:00,111936.26,111938.05,111762.41,111877.19,80.82179,1761070499999,9038531.52990680,18282,38.78774000,4337925.45770770,0
2025-10-21 18:15:00,111877.19,111957.95,111826.74,111912.87,44.73918,1761070679999,5006713.90384210,13895,18.60420000,2081823.12179040,0
2025-10-21 18:18:00,111912.87,111943.93,111811.29,111834.62,31.80738,1761070859999,3558613.47808160,11045,15.34524000,1716641.78321790,0
2025-10-21 18:21:00,111834.62,111976.89,111811.29,111953.16,30.81738,1761071039999,3448277.61871820,11227,18.56561000,2077376.35412150,0
2025-10-21 18:24:00,111953.15,112151.39,111946.63,112103.4,37.03803,1761071219999,4150172.35879880,11849,25.25144000,2829104.46377880,0
2025-10-21 18:27:00,112103.41,112122.74,111835.5,111835.51,43.49416,1761071399999,4870439.46921180,6710,10.39845000,1164788.43131850,0
2025-10-21 18:30:00,111835.5,111928.38,111811.29,111890.79,33.05518,1761071579999,3698242.25309820,7403,14.53960000,1626833.42305860,0
2025-10-21 18:33:00,111890.78,111952.91,111771.16,111784.35,82.07268,1761071759999,9177981.94719390,8587,14.28952000,1598598.67374190,0
2025-10-21 18:36:00,111784.34,111792.34,111324.29,111542.1,194.16871,1761071939999,21660789.64231340,23857,74.92856000,8356739.19268030,0
2025-10-21 18:39:00,111542.09,111629.49,111500.81,111530.03,51.49051,1761072119999,5744420.12424850,15070,18.45932000,2059262.99832370,0
2025-10-21 18:42:00,111530.04,111660.0,111528.51,111652.38,43.22156,1761072299999,4823942.90584720,9403,20.57888000,2296799.20447150,0
2025-10-21 18:45:00,111652.38,111930.01,111633.71,111930.01,64.37273,1761072479999,7196486.95789770,13892,41.70259000,4661701.46745840,0
2025-10-21 18:48:00,111930.01,112028.08,111858.27,111882.1,56.15757,1761072659999,6288158.26949940,11731,26.10362000,2922978.83279200,0
2025-10-21 18:51:00,111882.1,111904.51,111787.4,111816.15,34.50808,1761072839999,3859178.11224700,7264,18.22058000,2037653.86220920,0
2025-10-21 18:54:00,111816.15,111964.38,111787.41,111923.05,22.42,1761073019999,2508898.72131360,6265,16.72672000,1871695.99396730,0
2025-10-21 18:57:00,111923.04,112033.89,111923.04,111990.55,18.3802,1761073199999,2058084.46492360,6856,12.38953000,1387200.54108120,0
2025-10-21 19:00:00,111990.55,112028.37,111938.77,111979.54,24.92667,1761073379999,2791194.17113120,8292,16.39770000,1836042.42436770,0
2025-10-21 19:03:00,111979.55,112079.04,111973.12,112079.03,18.55682,1761073559999,2079136.57413150,4985,9.98951000,1119256.45407490,0
2025-10-21 19:06:00,112079.03,112138.01,112051.92,112058.55,29.16817,1761073739999,3269699.34068190,5239,16.91541000,1896134.89323320,0
2025-10-21 19:09:00,112058.55,112092.29,111978.97,111989.58,22.43334,1761073919999,2513149.25443780,8764,8.13380000,911306.20172600,0
2025-10-21 19:12:00,111989.58,112165.3,111985.7,112165.3,22.07151,1761074099999,2473636.78756170,8902,17.77590000,1992304.66281440,0
2025-10-21 19:15:00,112165.29,112200.0,112076.0,112087.57,30.04059,1761074279999,3368592.28834450,9837,13.04101000,1462358.02245910,0
2025-10-21 19:18:00,112087.56,112145.64,111980.0,111980.0,22.83561,1761074459999,2559139.20786500,7194,8.63866000,968124.84235440,0
2025-10-21 19:21:00,111980.0,112034.0,111678.77,111678.77,71.78778,1761074639999,8027825.13656350,15861,14.10272000,1577352.49786460,0
2025-10-21 19:24:00,111678.77,111807.52,111638.71,111750.02,40.45636,1761074819999,4519491.33890250,9804,17.14800000,1915861.77452600,0
2025-10-21 19:27:00,111750.01,111758.54,111684.03,111721.96,20.14505,1761074999999,2250658.91460890,6944,5.62212000,628051.92761410,0
2025-10-21 19:30:00,111721.97,111721.97,111562.94,111609.05,40.3818,1761075179999,4507737.34226830,11640,13.15397000,1468296.30005580,0
2025-10-21 19:33:00,111609.05,111728.39,111608.02,111728.39,51.13927,1761075359999,5710656.43004160,8171,32.39699000,3617788.54706030,0
2025-10-21 19:36:00,111728.38,111816.51,111718.0,111760.67,28.94329,1761075539999,3234905.44112710,7590,19.31523000,2158826.51456060,0
2025-10-21 19:39:00,111760.67,111769.61,111712.0,111721.13,13.63967,1761075719999,1524153.08938070,4954,3.94991000,441336.94692050,0
2025-10-21 19:42:00,111721.12,111816.51,111658.52,111816.51,16.97382,1761075899999,1896264.98214910,7832,8.99320000,1004608.68163330,0
2025-10-21 19:45:00,111816.5,111870.0,111788.28,111857.13,13.87868,1761076079999,1552083.33918130,6981,6.56558000,734228.36458770,0
2025-10-21 19:48:00,111857.13,111938.02,111830.85,111929.29,10.72926,1761076259999,1200449.84876860,6978,4.90120000,548385.93058630,0
2025-10-21 19:51:00,111929.28,112022.26,111929.28,111979.55,28.1376,1761076439999,3150539.23307520,6897,18.10827000,2027530.64529730,0
2025-10-21 19:54:00,111979.55,112009.36,111797.62,111867.15,30.6,1761076619999,3423712.06566190,8875,10.88205000,1217455.58226130,0
2025-10-21 19:57:00,111867.15,111909.04,111763.3,111780.39,46.62306,1761076799999,5215059.06051460,10566,24.63323000,2755386.48745030,0
2025-10-21 20:00:00,111780.4,111801.41,111595.05,111652.36,50.38497,1761076979999,5627223.19811470,13017,22.38432000,2499628.23332130,0
2025-10-21 20:03:00,111652.36,111723.72,111637.5,111713.96,13.93194,1761077159999,1555811.57772040,8280,4.97544000,555554.06642400,0
2025-10-21 20:06:00,111713.95,111773.64,111596.0,111629.4,29.42689,1761077339999,3286157.12123300,9606,9.54411000,1065922.34940490,0
2025-10-21 20:09:00,111629.39,111629.4,111288.87,111345.53,83.20997,1761077519999,9273966.19585200,14575,16.29173000,1815630.92476110,0
2025-10-21 20:12:00,111345.54,111380.94,111190.11,111311.03,158.88055,1761077699999,17680476.09806530,15702,92.23673000,10263847.35992330,0
2025-10-21 20:15:00,111311.04,111355.51,110554.22,110806.48,236.4801,1761077879999,26220624.49826380,39181,91.43320000,10134651.71441080,0
2025-10-21 20:18:00,110806.48,110950.0,110697.93,110749.3,135.14207,1761078059999,14978211.65545820,21453,79.70833000,8834207.09865400,0
2025-10-21 20:21:00,110749.29,110952.58,110749.29,110941.47,52.09984,1761078239999,5775217.71422370,13694,26.36230000,2922244.98252110,0
2025-10-21 20:24:00,110941.47,110988.61,110755.26,110790.34,43.80847,1761078419999,4857533.63072560,11501,14.01263000,1553778.55057070,0
2025-10-21 20:27:00,110790.33,110868.0,110741.26,110834.89,35.02827,1761078599999,3881943.88570030,10942,16.19467000,1794774.23055710,0
2025-10-21 20:30:00,110834.88,110915.63,110700.39,110721.52,36.57746,1761078779999,4053432.12379000,13168,14.67269000,1626449.75314590,0
2025-10-21 20:33:00,110721.52,110812.88,110688.93,110753.65,22.4002,1761078959999,2480597.46628350,10143,8.58210000,950442.88259080,0
2025-10-21 20:36:00,110753.65,110946.0,110748.42,110883.67,29.84269,1761079139999,3308344.37118360,10770,7.62242000,844940.27302480,0
2025-10-21 20:39:00,110883.67,111079.78,110830.06,110911.29,50.76906,1761079319999,5634681.32870260,12253,26.40131000,2930246.22017040,0
2025-10-21 20:42:00,110911.3,110970.0,110868.99,110923.58,26.12301,1761079499999,2897241.81325340,7670,9.88716000,1096481.27567010,0
2025-10-21 20:45:00,110923.58,111063.78,110900.0,110969.83,30.90379,1761079679999,3429988.79952920,9547,12.62134000,1400856.78683760,0
2025-10-21 20:48:00,110969.83,110969.84,110857.02,110927.94,27.31318,1761079859999,3029115.35108610,8211,5.91585000,656038.96770420,0
2025-10-21 20:51:00,110927.95,111080.99,110927.94,111080.99,28.18942,1761080039999,3129743.56514290,4045,18.21759000,2022776.61467110,0
2025-10-21 20:54:00,111080.99,111106.02,110972.86,110973.5,32.14767,1761080219999,3569932.00762670,6253,5.82320000,646494.95092810,0
2025-10-21 20:57:00,110973.5,110973.5,110781.14,110787.56,43.50312,1761080399999,4823947.96580010,9226,6.13089000,679893.21266230,0
2025-10-21 21:00:00,110787.56,110816.99,110685.59,110786.24,46.14595,1761080579999,5110832.84472780,11818,19.14937000,2120946.07506020,0
2025-10-21 21:03:00,110786.23,110881.11,110737.7,110880.0,21.32321,1761080759999,2362988.06560620,5904,6.62277000,733865.59648960,0
2025-10-21 21:06:00,110879.99,110909.57,110811.1,110877.11,17.10756,1761080939999,1896695.33816590,6357,5.91297000,655489.91111310,0
2025-10-21 21:09:00,110877.11,111018.0,110873.21,111017.0,40.73199,1761081119999,4518866.77124260,5795,27.86863000,3091968.17829760,0
2025-10-21 21:12:00,111016.99,111095.94,110956.0,111095.21,21.89286,1761081299999,2430454.23085690,5683,11.02462000,1224044.19777520,0
2025-10-21 21:15:00,111095.21,111111.0,110803.35,110816.52,36.63516,1761081479999,4062835.87374850,8806,11.15632000,1236691.29610380,0
2025-10-21 21:18:00,110816.53,110940.0,110767.34,110780.23,48.05764,1761081659999,5327891.75092630,8423,19.42090000,2153169.43611410,0
2025-10-21 21:21:00,110780.22,110788.01,110111.0,110494.93,300.24383,1761081839999,33128615.62626020,33915,102.41244000,11300760.02926310,0
2025-10-21 21:24:00,110494.92,110499.99,110236.0,110417.12,77.24911,1761082019999,8526630.98256120,13711,31.77248000,3507016.34862470,0
2025-10-21 21:27:00,110417.12,110627.9,110391.2,110506.48,64.1028,1761082199999,7085024.82274030,15074,32.60943000,3603659.66715820,0
2025-10-21 21:30:00,110506.48,110506.48,110398.39,110483.87,61.7561,1761082379999,6820558.78183180,8520,18.30835000,2021896.53893660,0
2025-10-21 21:33:00,110483.87,110828.83,110483.86,110809.28,52.82172,1761082559999,5847094.78326500,11996,28.93165000,3202242.40668610,0
2025-10-21 21:36:00,110809.28,110809.28,110695.57,110736.16,31.44127,1761082739999,3482339.73942000,7093,7.73532000,856649.50704900,0
2025-10-21 21:39:00,110736.16,110814.41,110697.5,110787.68,22.94702,1761082919999,2541936.56193340,4762,15.12705000,1675582.85843970,0
2025-10-21 21:42:00,110787.67,110894.69,110730.51,110894.68,24.60613,1761083099999,2726626.61670660,5203,15.09735000,1673072.09458070,0
2025-10-21 21:45:00,110894.69,110931.01,110705.49,110931.0,33.20619,1761083279999,3680144.53451820,8558,14.82236000,1642510.10977840,0
2025-10-21 21:48:00,110931.01,110970.14,110854.69,110951.48,20.07384,1761083459999,2226578.75284210,5861,8.25332000,915509.13531830,0
2025-10-21 21:51:00,110951.48,110951.49,110815.33,110853.9,31.24707,1761083639999,3463936.56033830,6835,12.58470000,1394766.23035570,0
2025-10-21 21:54:00,110853.89,110892.0,110819.4,110826.86,15.84109,1761083819999,1755998.30089570,4042,3.77640000,418598.32503690,0
2025-10-21 21:57:00,110826.86,110896.83,110791.52,110816.32,19.47683,1761083999999,2158769.00961450,5990,6.76900000,750177.72060250,0
2025-10-21 22:00:00,110816.33,110816.33,110678.37,110694.0,28.30916,1761084179999,3134819.68809760,9198,11.52587000,1276196.43152230,0
2025-10-21 22:03:00,110694.0,110711.07,110453.63,110520.99,52.28727,1761084359999,5784905.67109230,11269,13.04609000,1443411.08017180,0
2025-10-21 22:06:00,110520.99,110625.03,110473.67,110473.67,28.98027,1761084539999,3203459.37598500,7529,11.46386000,1267298.39335770,0
2025-10-21 22:09:00,110473.68,110473.68,110077.15,110415.99,192.67343,1761084719999,21240279.36052430,16902,81.92766000,9028705.52885320,0
2025-10-21 22:12:00,110415.99,110450.0,110378.0,110423.1,23.7334,1761084899999,2620373.40899290,7154,12.50029000,1380103.96470070,0
2025-10-21 22:15:00,110423.1,110511.13,110423.09,110501.4,16.27894,1761085079999,1798464.19148690,5135,9.39547000,1037960.36912750,0
2025-10-21 22:18:00,110501.41,110505.2,110388.6,110405.06,26.2602,1761085259999,2899952.69900660,7701,11.43076000,1262228.28152130,0
2025-10-21 22:21:00,110405.06,110405.06,109977.01,110052.57,171.3058,1761085439999,18861828.99283750,18512,44.90559000,4942179.69380820,0
2025-10-21 22:24:00,110052.58,110052.58,109921.76,110019.64,47.91049,1761085619999,5269480.08627370,12480,15.89298000,1747790.68592580,0
2025-10-21 22:27:00,110019.64,110019.64,109584.02,109623.55,175.06938,1761085799999,19205140.52008910,22666,85.53780000,9381675.86173840,0
2025-10-21 22:30:00,109623.54,109813.82,108271.68,108989.95,801.55346,1761085979999,87357179.72765280,57665,397.25166000,43285382.80914150,0
2025-10-21 22:33:00,108989.95,109317.74,108865.54,108872.86,192.50044,1761086159999,20998667.43619730,34381,127.85753000,13948301.37842060,0
2025-10-21 22:36:00,108872.86,109015.3,108695.99,108782.43,135.64189,1761086339999,14762774.94187160,31254,73.94588000,8047572.61909140,0
2025-10-21 22:39:00,108782.42,109090.0,108686.99,109060.85,103.13497,1761086519999,11230773.47227180,29750,67.61615000,7363261.63702850,0
2025-10-21 22:42:00,109060.86,109190.0,109002.32,109167.44,103.71438,1761086699999,11316197.20206700,18818,52.00514000,5674142.72511930,0
2025-10-21 22:45:00,109167.44,109424.78,109080.21,109343.33,97.30443,1761086879999,10631601.35739430,19346,52.41910000,5727132.45904930,0
2025-10-21 22:48:00,109343.33,109382.55,109129.82,109129.82,117.39574,1761087059999,12823593.45331500,14754,31.64376000,3456829.23884400,0
2025-10-21 22:51:00,109129.82,109195.11,108952.96,108952.96,103.08498,1761087239999,11241571.29601570,18696,28.32827000,3089154.23705880,0
2025-10-21 22:54:00,108952.96,109098.2,108950.0,109039.99,31.7005,1761087419999,3455693.64279970,10363,15.00481000,1635608.03204400,0
2025-10-21 22:57:00,109040.0,109098.19,108961.45,109066.98,35.64784,1761087599999,3886546.66487180,10647,17.90235000,1951756.90941370,0
2025-10-21 23:00:00,109066.98,109156.19,108950.0,109131.11,49.31809,1761087779999,5377804.59301790,15073,26.22740000,2860298.26269150,0
2025-10-21 23:03:00,109131.1,109287.35,109131.1,109261.73,84.5481,1761087959999,9235088.02231150,11473,49.06596000,5358932.73751280,0
2025-10-21 23:06:00,109261.74,109314.0,109178.0,109313.99,59.60047,1761088139999,6509712.60131890,10884,17.09946000,1867504.06838550,0
2025-10-21 23:09:00,109314.0,109314.0,109103.4,109255.73,64.655,1761088319999,7061973.31355050,14372,17.35068000,1894935.59148600,0
2025-10-21 23:12:00,109255.72,109255.73,109166.64,109202.11,38.06213,1761088499999,4156746.14034340,10817,10.55819000,1152901.29219760,0
2025-10-21 23:15:00,109202.11,109367.0,109061.59,109307.67,80.90005,1761088679999,8833467.42952930,14176,40.82482000,4458373.01246250,0
2025-10-21 23:18:00,109307.68,109343.2,109202.65,109333.61,42.18695,1761088859999,4609570.73440500,11403,16.74762000,1829663.23199180,0
2025-10-21 23:21:00,109333.62,109423.19,109305.75,109423.16,41.46743,1761089039999,4535087.46026330,8916,22.63878000,2476046.72118080,0
2025-10-21 23:24:00,109423.16,109423.17,109246.15,109246.15,41.76526,1761089219999,4567361.71539360,9355,7.42359000,811897.72674480,0
2025-10-21 23:27:00,109246.15,109256.62,109120.83,109120.83,47.59825,1761089399999,5196991.29080320,9822,8.81819000,962696.53965290,0
2025-10-21 23:30:00,109120.83,109120.83,108819.81,108866.5,95.10323,1761089579999,10361428.75686540,16516,20.68634000,2253583.37581790,0
2025-10-21 23:33:00,108866.5,108866.5,108477.63,108552.5,116.62242,1761089759999,12670603.36535110,25600,39.05714000,4242615.84469720,0
2025-10-21 23:36:00,108552.51,108617.08,108320.03,108371.27,174.56769,1761089939999,18931217.56708900,25647,61.47478000,6665818.93584860,0
2025-10-21 23:39:00,108371.27,108371.28,108045.81,108315.98,147.57349,1761090119999,15971107.94389550,28611,62.82485000,6799840.25505720,0
2025-10-21 23:42:00,108315.97,108506.67,108231.67,108506.67,170.32015,1761090299999,18467072.48327840,22694,66.98891000,7260326.06577160,0
2025-10-21 23:45:00,108506.67,108623.1,108429.95,108429.96,65.87678,1761090479999,7149924.52347290,13929,30.20475000,3278287.74801440,0
2025-10-21 23:48:00,108429.96,108547.31,108394.42,108478.06,51.91558,1761090659999,5630278.03477150,11435,25.14517000,2727115.11410200,0
2025-10-21 23:51:00,108478.06,108478.07,108355.71,108390.81,37.57806,1761090839999,4073977.61592130,8049,16.08501000,1743694.95730330,0
2025-10-21 23:54:00,108390.81,108613.37,108303.33,108349.73,77.57046,1761091019999,8414087.88100480,19550,42.77396000,4639905.63405430,0
2025-10-21 23:57:00,108349.73,108460.5,108297.66,108297.67,43.77767,1761091199999,4743520.75271730,13572,18.95265000,2053588.76453540,0
2025-10-22 00:00:00,108297.66,108411.66,108170.0,108411.66,88.1055,1761091379999,9541102.55651890,16480,48.30502000,5232135.29181910,0
2025-10-22 00:03:00,108411.65,108556.95,108394.27,108439.65,96.49201,1761091559999,10467824.17922630,15314,63.87242000,6929105.84907810,0
2025-10-22 00:06:00,108439.65,108439.65,108357.94,108357.95,41.0987,1761091739999,4454387.16096070,9033,17.93768000,1944060.63093540,0
2025-10-22 00:09:00,108357.95,108418.0,108308.74,108370.9,99.79784,1761091919999,10813880.36462740,12498,30.36422000,3290133.68977470,0
2025-10-22 00:12:00,108370.9,108643.61,108370.9,108553.5,78.30214,1761092099999,8497722.87302140,12178,48.40640000,5252988.69728600,0
2025-10-22 00:15:00,108549.94,108553.67,108394.21,108400.0,49.0913,1761092279999,5323236.47259440,11462,19.81919000,2148930.66598940,0
2025-10-22 00:18:00,108400.01,108400.01,108255.32,108293.73,55.21985,1761092459999,5980685.40459570,15853,30.13608000,3263817.11313480,0
2025-10-22 00:21:00,108293.74,108320.0,108230.0,108253.0,45.54545,1761092639999,4931357.31666920,9193,15.56371000,1685141.23593220,0
2025-10-22 00:24:00,108253.0,108253.0,108075.53,108088.19,113.80498,1761092819999,12308803.82143770,13128,29.74805000,3217545.94176160,0
2025-10-22 00:27:00,108088.19,108098.97,107853.25,108002.24,189.739,1761092999999,20485559.63584940,23579,59.48748000,6421983.50605150,0
2025-10-22 00:30:00,108002.25,108249.4,107841.21,108156.11,94.18672,1761093179999,10175112.99068690,25206,50.29519000,5433454.77452300,0
2025-10-22 00:33:00,108156.11,108319.63,107875.6,107911.36,121.27882,1761093359999,13110470.54855770,20011,49.03466000,5300916.01923460,0
2025-10-22 00:36:00,107911.35,108065.74,107841.2,107918.55,91.94359,1761093539999,9922896.96994830,20223,37.51918000,4049665.70172930,0
2025-10-22 00:39:00,107918.55,108049.16,107884.88,108049.16,48.85427,1761093719999,5274533.82851990,17325,19.29939000,2083515.99037990,0
2025-10-22 00:42:00,108049.15,108074.15,107962.97,108064.68,67.1299,1761093899999,7251167.11999110,12807,22.29356000,2407802.67325400,0
2025-10-22 00:45:00,108064.68,108195.98,108064.68,108130.18,60.63289,1761094079999,6555688.27569580,18545,30.92904000,3344237.54535030,0
2025-10-22 00:48:00,108130.18,108202.0,108060.61,108060.61,72.75194,1761094259999,7868080.95927170,13560,50.01435000,5409438.36243870,0
2025-10-22 00:51:00,108060.62,108178.5,108050.0,108164.53,31.53446,1761094439999,3409052.53428310,9809,17.03962000,1842053.30512670,0
2025-10-22 00:54:00,108164.53,108164.53,108043.0,108043.01,26.30972,1761094619999,2844156.85147180,8522,10.55215000,1140772.84846660,0
2025-10-22 00:57:00,108043.01,108070.23,107986.14,107986.14,65.78268,1761094799999,7106510.72510400,11507,12.19040000,1316974.04340880,0
2025-10-22 01:00:00,107986.15,108128.0,107986.14,108066.22,53.0899,1761094979999,5736257.36189120,12517,28.26135000,3053411.00834640,0
2025-10-22 01:03:00,108066.21,108130.42,108024.0,108118.81,183.59463,1761095159999,19844690.75314940,13551,35.85405000,3875295.33959760,0
2025-10-22 01:06:00,108118.81,108210.54,108118.81,108198.52,56.69242,1761095339999,6132116.37868240,12370,28.60214000,3093740.49812570,0
2025-10-22 01:09:00,108198.52,108388.84,108198.52,108356.03,108.3859,1761095519999,11740315.82418310,18447,69.51472000,7529671.37515850,0
2025-10-22 01:12:00,108356.03,108444.63,108356.03,108403.41,148.28737,1761095699999,16075368.67475440,10509,96.08044000,10415343.11656020,0
2025-10-22 01:15:00,108403.42,108403.42,108024.84,108077.99,102.50563,1761095879999,11089786.13488810,19052,39.06606000,4225578.41573760,0
2025-10-22 01:18:00,108078.0,108166.54,108049.19,108115.79,73.93038,1761096059999,7992538.06180310,14111,56.35597000,6092655.00118480,0
2025-10-22 01:21:00,108115.8,108283.0,108080.0,108238.51,101.02958,1761096239999,10930780.32993200,14191,78.09487000,8449604.75503010,0
2025-10-22 01:24:00,108238.52,108286.98,108226.49,108286.98,145.01249,1761096419999,15697796.79808920,9672,33.18198000,3592062.88562490,0
2025-10-22 01:27:00,108287.34,108288.0,108160.0,108160.01,56.47693,1761096599999,6112015.74582160,7899,19.19515000,2077425.28565720,0
2025-10-22 01:30:00,108160.0,108160.0,108026.34,108026.35,112.47676,1761096779999,12155458.43799140,11768,64.01283000,6917767.96251360,0
2025-10-22 01:33:00,108026.35,108146.0,108026.35,108146.0,33.39234,1761096959999,3608805.33970750,13487,21.14207000,2284755.99602260,0
2025-10-22 01:36:00,108145.99,108245.99,108136.92,108198.91,34.19604,1761097139999,3700217.35313420,12460,24.48852000,2649793.15301740,0
2025-10-22 01:39:00,108198.9,108237.55,108109.1,108109.1,27.7024,1761097319999,2997134.13350330,9334,20.24089000,2189935.25476560,0
2025-10-22 01:42:00,108109.11,108276.0,108109.11,108259.38,10.76814,1761097499999,1165150.13353520,6568,7.16209000,774976.02337620,0
2025-10-22 01:45:00,108259.38,108327.0,108233.31,108291.98,63.12824,1761097679999,6834392.81319870,6977,27.29687000,2955313.12623490,0
2025-10-22 01:48:00,108291.98,108292.0,108136.91,108228.9,41.62219,1761097859999,4504407.12664750,12754,20.79540000,2250336.70190480,0
2025-10-22 01:51:00,108228.9,108294.85,108211.74,108278.17,41.612,1761098039999,4504347.33031780,5659,34.43002000,3726858.46661790,0
2025-10-22 01:54:00,108278.16,108400.0,108244.87,108400.0,32.43025,1761098219999,3512742.10821000,10060,23.74065000,2571601.18788110,0
2025-10-22 01:57:00,108400.0,108460.02,108330.0,108364.21,66.93402,1761098399999,7253974.49671570,11586,29.38351000,3184502.88621700,0
2025-10-22 02:00:00,108364.22,108423.31,108334.89,108395.43,46.66722,1761098579999,5058159.69857540,10239,37.17339000,4029021.62167380,0
2025-10-22 02:03:00,108395.43,108466.66,108359.84,108390.9,48.42115,1761098759999,5249097.24978490,10784,28.13790000,3050145.39389380,0
2025-10-22 02:06:00,108390.9,108478.0,108370.0,108478.0,18.49098,1761098939999,2004701.64147980,8381,13.84863000,1501375.75630730,0
2025-10-22 02:09:00,108478.0,108529.98,108455.62,108493.97,19.24386,1761099119999,2087912.73508940,12400,7.98473000,866314.05038870,0
2025-10-22 02:12:00,108493.97,108678.21,108478.85,108663.01,43.34523,1761099299999,4707066.25454020,11038,31.71489000,3444083.14171790,0
2025-10-22 02:15:00,108663.01,108676.83,108520.5,108520.5,22.19257,1761099479999,2410083.69336780,6947,4.92960000,535350.53890640,0
2025-10-22 02:18:00,108520.5,108575.27,108491.59,108520.01,28.39263,1761099659999,3081359.59022220,8271,11.16810000,1212067.09470720,0
2025-10-22 02:21:00,108520.0,108551.45,108462.21,108512.24,42.36719,1761099839999,4597107.47770100,9608,18.82806000,2043112.77208720,0
2025-10-22 02:24:00,108512.24,108522.96,108478.77,108480.0,23.34729,1761100019999,2533145.74498290,4435,6.95917000,754967.54738410,0
2025-10-22 02:27:00,108479.99,108582.22,108475.54,108582.22,12.72557,1761100199999,1380863.35731490,5457,8.35649000,906783.31864130,0
2025-10-22 02:30:00,108582.22,108584.93,108450.0,108450.01,21.14012,1761100379999,2293432.47187620,8287,4.16832000,452206.93622290,0
2025-10-22 02:33:00,108450.01,108491.07,108428.36,108450.96,24.65668,1761100559999,2674080.09525550,6922,6.14072000,665957.99524750,0
2025-10-22 02:36:00,108450.95,108450.96,108333.0,108346.1,52.15052,1761100739999,5652666.43765860,7825,15.81327000,1714093.06960170,0
2025-10-22 02:39:00,108346.1,108348.83,108290.99,108294.93,36.41741,1761100919999,3944977.89485800,3751,8.67786000,940020.26172880,0
2025-10-22 02:42:00,108294.93,108324.84,108284.11,108301.72,33.77452,1761101099999,3658027.26847430,4351,6.37903000,690894.44747180,0
2025-10-22 02:45:00,108301.72,108301.72,108221.15,108291.96,48.19192,1761101279999,5216910.67598110,9634,20.02352000,2167467.33183230,0
2025-10-22 02:48:00,108291.97,108326.56,108246.0,108274.45,30.81238,1761101459999,3336651.41430970,5721,12.29130000,1331031.82652230,0
2025-10-22 02:51:00,108274.45,108351.31,108251.09,108319.22,41.96372,1761101639999,4544609.02455920,7449,23.26441000,2519456.19980310,0
2025-10-22 02:54:00,108319.23,108348.0,108272.53,108284.59,27.17589,1761101819999,2943401.83085870,5750,8.50609000,921259.57979950,0
2025-10-22 02:57:00,108284.59,108330.25,108198.85,108198.85,78.18138,1761101999999,8464222.78788540,9970,10.25347000,1110273.31197410,0
2025-10-22 03:00:00,108198.85,108216.51,108145.09,108169.73,138.43586,1761102179999,14974626.22298930,10770,58.98040000,6379673.34207530,0
2025-10-22 03:03:00,108169.74,108219.12,108142.94,108205.68,28.79752,1761102359999,3115008.36169650,6938,10.16354000,1099353.88561040,0
2025-10-22 03:06:00,108205.67,108207.55,108172.07,108207.54,21.97835,1761102539999,2377778.98093520,5277,8.68940000,940089.24251930,0
2025-10-22 03:09:00,108207.54,108216.5,108150.39,108194.45,81.97682,1761102719999,8867978.31327090,6413,46.91922000,5075374.59321200,0
2025-10-22 03:12:00,108194.46,108194.46,108000.0,108017.5,84.85267,1761102899999,9170960.46551540,10738,20.18524000,2181973.13671530,0
2025-10-22 03:15:00,108017.5,108102.81,107967.31,108006.55,52.00932,1761103079999,5618663.84071490,12015,20.88292000,2255832.89594910,0
2025-10-22 03:18:00,108006.55,108019.04,107860.92,107924.95,126.60021,1761103259999,13664361.33020260,13634,38.29251000,4132757.36700370,0
2025-10-22 03:21:00,107924.95,107956.74,107860.92,107901.36,45.33739,1761103439999,4892010.75141880,7395,16.65742000,1797346.46483900,0
2025-10-22 03:24:00,107901.36,108087.65,107889.99,107978.4,57.46183,1761103619999,6204927.31089010,10856,26.04604000,2812178.29626340,0
2025-10-22 03:27:00,107978.39,108207.04,107969.06,108154.07,59.83327,1761103799999,6467029.63026550,9421,42.29718000,4571030.62270640,0
2025-10-22 03:30:00,108154.07,108209.01,108149.99,108171.53,35.83187,1761103979999,3876361.35205720,4923,17.23884000,1864997.33566970,0
2025-10-22 03:33:00,108171.52,108178.36,108055.26,108070.95,26.21397,1761104159999,2834074.68928730,8556,10.02647000,1084104.04354450,0
2025-10-22 03:36:00,108070.96,108160.0,108039.15,108039.16,86.03606,1761104339999,9298934.26525350,8131,27.83138000,3008733.77065950,0
2025-10-22 03:39:00,108039.15,108039.16,107968.23,108000.0,35.75255,1761104519999,3861298.67729960,7037,11.70700000,1264284.01151710,0
2025-10-22 03:42:00,108000.0,108044.8,107999.99,108031.17,20.65749,1761104699999,2231676.64026810,3141,4.15333000,448649.21264110,0
2025-10-22 03:45:00,108031.17,108046.48,107997.48,108018.69,23.26965,1761104879999,2513842.63326960,5440,5.47040000,590977.62937650,0
2025-10-22 03:48:00,108018.69,108114.02,108011.25,108103.02,72.8665,1761105059999,7873483.62691650,5118,52.85205000,5710736.91895340,0
2025-10-22 03:51:00,108103.03,108183.33,108100.01,108114.31,40.24432,1761105239999,4352180.63062850,8015,24.29715000,2627379.13992580,0
2025-10-22 03:54:00,108114.32,108165.26,108069.24,108155.83,50.32804,1761105419999,5442432.67184170,6234,23.41781000,2532245.67933610,0
2025-10-22 03:57:00,108155.83,108216.03,108138.94,108216.02,32.5533,1761105599999,3521957.18233880,4030,23.60482000,2553854.34546980,0
2025-10-22 04:00:00,108216.03,108216.03,108162.09,108198.17,20.27623,1761105779999,2193647.72869440,6225,8.76534000,948280.74483510,0
2025-10-22 04:03:00,108198.17,108324.2,108198.17,108310.05,49.13807,1761105959999,5320520.64269590,6462,34.44646000,3729452.35941470,0
2025-10-22 04:06:00,108310.05,108434.99,108310.05,108434.98,21.57769,1761106139999,2338379.69532980,5392,18.33259000,1986697.00455560,0
2025-10-22 04:09:00,108434.99,108490.21,108399.91,108431.75,36.50958,1761106319999,3959066.54514940,8390,21.43535000,2324490.60509800,0
2025-10-22 04:12:00,108431.74,108458.0,108382.0,108454.02,15.7807,1761106499999,1710890.60183910,6430,9.24514000,1002358.54972370,0
2025-10-22 04:15:00,108454.02,108500.0,108422.05,108479.96,32.49062,1761106679999,3524398.13031560,7742,19.80754000,2148634.35303860,0
2025-10-22 04:18:00,108479.97,108541.76,108424.43,108432.37,35.77782,1761106859999,3881578.51893390,9179,18.73897000,2033192.70545390,0
2025-10-22 04:21:00,108432.37,108461.31,108415.63,108426.0,17.3064,1761107039999,1876687.99648810,4221,12.44598000,1349629.55748080,0
2025-10-22 04:24:00,108426.0,108454.46,108382.45,108382.45,29.1219,1761107219999,3157148.11069190,5487,13.70910000,1486254.96975760,0
2025-10-22 04:27:00,108382.46,108395.65,108382.42,108382.42,10.6338,1761107399999,1152555.93415510,2525,4.33718000,470088.05199160,0
2025-10-22 04:30:00,108382.42,108431.13,108362.91,108403.0,28.63369,1761107579999,3103864.82916690,5712,12.12951000,1314769.81231340,0
2025-10-22 04:33:00,108403.01,108500.2,108403.01,108477.99,26.42904,1761107759999,2866442.08728360,4770,21.17478000,2296441.26589340,0
2025-10-22 04:36:00,108477.99,108560.06,108464.08,108560.06,51.4505,1761107939999,5583239.69725120,7279,39.38859000,4274238.16712490,0
2025-10-22 04:39:00,108560.05,108560.06,108436.78,108436.78,15.06588,1761108119999,1634705.47842540,4090,8.29811000,900416.83391120,0
2025-10-22 04:42:00,108436.78,108505.17,108430.78,108491.06,24.06389,1761108299999,2610592.57874010,4641,9.27345000,1005919.72037270,0
2025-10-22 04:45:00,108491.06,108557.99,108474.99,108557.98,55.76889,1761108479999,6050951.02526710,4643,10.62270000,1152642.66044400,0
2025-10-22 04:48:00,108557.98,108615.88,108522.22,108522.22,54.95573,1761108659999,5967063.97721070,8538,27.50350000,2986545.68948560,0
2025-10-22 04:51:00,108522.22,108537.99,108490.74,108537.99,29.80428,1761108839999,3233977.43565840,5092,20.75778000,2252312.78183950,0
2025-10-22 04:54:00,108537.99,108598.0,108537.98,108589.05,92.74574,1761109019999,10069496.27557000,6754,31.48576000,3418172.79840670,0
2025-10-22 04:57:00,108589.04,108635.92,108570.59,108625.6,48.92232,1761109199999,5313663.34080590,6159,12.66296000,1375299.78226890,0
2025-10-22 05:00:00,108625.61,108625.61,108504.0,108598.68,78.79231,1761109379999,8555888.53121150,6527,12.29202000,1334181.40018940,0
2025-10-22 05:03:00,108598.67,108638.99,108533.52,108533.53,35.44854,1761109559999,3849811.43786590,8208,17.14584000,1862136.56590860,0
2025-10-22 05:06:00,108533.52,108533.53,108375.42,108400.46,65.75494,1761109739999,7130682.85523490,7899,15.83854000,1717460.19261380,0
2025-10-22 05:09:00,108400.46,108433.0,108366.42,108405.37,70.26187,1761109919999,7616568.22759660,5288,21.10859000,2288196.85151800,0
2025-10-22 05:12:00,108405.38,108470.0,108338.22,108353.39,91.38336,1761110099999,9905751.90113320,8169,48.06065000,5210467.61642640,0
2025-10-22 05:15:00,108353.39,108378.67,108326.55,108362.69,27.15738,1761110279999,2942584.24815320,6843,7.82141000,847465.32912420,0
2025-10-22 05:18:00,108362.69,108362.7,108238.44,108238.44,29.19736,1761110459999,3161642.79774200,6909,7.16383000,775825.37557030,0
2025-10-22 05:21:00,108238.45,108286.43,108160.02,108170.09,55.01083,1761110639999,5953035.66353810,13422,25.35497000,2743838.22974750,0
2025-10-22 05:24:00,108170.08,108170.09,107952.38,107972.86,82.73434,1761110819999,8939733.84451370,15570,20.20829000,2183500.88206600,0
2025-10-22 05:27:00,107972.86,108095.5,107945.5,108053.72,38.80664,1761110999999,4192493.85089810,12283,16.06289000,1735290.07396120,0
2025-10-22 05:30:00,108053.72,108116.0,107964.58,108042.57,144.97964,1761111179999,15662266.11150260,15307,102.00407000,11018781.91119450,0
2025-10-22 05:33:00,108042.57,108042.57,107955.12,107955.13,99.83435,1761111359999,10781824.49029960,8209,41.89588000,4524665.73877910,0
2025-10-22 05:36:00,107955.12,107974.99,107886.12,107890.95,140.80371,1761111539999,15194237.46149230,9759,82.74057000,8928125.63750960,0
2025-10-22 05:39:00,107890.94,108000.0,107879.93,107985.69,84.64795,1761111719999,9136398.34087240,7613,60.22884000,6500474.29053170,0
2025-10-22 05:42:00,107985.7,108016.0,107925.95,107945.35,108.65725,1761111899999,11732765.78759290,6255,69.84892000,7542553.81606600,0
2025-10-22 05:45:00,107945.35,107986.56,107920.9,107986.56,79.11165,1761112079999,8539298.68950360,6473,55.31456000,5970558.14239670,0
2025-10-22 05:48:00,107986.56,108170.0,107986.55,108128.79,88.42394,1761112259999,9556691.49451150,11387,62.98306000,6805644.58181910,0
2025-10-22 05:51:00,108128.79,108196.3,108127.79,108155.53,45.31674,1761112439999,4901759.71193390,6100,19.90407000,2152874.06612510,0
2025-10-22 05:54:00,108155.53,108155.54,108049.8,108099.98,29.1765,1761112619999,3153672.64235550,8827,8.74848000,945599.94731370,0
2025-10-22 05:57:00,108099.97,108174.99,108099.97,108166.81,38.94281,1761112799999,4211717.38933430,4274,25.32595000,2738913.85535780,0
2025-10-22 06:00:00,108166.82,108166.82,108094.2,108158.92,32.91999,1761112979999,3559526.42457830,8950,17.19665000,1859372.95446020,0
2025-10-22 06:03:00,108158.92,108167.67,108058.79,108074.99,25.65385,1761113159999,2773146.21997560,7931,6.82130000,737333.57054040,0
2025-10-22 06:06:00,108075.0,108107.34,108049.8,108049.8,35.00711,1761113339999,3783508.57141020,4416,27.73941000,2997978.00565200,0
2025-10-22 06:09:00,108049.8,108081.09,108026.07,108081.08,25.50839,1761113519999,2756399.24208300,4553,14.62470000,1580309.73210010,0
2025-10-22 06:12:00,108081.08,108131.89,108078.31,108131.88,18.24975,1761113699999,1972784.64109170,3375,7.28285000,787285.77934040,0
2025-10-22 06:15:00,108131.89,108160.0,108102.69,108102.7,28.21387,1761113879999,3050929.07859410,4853,13.19426000,1426768.52954330,0
2025-10-22 06:18:00,108102.69,108162.26,108060.0,108141.63,21.57086,1761114059999,2331791.97776570,6902,8.87729000,959640.31466240,0
2025-10-22 06:21:00,108141.63,108193.55,108062.0,108193.53,81.74222,1761114239999,8838494.35414920,5537,56.84472000,6146577.90077850,0
2025-10-22 06:24:00,108193.53,108331.75,108193.53,108322.71,40.946,1761114419999,4433551.85026460,9917,28.34386000,3068904.73280490,0
2025-10-22 06:27:00,108322.7,108322.71,108176.4,108245.79,49.59022,1761114599999,5368894.73801310,9591,19.22189000,2080794.48739890,0
2025-10-22 06:30:00,108245.78,108291.7,108202.01,108256.86,19.53318,1761114779999,2114319.87737090,8353,9.77486000,1058017.47673300,0
2025-10-22 06:33:00,108256.86,108258.4,108187.79,108193.69,28.0464,1761114959999,3035666.75102540,8973,9.33247000,1010119.28940070,0
2025-10-22 06:36:00,108193.7,108279.85,108157.16,108266.34,18.42526,1761115139999,1993977.99222970,12695,9.90860000,1072277.11479240,0
2025-10-22 06:39:00,108266.34,108266.34,107945.51,108096.0,82.4244,1761115319999,8909376.18827680,10787,18.11097000,1956818.72863970,0
2025-10-22 06:42:00,108095.99,108118.71,107948.37,108026.05,44.77652,1761115499999,4836653.21313790,6693,13.12887000,1418058.51410780,0
2025-10-22 06:45:00,108026.05,108076.0,107998.86,108055.59,31.77835,1761115679999,3433051.43738610,7452,14.11717000,1525103.78776310,0
2025-10-22 06:48:00,108055.58,108078.02,108030.0,108030.0,18.65915,1761115859999,2016397.77961370,5787,3.94169000,425958.69902240,0
2025-10-22 06:51:00,108030.0,108049.8,107973.49,107986.01,19.01636,1761116039999,2053889.65248120,6645,5.36744000,579685.36937050,0
2025-10-22 06:54:00,107986.0,108016.96,107945.5,108016.93,35.86491,1761116219999,3872810.28837600,6144,22.75049000,2456679.17792980,0
2025-10-22 06:57:00,108016.93,108032.45,107980.01,107980.02,17.32998,1761116399999,1871956.03223960,5779,5.57094000,601751.43304730,0
2025-10-22 07:00:00,107980.02,108013.0,107980.01,107987.33,15.44181,1761116579999,1667631.92448310,4469,6.84305000,738971.10969450,0
2025-10-22 07:03:00,107987.32,107989.63,107834.59,107834.59,73.6393,1761116759999,7947309.58086970,8503,15.55374000,1678548.59420600,0
2025-10-22 07:06:00,107834.6,107834.6,107631.1,107653.7,158.05417,1761116939999,17026767.08460120,19540,46.30491000,4987474.19435330,0
2025-10-22 07:09:00,107653.69,107759.1,107653.69,107732.7,31.10576,1761117119999,3350460.84410270,8092,15.12637000,1629151.94680100,0
2025-10-22 07:12:00,107732.71,107772.96,107610.0,107613.76,33.40176,1761117299999,3597135.48821850,11012,12.20358000,1314386.26797630,0
2025-10-22 07:15:00,107613.75,107837.98,107612.08,107763.93,106.30793,1761117479999,11451748.00651690,13236,76.71244000,8263269.46444550,0
2025-10-22 07:18:00,107763.93,107896.19,107721.79,107886.5,42.58046,1761117659999,4591950.75145250,9623,27.06881000,2918949.27594940,0
2025-10-22 07:21:00,107886.5,107887.28,107802.51,107887.28,12.17534,1761117839999,1313192.98754320,6922,4.01200000,432710.37935400,0
2025-10-22 07:24:00,107887.28,107973.65,107860.69,107891.03,28.05008,1761118019999,3026952.73132210,6125,17.86305000,1927579.15463280,0
2025-10-22 07:27:00,107891.02,107988.63,107891.02,107988.62,33.89533,1761118199999,3658983.62467990,7198,26.51080000,2861729.55053870,0
2025-10-22 07:30:00,107988.63,108076.92,107967.58,107972.75,80.73919,1761118379999,8720049.16549530,7925,61.82979000,6677706.07649010,0
2025-10-22 07:33:00,107972.75,108049.46,107962.06,108042.89,12.79815,1761118559999,1382078.70551080,4810,6.21515000,671184.24137970,0
2025-10-22 07:36:00,108042.9,108088.23,108027.99,108072.82,15.93558,1761118739999,1721942.98527530,5608,8.54559000,923374.74388610,0
2025-10-22 07:39:00,108072.82,108290.92,108072.81,108290.92,84.94562,1761118919999,9191477.55863180,14517,46.28900000,5008033.08749440,0
2025-10-22 07:42:00,108290.92,108290.92,108149.99,108158.14,112.66149,1761119099999,12188616.23851920,12397,35.32500000,3821366.63413100,0
2025-10-22 07:45:00,108158.15,108158.15,108086.53,108100.0,88.94117,1761119279999,9617082.66585760,8043,13.12495000,1419071.00031430,0
2025-10-22 07:48:00,108100.01,108255.28,108077.02,108185.48,70.47183,1761119459999,7620758.37310620,8088,33.01752000,3570626.88423670,0
2025-10-22 07:51:00,108185.49,108286.41,108185.48,108258.29,27.77516,1761119639999,3006888.70614480,6280,19.85873000,2149827.64054660,0
2025-10-22 07:54:00,108258.3,108273.69,108192.01,108227.92,20.29907,1761119819999,2197103.05267420,5567,8.41383000,910696.07413120,0
2025-10-22 07:57:00,108227.91,108321.64,108225.15,108321.63,27.78879,1761119999999,3008730.22494020,5611,20.19925000,2187052.71879580,0
2025-10-22 08:00:00,108321.64,108321.64,108218.0,108234.3,15.44756,1761120179999,1672342.83233910,5233,5.31620000,575450.72646800,0
2025-10-22 08:03:00,108234.29,108254.28,108182.94,108227.08,15.4693,1761120359999,1674164.37293150,5108,7.07319000,765410.28057860,0
2025-10-22 08:06:00,108227.08,108254.27,108218.67,108223.02,9.67359,1761120539999,1047037.10325040,2888,5.45904000,590859.54599400,0
2025-10-22 08:09:00,108223.02,108232.89,108154.1,108188.69,11.78304,1761120719999,1274814.90420470,6285,5.90902000,639265.02413860,0
2025-10-22 08:12:00,108188.69,108236.81,108084.72,108096.24,14.57346,1761120899999,1576087.07848330,6328,6.40947000,693179.27066870,0
2025-10-22 08:15:00,108096.25,108197.14,108079.86,108197.14,35.93886,1761121079999,3884636.08237930,4148,33.32780000,3602334.03792690,0
2025-10-22 08:18:00,108197.14,108197.14,108109.31,108109.32,17.98704,1761121259999,1945105.26775440,5512,5.39006000,582772.83615940,0
2025-10-22 08:21:00,108109.32,108150.0,108094.16,108149.99,28.14102,1761121439999,3042372.73373600,6319,7.71828000,834430.56407390,0
2025-10-22 08:24:00,108149.99,108274.45,108139.15,108265.66,24.09618,1761121619999,2606740.16294110,5814,18.88741000,2043143.16677010,0
2025-10-22 08:27:00,108265.66,108351.57,108246.95,108258.41,24.66724,1761121799999,2671694.42789770,6481,10.99621000,1190946.23153610,0
2025-10-22 08:30:00,108258.42,108275.87,108201.77,108263.95,103.71201,1761121979999,11226372.25875000,7888,86.70644000,9385530.81256000,0
2025-10-22 08:33:00,108263.96,108263.96,108136.21,108243.27,54.32449,1761122159999,5879294.83295260,9530,41.29375000,4469167.85454510,0
2025-10-22 08:36:00,108243.28,108274.45,108193.72,108223.23,17.64598,1761122339999,1909847.71661030,6706,8.52882000,923027.31087800,0
2025-10-22 08:39:00,108223.23,108230.22,108182.37,108222.22,12.55017,1761122519999,1357923.47507370,2773,6.73463000,728658.38746940,0
2025-10-22 08:42:00,108222.23,108310.0,108222.22,108309.02,19.59577,1761122699999,2121788.61375210,6941,12.31481000,1333310.57909110,0
2025-10-22 08:45:00,108309.02,108358.76,108237.15,108237.16,19.33989,1761122879999,2095029.59113920,5109,10.98431000,1189998.62853380,0
2025-10-22 08:48:00,108237.15,108247.58,108207.78,108247.57,16.30474,1761123059999,1764529.26848980,3982,7.43451000,804563.81706020,0
2025-10-22 08:51:00,108247.58,108258.4,108189.19,108217.92,49.94944,1761123239999,5406093.26607180,5766,27.48505000,2974564.89296170,0
2025-10-22 08:54:00,108217.93,108293.27,108217.92,108293.27,7.92113,1761123419999,857458.19253780,3134,4.59120000,497007.64024610,0
2025-10-22 08:57:00,108293.26,108297.55,108210.5,108229.3,6.54078,1761123599999,707988.12986270,2968,2.10015000,227297.18355370,0
2025-10-22 09:00:00,108229.3,108272.43,108224.17,108229.5,9.06575,1761123779999,981317.10028940,4302,5.84185000,632324.24496560,0
2025-10-22 09:03:00,108229.5,108254.26,108142.04,108142.05,41.09115,1761123959999,4447297.78534880,5672,6.51871000,705470.21365740,0
2025-10-22 09:06:00,108142.04,108142.06,108005.0,108086.3,52.19075,1761124139999,5640147.31994760,8820,18.81927000,2033577.48960290,0
2025-10-22 09:09:00,108086.3,108141.05,108060.58,108077.56,9.30579,1761124319999,1005891.22793270,4192,4.17813000,451570.99460020,0
2025-10-22 09:12:00,108077.57,108077.57,108000.0,108000.0,24.10927,1761124499999,2604106.49166490,4377,3.91499000,422834.88756160,0
2025-10-22 09:15:00,108000.0,108077.57,108000.0,108000.12,15.4231,1761124679999,1666150.63534390,5306,8.36278000,903412.02563130,0
2025-10-22 09:18:00,108000.12,108022.26,107871.35,107897.21,45.16455,1761124859999,4874766.41093180,8498,16.22882000,1751416.21163440,0
2025-10-22 09:21:00,107897.22,108067.98,107864.62,108031.24,18.93183,1761125039999,2044354.10331130,8189,13.20736000,1426406.98700920,0
2025-10-22 09:24:00,108031.24,108128.26,108014.3,108029.3,37.88862,1761125219999,4095226.51435550,8118,25.42434000,2748268.74451470,0
2025-10-22 09:27:00,108029.3,108204.32,108016.2,108202.36,24.88724,1761125399999,2691063.11128420,6706,17.87055000,1932363.74607650,0
2025-10-22 09:30:00,108202.36,108274.43,108173.58,108257.66,31.87001,1761125579999,3449041.43133870,7066,16.57516000,1793732.12348060,0
2025-10-22 09:33:00,108257.67,108257.67,108174.01,108195.09,16.39223,1761125759999,1773751.61600800,4315,6.82536000,738497.15839640,0
2025-10-22 09:36:00,108195.09,108236.26,108112.58,108138.87,15.15012,1761125939999,1638825.23941910,6274,8.01938000,867465.35571730,0
2025-10-22 09:39:00,108138.86,108138.87,107945.51,107945.52,55.6595,1761126119999,6014139.43777580,7586,11.01679000,1190463.38019460,0
2025-10-22 09:42:00,107945.51,107945.63,107864.09,107864.09,30.88123,1761126299999,3331996.88853940,5660,5.52213000,595872.88057860,0
2025-10-22 09:45:00,107864.09,107917.41,107773.89,107917.4,46.66509,1761126479999,5032053.89741650,10138,17.68557000,1907164.84421490,0
2025-10-22 09:48:00,107917.41,107917.41,107862.09,107912.68,15.98338,1761126659999,1724355.35628560,4929,8.63139000,931115.64785400,0
2025-10-22 09:51:00,107912.67,108101.99,107912.67,107996.22,29.75888,1761126839999,3214259.98292580,9957,21.70532000,2344123.67700680,0
2025-10-22 09:54:00,107996.21,108077.85,107967.05,107978.22,24.34203,1761127019999,2629274.34257530,8171,12.16853000,1314358.18800630,0
2025-10-22 09:57:00,107978.22,108006.3,107945.5,107963.13,12.54985,1761127199999,1355156.42293250,3521,5.23485000,565263.61478950,0
2025-10-22 10:00:00,107963.12,107979.53,107851.98,107947.42,20.02429,1761127379999,2160833.91780860,8394,10.86303000,1172206.07060640,0
2025-10-22 10:03:00,107947.42,108042.31,107928.61,108017.77,26.16757,1761127559999,2825933.84604400,7285,10.55207000,1139441.30203970,0
2025-10-22 10:06:00,108017.77,108101.63,107918.54,107980.01,29.80858,1761127739999,3220083.60236110,8580,14.66700000,1584373.04054380,0
2025-10-22 10:09:00,107980.0,107988.28,107932.02,107957.43,31.92529,1761127919999,3446593.63435300,6407,19.10926000,2062961.07247140,0
2025-10-22 10:12:00,107957.44,107968.2,107920.36,107954.55,10.80034,1761128099999,1165722.68566500,5614,6.15554000,664390.94236660,0
2025-10-22 10:15:00,107954.55,108114.8,107954.55,108081.85,41.41657,1761128279999,4474315.37575590,11380,28.58933000,3088196.47560560,0
2025-10-22 10:18:00,108081.85,108081.85,108000.04,108053.05,12.76941,1761128459999,1379510.33085330,6833,8.15978000,881509.25299890,0
2025-10-22 10:21:00,108053.05,108053.05,107966.49,107966.49,7.10567,1761128639999,767495.85787820,3168,1.50038000,162032.09359370,0
2025-10-22 10:24:00,107966.5,107966.5,107841.2,107841.21,18.74341,1761128819999,2022195.65392720,5329,6.48717000,699940.38581050,0
2025-10-22 10:27:00,107841.21,107969.92,107841.2,107941.48,30.50757,1761128999999,3292670.35533490,7198,17.72220000,1912456.25261030,0
2025-10-22 10:30:00,107941.47,107990.81,107924.0,107983.99,15.15722,1761129179999,1636373.65789780,5245,6.39116000,689915.00624710,0
2025-10-22 10:33:00,107983.98,107990.84,107945.85,107960.0,10.35402,1761129359999,1117937.94808160,3906,3.49180000,377013.31937150,0
2025-10-22 10:36:00,107960.01,107990.85,107868.3,107868.31,19.54956,1761129539999,2109970.15600190,7603,4.19141000,452459.34292550,0
2025-10-22 10:39:00,107868.31,107938.31,107848.43,107850.38,13.28104,1761129719999,1432858.11372430,9535,8.55052000,922486.39960440,0
2025-10-22 10:42:00,107850.38,107856.45,107827.65,107844.83,33.61354,1761129899999,3625011.99940080,4923,13.01538000,1403644.71984880,0
2025-10-22 10:45:00,107844.83,107844.83,107749.93,107756.41,27.93461,1761130079999,3011197.49089830,5300,10.88364000,1173077.67313330,0
2025-10-22 10:48:00,107756.41,107801.82,107712.93,107712.93,17.59109,1761130259999,1895536.73315000,6238,8.55398000,921768.21651610,0
2025-10-22 10:51:00,107712.94,107814.03,107688.0,107772.53,22.57943,1761130439999,2432539.12832340,10115,8.76596000,944399.46647550,0
2025-10-22 10:54:00,107772.53,107772.53,107680.0,107695.76,44.40228,1761130619999,4782576.23446720,4031,9.24430000,995520.45244960,0
2025-10-22 10:57:00,107695.75,107707.81,107650.0,107657.98,63.27313,1761130799999,6813215.91945140,7729,35.36207000,3807732.51176630,0
2025-10-22 11:00:00,107657.98,107746.43,107522.87,107630.4,170.54884,1761130979999,18353853.43702600,14718,63.86309000,6871601.92374210,0
2025-10-22 11:03:00,107630.4,107659.34,106708.18,107426.18,696.65352,1761131159999,74643297.52302650,52367,272.05305000,29144534.59084520,0
2025-10-22 11:06:00,107426.18,107469.0,107232.26,107345.83,199.72436,1761131339999,21440128.84005210,28305,97.51598000,10467452.83795110,0
2025-10-22 11:09:00,107345.82,107749.99,107297.03,107702.8,126.32445,1761131519999,13578578.22464590,26251,69.25972000,7443442.03713390,0
2025-10-22 11:12:00,107702.81,107982.71,107660.02,107966.45,207.91042,1761131699999,22417864.00271280,27115,157.92799000,17027415.25938180,0
2025-10-22 11:15:00,107966.46,107966.46,107783.16,107816.08,59.93568,1761131879999,6464229.37133180,17030,21.39612000,2307438.78065940,0
2025-10-22 11:18:00,107816.09,108187.49,107816.09,108160.24,114.85086,1761132059999,12409798.92617980,22614,69.47749000,7506876.59865270,0
2025-10-22 11:21:00,108160.24,108207.99,107932.84,107947.07,125.77513,1761132239999,13593651.14074810,23750,49.96276000,5399847.14488320,0
2025-10-22 11:24:00,107947.08,108036.42,107828.28,107861.86,131.57027,1761132419999,14201449.45784530,16427,66.65316000,7195805.47086230,0
2025-10-22 11:27:00,107861.86,107907.23,107810.83,107819.8,40.43739,1761132599999,4361545.91578910,10727,9.76576000,1053295.13506290,0
2025-10-22 11:30:00,107819.81,107980.37,107819.81,107853.02,97.17279,1761132779999,10484872.03552070,15615,55.43711000,5981215.92931470,0
2025-10-22 11:33:00,107853.02,107882.01,107769.7,107779.02,29.47429,1761132959999,3178193.40971990,9413,8.70249000,938373.75841900,0
2025-10-22 11:36:00,107779.01,107980.37,107779.01,107949.43,32.40179,1761133139999,3496207.78758600,11317,16.01823000,1728407.34597600,0
2025-10-22 11:39:00,107949.43,107988.36,107851.87,107873.98,33.7968,1761133319999,3648258.88677000,7482,14.10657000,1522661.05942570,0
2025-10-22 11:42:00,107873.98,107873.99,107698.0,107725.59,38.64654,1761133499999,4164543.58767370,10281,11.43899000,1232539.75013360,0
2025-10-22 11:45:00,107725.59,107736.75,107516.0,107619.34,66.73585,1761133679999,7183306.95183410,13626,21.27535000,2289654.21182620,0
2025-10-22 11:48:00,107619.33,107638.58,107386.04,107387.29,129.79602,1761133859999,13951813.51038810,13589,73.23395000,7872436.40694010,0
2025-10-22 11:51:00,107387.29,107435.99,107342.0,107410.41,61.0093,1761134039999,6551405.54032590,12719,22.61123000,2428162.25339020,0
2025-10-22 11:54:00,107410.41,107598.0,107410.4,107549.39,66.16447,1761134219999,7113656.20149670,13375,34.36595000,3694794.34659090,0
2025-10-22 11:57:00,107549.38,107580.0,107507.31,107555.05,23.75441,1761134399999,2554601.04319160,5475,14.81673000,1593442.85806890,0
2025-10-22 12:00:00,107555.04,107694.0,107503.63,107590.79,37.33713,1761134579999,4017275.46315250,15197,20.60877000,2217380.01485990,0
2025-10-22 12:03:00,107590.79,107599.93,107443.01,107518.65,28.64678,1761134759999,3079347.34237680,10517,10.96140000,1178263.27848050,0
2025-10-22 12:06:00,107518.66,107765.27,107518.65,107740.18,51.64565,1761134939999,5561661.09428980,13144,36.47250000,3927522.49876360,0
2025-10-22 12:09:00,107740.19,107762.93,107654.83,107747.41,24.06775,1761135119999,2592753.84919080,6896,16.17453000,1742467.20080360,0
2025-10-22 12:12:00,107747.42,107759.11,107647.03,107698.59,32.17469,1761135299999,3465550.99122480,6515,10.96054000,1180624.70106670,0
2025-10-22 12:15:00,107698.6,107952.41,107698.6,107949.71,69.46573,1761135479999,7491757.05673550,12168,53.20417000,5737822.63896900,0
2025-10-22 12:18:00,107949.71,108092.53,107919.92,107975.53,50.97826,1761135659999,5506105.84683260,15962,36.22547000,3912583.01855860,0
2025-10-22 12:21:00,107975.53,108018.37,107877.43,107893.3,34.76589,1761135839999,3752763.03729180,8906,10.84682000,1170612.38631830,0
2025-10-22 12:24:00,107893.3,108087.31,107893.29,108087.3,31.09263,1761136019999,3358078.79545820,11816,19.15831000,2069382.44793070,0
2025-10-22 12:27:00,108087.31,108119.35,107983.4,107983.4,65.86962,1761136199999,7118934.51794540,8143,26.15583000,2826788.41982870,0
2025-10-22 12:30:00,107983.41,108050.82,107927.61,107968.48,39.89024,1761136379999,4307784.17377910,7437,16.14743000,1743751.44131930,0
2025-10-22 12:33:00,107968.48,108049.29,107956.78,108049.26,23.40228,1761136559999,2527406.71655120,8012,12.11651000,1308321.80009960,0
2025-10-22 12:36:00,108049.26,108129.6,108049.25,108105.0,34.93098,1761136739999,3775651.78002710,10094,21.70419000,2345739.93654090,0
2025-10-22 12:39:00,108105.01,108265.02,108105.0,108200.01,52.82471,1761136919999,5715928.47565590,12048,39.43424000,4266914.87575160,0
2025-10-22 12:42:00,108200.0,108399.0,108162.14,108194.81,80.80198,1761137099999,8750313.13111950,21378,44.69688000,4840563.79823200,0
2025-10-22 12:45:00,108194.81,108194.81,108025.05,108044.57,60.77714,1761137279999,6569446.96601630,10821,15.32062000,1655805.67833760,0
2025-10-22 12:48:00,108044.57,108059.89,107953.2,107953.2,37.00116,1761137459999,3996758.47983240,4528,7.39496000,798760.24125170,0
2025-10-22 12:51:00,107953.21,108055.79,107953.2,108055.79,29.25496,1761137639999,3159776.21646940,10434,23.71674000,2561566.14995660,0
2025-10-22 12:54:00,108055.79,108108.71,108001.37,108009.35,30.83411,1761137819999,3332136.30429860,6310,14.98160000,1619067.70058700,0
2025-10-22 12:57:00,108009.35,108055.77,107999.02,108044.96,26.0006,1761137999999,2808536.24253410,7889,20.61758000,2226962.62807880,0
2025-10-22 13:00:00,108044.96,108117.7,108009.83,108009.83,19.71757,1761138179999,2130636.91298990,9146,11.35269000,1226683.79339930,0
2025-10-22 13:03:00,108009.84,108020.64,107936.17,107938.63,41.14812,1761138359999,4442833.32793410,10412,16.39672000,1770606.47065010,0
2025-10-22 13:06:00,107938.64,108027.37,107938.63,107988.1,25.1269,1761138539999,2713231.63160580,6276,12.76970000,1378817.20117100,0
2025-10-22 13:09:00,107988.11,108294.47,107988.1,108231.54,71.57522,1761138719999,7741250.59450800,14202,51.02902000,5517636.14891660,0
2025-10-22 13:12:00,108231.53,108411.89,108231.53,108338.27,99.31883,1761138899999,10760654.27494290,13723,77.50470000,8396923.38172820,0
2025-10-22 13:15:00,108338.27,108338.27,108224.0,108274.3,46.60532,1761139079999,5046486.60948060,10709,18.59953000,2013839.93858130,0
2025-10-22 13:18:00,108274.3,108345.0,108231.85,108231.85,21.55755,1761139259999,2335056.77459880,7555,12.33526000,1336097.93594900,0
2025-10-22 13:21:00,108231.0,108286.82,108188.86,108226.46,26.0661,1761139439999,2821092.48461640,9506,12.10310000,1309803.26949010,0
2025-10-22 13:24:00,108226.46,108255.22,108148.95,108198.99,44.95555,1761139619999,4864323.13058140,10039,19.91861000,2155031.82336840,0
2025-10-22 13:27:00,108198.98,108198.99,108080.93,108113.99,42.81398,1761139799999,4628849.91925510,6500,22.90142000,2475742.97499260,0
2025-10-22 13:30:00,108113.99,108129.72,107840.86,107840.86,100.40905,1761139979999,10842659.46247550,24090,35.72852000,3859148.19153330,0
2025-10-22 13:33:00,107840.86,107859.44,107630.39,107837.98,160.72371,1761140159999,17320795.16692310,30456,68.35484000,7365780.37698240,0
2025-10-22 13:36:00,107837.99,108384.1,107788.56,108363.26,175.39261,1761140339999,18962182.03030830,33229,117.48013000,12703509.82721100,0
2025-10-22 13:39:00,108363.26,108494.25,108119.18,108205.35,161.5121,1761140519999,17502107.19064240,30315,73.75036000,7993493.44956220,0
2025-10-22 13:42:00,108205.35,108233.29,108078.93,108080.53,52.86689,1761140699999,5717196.98799980,22773,17.63812000,1907362.70454980,0
2025-10-22 13:45:00,108081.64,108217.99,107826.58,108018.25,98.1815,1761140879999,10605384.63440640,27671,49.93010000,5393953.02638850,0
2025-10-22 13:48:00,108018.24,108018.25,107843.08,107920.01,62.9614,1761141059999,6795373.08731870,19567,25.31072000,2731318.74659290,0
2025-10-22 13:51:00,107920.0,108169.12,107800.0,108134.92,82.06755,1761141239999,8866169.60608760,21955,55.40920000,5986327.51329000,0
2025-10-22 13:54:00,108134.93,108388.0,108134.93,108340.83,132.72514,1761141419999,14370867.38838610,20546,106.39954000,11519848.70021030,0
2025-10-22 13:57:00,108340.82,109014.34,108291.5,108783.36,423.45077,1761141599999,46044263.86199030,39312,268.19474000,29157302.02395640,0
2025-10-22 14:00:00,108783.35,108807.17,108540.01,108549.9,178.44076,1761141779999,19391185.16928420,31194,103.46401000,11244210.60817780,0
2025-10-22 14:03:00,108549.89,108582.4,108154.93,108215.62,173.75469,1761141959999,18828311.22755170,29595,77.28279000,8374091.85289200,0
2025-10-22 14:06:00,108215.62,108448.47,108000.0,108374.84,151.03396,1761142139999,16348697.31998670,28448,92.86299000,10052639.23522810,0
2025-10-22 14:09:00,108374.85,108483.51,108233.16,108233.16,86.03508,1761142319999,9322782.66752740,16762,29.11162000,3153886.63402620,0
2025-10-22 14:12:00,108233.16,108255.0,108113.11,108177.91,52.20588,1761142499999,5647502.77889020,16511,18.31338000,1980957.41698950,0
2025-10-22 14:15:00,108177.91,108364.01,108080.32,108346.23,80.77187,1761142679999,8740246.33746480,21318,54.10054000,5854824.03026920,0
2025-10-22 14:18:00,108346.22,108346.23,108064.11,108131.55,90.70801,1761142859999,9811293.87809380,16984,38.85833000,4203163.87813160,0
2025-10-22 14:21:00,108131.0,108132.38,107632.0,107663.04,210.44723,1761143039999,22701299.14984370,26761,96.83545000,10449039.32055640,0
2025-10-22 14:24:00,107663.03,108268.47,107500.0,108093.68,364.09851,1761143219999,39260213.98960230,40169,203.94110000,21995132.50807590,0
2025-10-22 14:27:00,108093.69,108140.48,107767.54,107940.55,214.87088,1761143399999,23196340.68029070,30577,103.58278000,11183248.65333560,0
2025-10-22 14:30:00,107940.55,108022.89,107680.0,107936.86,226.94064,1761143579999,24468290.24965650,31792,147.22751000,15872167.67246200,0
2025-10-22 14:33:00,107936.86,108072.99,107851.99,107949.41,80.41085,1761143759999,8682607.96372460,30480,40.36252000,4358203.09323530,0
2025-10-22 14:36:00,107945.6,108150.0,107843.08,107950.97,91.04893,1761143939999,9834175.38188480,25051,46.00414000,4969816.43738720,0
2025-10-22 14:39:00,107950.97,108043.42,107840.71,107949.41,63.84083,1761144119999,6890627.14635460,23104,30.60390000,3303378.58211890,0
2025-10-22 14:42:00,107949.4,107972.01,107746.06,107805.55,99.15536,1761144299999,10690749.85182920,20450,29.81506000,3214310.32916270,0
2025-10-22 14:45:00,107805.56,108016.33,107656.0,107848.02,290.92068,1761144479999,31370589.21746240,32156,141.77367000,15287406.71470350,0
2025-10-22 14:48:00,107848.02,108155.99,107819.64,108155.99,157.28408,1761144659999,16985251.10054100,25016,63.10831000,6816433.52287030,0
2025-10-22 14:51:00,108155.99,108339.81,108028.0,108092.8,136.85497,1761144839999,14811887.43172630,25710,72.69597000,7867861.25014880,0
2025-10-22 14:54:00,108092.8,108614.23,108041.77,108560.64,201.85508,1761145019999,21861756.16129650,34545,118.37382000,12821231.50560670,0
2025-10-22 14:57:00,108560.64,108998.0,108508.02,108947.5,290.0394,1761145199999,31553164.66492420,32031,200.73608000,21838398.09681820,0
2025-10-22 15:00:00,108947.49,109158.06,108600.34,108823.53,268.04143,1761145379999,29197488.57343930,38769,142.97574000,15580302.58549850,0
2025-10-22 15:03:00,108823.53,108962.82,108752.0,108880.39,153.68722,1761145559999,16733785.09664860,24996,80.40645000,8754026.74900910,0
2025-10-22 15:06:00,108880.39,109163.88,108812.78,108831.6,149.50831,1761145739999,16292698.57713770,30840,68.45549000,7459955.38960010,0
2025-10-22 15:09:00,108831.6,108831.6,108555.44,108626.67,114.54129,1761145919999,12448399.74350120,25261,29.59009000,3216136.70927100,0
2025-10-22 15:12:00,108626.68,108642.3,108358.8,108402.89,132.76144,1761146099999,14404688.09305060,28498,49.86919000,5411686.66727750,0
2025-10-22 15:15:00,108402.88,108418.77,108043.68,108194.48,101.81661,1761146279999,11018062.53703370,31335,28.53645000,3088514.29878220,0
2025-10-22 15:18:00,108194.47,108280.19,108134.15,108204.7,63.22022,1761146459999,6842279.29514820,24748,37.66425000,4076313.09031330,0
2025-10-22 15:21:00,108204.7,108204.7,107814.01,107875.31,116.75817,1761146639999,12608613.76612670,31044,34.13557000,3685623.98471540,0
2025-10-22 15:24:00,107875.3,108020.0,107756.36,107997.26,87.37343,1761146819999,9428510.85787740,24728,39.28994000,4240498.15689850,0
2025-10-22 15:27:00,107997.27,108011.66,107812.65,107886.97,42.10995,1761146999999,4544409.58060300,16996,19.52303000,2106729.72102490,0
2025-10-22 15:30:00,107886.97,108114.04,107737.04,108093.29,89.49634,1761147179999,9658146.58954920,25590,54.83166000,5917062.20617990,0
2025-10-22 15:33:00,108093.3,108221.83,108046.8,108134.17,65.27432,1761147359999,7058901.04911450,19244,40.74106000,4405830.26067100,0
2025-10-22 15:36:00,108134.16,108196.66,108002.61,108196.65,48.78127,1761147539999,5272975.55333790,19978,24.65841000,2665248.84997430,0
2025-10-22 15:39:00,108196.66,108600.0,108183.76,108366.83,214.22636,1761147719999,23235067.82271240,34497,106.64524000,11564086.76834980,0
2025-10-22 15:42:00,108366.84,108487.29,108311.0,108462.89,70.68899,1761147899999,7662596.68547040,18127,32.58358000,3531770.09352410,0
2025-10-22 15:45:00,108462.89,108653.3,108448.46,108510.23,63.70376,1761148079999,6916772.95318660,15875,37.77931000,4101892.01936130,0
2025-10-22 15:48:00,108510.23,108520.79,108214.79,108350.0,75.01458,1761148259999,8129822.05285380,18022,27.41309000,2970492.61638600,0
2025-10-22 15:51:00,108350.0,108472.47,108349.99,108415.45,34.62696,1761148439999,3754338.72027210,14262,11.76035000,1275072.85138020,0
2025-10-22 15:54:00,108415.46,108535.84,108405.0,108474.16,39.41009,1761148619999,4274949.57909830,13602,17.26714000,1873001.60164280,0
2025-10-22 15:57:00,108474.17,108479.91,108345.99,108416.5,22.97669,1761148799999,2490632.41518640,12166,6.54426000,709336.24372750,0
2025-10-22 16:00:00,108416.5,108469.82,108325.99,108377.53,44.84665,1761148979999,4860783.32599120,17717,16.62952000,1802587.30342280,0
2025-10-22 16:03:00,108377.53,108500.0,108268.46,108479.49,37.29163,1761149159999,4041790.00370550,15683,18.13704000,1965957.58836250,0
2025-10-22 16:06:00,108479.48,108657.85,108448.2,108483.17,58.3649,1761149339999,6335975.34166410,21789,23.85176000,2589144.73921420,0
2025-10-22 16:09:00,108483.16,108640.0,108381.77,108500.99,55.69037,1761149519999,6042242.58623900,19948,22.04277000,2391429.56079580,0
2025-10-22 16:12:00,108501.0,108572.31,108418.99,108429.79,23.51299,1761149699999,2551002.83102240,10207,13.88497000,1506322.24447000,0
2025-10-22 16:15:00,108429.79,108547.62,108388.0,108500.01,39.68689,1761149879999,4304469.77860280,15188,21.09720000,2288107.28634530,0
2025-10-22 16:18:00,108500.01,108500.01,108180.0,108182.73,51.23276,1761150059999,5549928.57228340,15236,8.71266000,943755.20258430,0
2025-10-22 16:21:00,108182.72,108225.3,108080.32,108156.15,59.59039,1761150239999,6444255.99066270,17721,17.03206000,1841715.28005990,0
2025-10-22 16:24:00,108156.16,108426.31,108084.58,108421.99,37.05902,1761150419999,4012824.88251200,15011,25.99568000,2815329.58772780,0
2025-10-22 16:27:00,108421.99,108673.43,108408.2,108546.27,70.44445,1761150599999,7646488.74817910,15446,39.08262000,4241764.35970870,0
2025-10-22 16:30:00,108546.27,108678.45,107886.27,107925.32,394.51369,1761150779999,42645871.26095410,40700,158.04979000,17080968.83623490,0
2025-10-22 16:33:00,107925.32,108588.19,107877.27,108411.92,210.72263,1761150959999,22817760.12958060,35493,104.34728000,11299533.79999710,0
2025-10-22 16:36:00,108411.92,108435.99,108255.02,108363.13,64.93579,1761151139999,7035220.46958870,24266,25.16810000,2726677.20515900,0
2025-10-22 16:39:00,108363.12,108796.42,108363.12,108759.12,100.30436,1761151319999,10893761.81090740,23944,78.03010000,8474872.93291670,0
2025-10-22 16:42:00,108759.12,108764.05,108410.0,108421.16,76.10468,1761151499999,8261144.17102680,14614,16.46473000,1787052.87508670,0
2025-10-22 16:45:00,108421.16,108688.0,108421.16,108551.33,62.70386,1761151679999,6809206.85417300,18740,40.19106000,4364288.76127560,0
2025-10-22 16:48:00,108551.34,108580.63,108288.0,108372.36,60.73922,1761151859999,6584641.35119250,16317,16.16473000,1752307.31399870,0
2025-10-22 16:51:00,108372.36,108407.49,108210.37,108404.42,33.36514,1761152039999,3613471.75197020,16850,18.40949000,1994001.54060830,0
2025-10-22 16:54:00,108404.42,108538.46,108356.89,108388.61,64.75058,1761152219999,7021392.84768250,14143,24.11932000,2615818.02291310,0
2025-10-22 16:57:00,108388.61,108440.53,108210.37,108226.0,44.26287,1761152399999,4794737.25245260,12036,16.53573000,1790814.24206430,0
2025-10-22 17:00:00,108226.0,108252.0,108108.12,108126.15,41.90907,1761152579999,4533475.21378070,14318,15.61013000,1688475.30923930,0
2025-10-22 17:03:00,108126.15,108152.62,108059.69,108091.65,31.47552,1761152759999,3402773.03217120,8591,17.68106000,1911488.66120180,0
2025-10-22 17:06:00,108091.65,108277.19,108089.99,108230.25,20.86501,1761152939999,2257145.53074160,12990,12.13195000,1312336.14331170,0
2025-10-22 17:09:00,108230.25,108339.89,108210.99,108284.31,21.39271,1761153119999,2316483.35103840,12295,14.03188000,1519296.49091380,0
2025-10-22 17:12:00,108284.31,108301.19,108151.0,108184.01,26.2723,1761153299999,2843200.75761500,9310,11.97754000,1296350.69798150,0
2025-10-22 17:15:00,108184.01,108190.76,108005.0,108131.87,58.94406,1761153479999,6372073.58361010,12324,16.07786000,1737877.14986060,0
2025-10-22 17:18:00,108131.88,108177.21,107933.05,108056.2,89.29632,1761153659999,9647853.07794990,14183,58.76476000,6348919.96899020,0
2025-10-22 17:21:00,108056.21,108114.54,108010.0,108039.82,48.55955,1761153839999,5247247.99802630,12396,33.20050000,3587506.45975510,0
2025-10-22 17:24:00,108039.82,108129.34,107969.88,107977.74,33.4157,1761154019999,3609939.68223160,13557,26.04264000,2813423.17728630,0
2025-10-22 17:27:00,107977.74,108031.46,107864.95,107942.35,53.41265,1761154199999,5764507.49761130,13976,10.33664000,1115698.23225110,0
2025-10-22 17:30:00,107942.35,108048.56,107883.44,108019.92,36.90774,1761154379999,3984584.19047460,12783,13.86296000,1496499.94276700,0
2025-10-22 17:33:00,108019.92,108241.66,108019.91,108180.33,57.43483,1761154559999,6211443.11131210,13147,30.77518000,3328382.27163920,0
2025-10-22 17:36:00,108180.32,108201.27,107973.7,107982.45,40.92221,1761154739999,4422518.78653860,10895,12.39134000,1339165.72448260,0
2025-10-22 17:39:00,107982.45,107987.39,107800.0,107823.93,68.8097,1761154919999,7422474.69260390,15814,22.28094000,2403199.76237860,0
2025-10-22 17:42:00,107823.94,107851.86,107745.64,107851.57,57.89149,1761155099999,6240004.12799610,15340,35.22602000,3796914.60934510,0
2025-10-22 17:45:00,107851.57,107984.96,107824.01,107945.6,50.52519,1761155279999,5451513.39240000,14044,29.64928000,3198707.72187120,0
2025-10-22 17:48:00,107945.59,107963.47,107827.2,107850.06,19.95538,1761155459999,2153260.94663190,9059,9.99762000,1078796.38703630,0
2025-10-22 17:51:00,107850.06,107850.06,107623.44,107675.09,53.6221,1761155639999,5776402.07469730,13637,18.74566000,2019389.98999800,0
2025-10-22 17:54:00,107675.09,107683.91,107566.65,107627.55,70.24027,1761155819999,7558679.51977570,13037,39.05326000,4202420.21373680,0
2025-10-22 17:57:00,107627.54,107793.87,107627.54,107778.45,31.83348,1761155999999,3429947.48587420,9191,17.78594000,1916507.13172600,0
2025-10-22 18:00:00,107778.45,107918.35,107748.33,107793.9,49.29404,1761156179999,5315868.82751730,11886,35.14262000,3789705.69477920,0
2025-10-22 18:03:00,107793.9,107983.22,107749.01,107939.97,37.53222,1761156359999,4048072.97826210,11113,19.17808000,2068656.66654280,0
2025-10-22 18:06:00,107939.98,107949.44,107792.13,107816.69,19.00675,1761156539999,2050232.13658140,11307,5.74756000,619880.40793610,0
2025-10-22 18:09:00,107816.69,107919.54,107798.01,107905.99,15.08666,1761156719999,1627229.46882390,10100,6.41392000,691758.69680910,0
2025-10-22 18:12:00,107905.98,107934.77,107712.74,107734.85,34.34836,1761156899999,3703698.64297050,11316,13.37125000,1442046.65572620,0
2025-10-22 18:15:00,107734.86,107734.86,107506.87,107569.58,64.47707,1761157079999,6937393.12276570,14232,10.28756000,1106733.62874260,0
2025-10-22 18:18:00,107569.58,107755.01,107463.29,107743.91,70.65845,1761157259999,7600708.78257880,15604,34.92575000,3757333.22904590,0
2025-10-22 18:21:00,107743.91,107982.01,107718.25,107982.0,43.38011,1761157439999,4678245.96014450,10114,22.32186000,2407307.77462960,0
2025-10-22 18:24:00,107982.0,108055.78,107859.45,107859.46,47.85315,1761157619999,5166425.60527510,11591,24.57274000,2653046.49011030,0
2025-10-22 18:27:00,107859.45,108014.04,107852.46,108014.04,33.41972,1761157799999,3607064.80729300,5973,19.87780000,2145291.18071050,0
2025-10-22 18:30:00,108014.03,108080.32,107879.11,107926.52,25.73709,1761157979999,2779185.77634440,14269,10.18473000,1099884.61077170,0
2025-10-22 18:33:00,107926.52,108118.3,107926.52,108101.39,14.29311,1761158159999,1544211.72865930,9957,8.54531000,923184.39152210,0
2025-10-22 18:36:00,108101.4,108200.0,108089.38,108190.75,32.14263,1761158339999,3476430.89380140,11065,16.60503000,1795839.30389560,0
2025-10-22 18:39:00,108190.76,108191.84,107878.03,107960.0,42.60789,1761158519999,4604521.83023050,12998,10.61105000,1146999.46624620,0
2025-10-22 18:42:00,107959.99,108080.32,107934.5,107935.91,15.03236,1761158699999,1623664.68783420,7004,9.49155000,1025216.68919840,0
2025-10-22 18:45:00,107935.92,108022.19,107888.41,107928.1,14.65802,1761158879999,1582341.45570670,11235,4.66018000,503041.90094840,0
2025-10-22 18:48:00,107928.1,108025.97,107859.45,107883.93,22.28597,1761159059999,2405380.56847510,9578,7.93981000,857057.16117450,0
2025-10-22 18:51:00,107883.93,108027.59,107881.23,107983.0,13.46305,1761159239999,1453403.52970100,6779,9.77671000,1055345.78914820,0
2025-10-22 18:54:00,107983.01,108060.48,107878.02,107878.02,42.65508,1761159419999,4605867.03004420,9088,9.14238000,987551.96953740,0
2025-10-22 18:57:00,107878.02,108023.6,107878.02,108023.33,30.87208,1761159599999,3332582.53912520,8659,15.42908000,1665454.10721890,0
2025-10-22 19:00:00,108023.33,108148.0,107902.52,107956.65,57.19291,1761159779999,6177205.58128140,15692,25.56348000,2760889.37174450,0
2025-10-22 19:03:00,107956.64,108247.65,107917.52,108234.0,38.88281,1761159959999,4204967.77840890,12719,28.25444000,3055990.37890160,0
2025-10-22 19:06:00,108234.0,108368.84,108183.84,108302.03,52.95885,1761160139999,5733896.12019360,10718,25.22004000,2730729.18074080,0
2025-10-22 19:09:00,108302.02,108325.08,108137.18,108167.05,22.93332,1761160319999,2481934.45089750,11563,11.28079000,1220700.60180520,0
2025-10-22 19:12:00,108167.06,108218.78,108097.08,108152.99,32.96417,1761160499999,3564887.32422260,7125,13.06905000,1413317.01573810,0
2025-10-22 19:15:00,108153.0,108247.52,108145.09,108240.11,42.33773,1761160679999,4581130.09754430,10478,21.97394000,2377469.85675660,0
2025-10-22 19:18:00,108240.1,108341.7,108210.76,108314.68,31.19225,1761160859999,3377064.32434710,7059,17.60715000,1906273.45158010,0
2025-10-22 19:21:00,108314.68,108411.61,108269.98,108269.99,46.69547,1761161039999,5059734.44475780,10706,19.59103000,2122740.12801470,0
2025-10-22 19:24:00,108269.99,108277.4,108190.75,108190.76,29.31031,1761161219999,3172366.48365330,6427,13.49781000,1460920.28963720,0
2025-10-22 19:27:00,108190.75,108219.45,108098.9,108099.38,31.73398,1761161399999,3432185.42967680,7403,9.77072000,1056804.40723190,0
2025-10-22 19:30:00,108099.37,108184.81,108077.77,108149.81,28.55795,1761161579999,3087772.35154810,9022,9.02449000,975850.85968500,0
2025-10-22 19:33:00,108149.8,108162.13,108020.0,108048.18,30.00042,1761161759999,3242647.40607540,9796,8.33461000,900710.24677180,0
2025-10-22 19:36:00,108048.18,108234.0,108048.18,108233.99,19.74075,1761161939999,2135072.81717390,4449,16.02869000,1733597.10435840,0
2025-10-22 19:39:00,108233.99,108234.0,108056.32,108065.03,25.94086,1761162119999,2805998.16849930,10760,6.54324000,707647.69961420,0
2025-10-22 19:42:00,108065.03,108172.94,108001.0,108001.01,61.68001,1761162299999,6666923.14149540,9044,38.04620000,4112655.80724160,0
2025-10-22 19:45:00,108001.0,108020.0,107891.4,107986.99,45.47581,1761162479999,4909065.23092280,11053,25.97584000,2803771.49239510,0
2025-10-22 19:48:00,107987.0,108059.96,107961.73,107994.53,25.71201,1761162659999,2776988.39093020,8431,12.23737000,1321687.52499530,0
2025-10-22 19:51:00,107994.53,108006.0,107859.45,107969.89,26.63169,1761162839999,2873782.94370790,8084,5.68134000,613145.00080920,0
2025-10-22 19:54:00,107969.89,108094.12,107949.77,108031.57,55.27251,1761163019999,5969178.69653930,10648,28.69406000,3098661.10751640,0
2025-10-22 19:57:00,108031.57,108031.58,107685.61,107870.35,130.22861,1761163199999,14041183.68095480,18926,54.62770000,5889424.87355590,0
2025-10-22 20:00:00,107870.35,108039.23,107866.1,108029.39,38.27563,1761163379999,4132017.65781680,10361,24.38628000,2632298.58612770,0
2025-10-22 20:03:00,108029.4,108069.93,107900.0,107949.44,29.29115,1761163559999,3163176.87729490,10326,15.47556000,1671250.66306110,0
2025-10-22 20:06:00,107949.44,107985.07,107869.83,107966.99,25.68889,1761163739999,2772883.65272790,9781,19.38167000,2092051.23184770,0
2025-10-22 20:09:00,107967.0,108046.5,107955.23,108010.98,15.96121,1761163919999,1723990.71062160,6283,5.52861000,597021.49800090,0
2025-10-22 20:12:00,108010.99,108021.79,107888.17,107888.17,12.0911,1761164099999,1305498.07292190,6554,2.91651000,314876.13827240,0
2025-10-22 20:15:00,107888.18,107888.18,107706.69,107747.52,28.68609,1761164279999,3092449.37614270,8563,4.56466000,491886.04140160,0
2025-10-22 20:18:00,107747.52,107749.01,107667.3,107721.91,32.27804,1761164459999,3476662.39055750,5981,11.21802000,1208287.99877540,0
2025-10-22 20:21:00,107721.92,107721.92,107650.5,107681.37,30.12165,1761164639999,3243357.07256390,6903,6.40161000,689300.44918840,0
2025-10-22 20:24:00,107681.38,107719.67,107681.37,107708.14,8.58314,1761164819999,924407.08724830,3094,5.29582000,570338.71410880,0
2025-10-22 20:27:00,107708.14,107708.14,107632.58,107632.58,17.94898,1761164999999,1932695.39470240,3201,2.06947000,222808.79405920,0
2025-10-22 20:30:00,107632.59,107704.0,107632.0,107657.68,33.94675,1761165179999,3654841.71800210,7280,8.01013000,862344.47634270,0
2025-10-22 20:33:00,107657.67,107685.69,107537.35,107685.68,82.08866,1761165359999,8834500.98366480,9842,20.57185000,2213962.25654050,0
2025-10-22 20:36:00,107685.68,107840.35,107685.68,107840.35,51.29716,1761165539999,5529684.28447830,4872,48.35473000,5212514.79739650,0
2025-10-22 20:39:00,107840.35,107926.59,107840.34,107897.72,55.43195,1761165719999,5980266.02721610,5703,35.47457000,3826501.57051670,0
2025-10-22 20:42:00,107897.73,107916.0,107862.84,107871.09,60.19103,1761165899999,6493221.83107870,3886,28.30366000,3053052.16717460,0
2025-10-22 20:45:00,107871.1,107871.1,107766.9,107774.19,31.46135,1761166079999,3391965.54773450,5173,20.75838000,2237900.90772200,0
2025-10-22 20:48:00,107774.18,107774.19,107690.4,107711.0,47.51651,1761166259999,5118454.90058000,4304,28.88458000,3111321.38099450,0
2025-10-22 20:51:00,107711.0,107711.0,107513.61,107605.76,82.80181,1761166439999,8909529.00974160,6236,23.62319000,2540758.23672810,0
2025-10-22 20:54:00,107605.76,107686.11,107500.0,107655.66,83.69115,1761166619999,9003500.64111760,9356,32.02417000,3444846.98827240,0
2025-10-22 20:57:00,107655.66,107699.99,107595.23,107696.03,236.31945,1761166799999,25439478.34565910,9521,83.76578000,9016727.85204070,0
2025-10-22 21:00:00,107696.03,107749.02,106990.0,107425.78,385.89984,1761166979999,41397736.45581290,32401,131.11786000,14058346.72735180,0
2025-10-22 21:03:00,107425.79,107480.0,107073.7,107098.63,157.70643,1761167159999,16922693.92453670,15129,78.30535000,8402934.32860240,0
2025-10-22 21:06:00,107098.44,107335.14,107088.3,107335.13,85.83322,1761167339999,9202531.09646450,11868,61.15725000,6556374.56009330,0
2025-10-22 21:09:00,107335.14,107349.49,106666.69,106728.96,176.97156,1761167519999,18924425.89021090,23466,59.27880000,6338508.96123350,0
2025-10-22 21:12:00,106727.96,107166.42,106727.96,107139.29,144.78745,1761167699999,15486102.89735510,22626,90.61947000,9691644.00776390,0
2025-10-22 21:15:00,107139.29,107179.84,106932.64,107167.63,56.65428,1761167879999,6066608.87672210,19336,22.16050000,2372899.34416000,0
2025-10-22 21:18:00,107167.63,107270.03,107167.62,107270.02,33.3633,1761168059999,3576738.16254670,11335,15.88210000,1702825.90816020,0
2025-10-22 21:21:00,107270.02,107305.12,106875.0,106883.84,68.74421,1761168239999,7360880.36974870,15924,23.02383000,2465013.72303600,0
2025-10-22 21:24:00,106883.84,106931.75,106760.2,106855.57,62.82526,1761168419999,6713855.80585290,17107,21.28492000,2274668.40301820,0
2025-10-22 21:27:00,106855.57,106855.57,106734.57,106785.59,40.08017,1761168599999,4280309.96222820,11647,24.38680000,2604271.29153000,0
2025-10-22 21:30:00,106785.59,106909.41,106746.52,106901.43,33.72575,1761168779999,3603105.74651000,12000,14.21747000,1518929.37421640,0
2025-10-22 21:33:00,106901.44,107061.33,106860.0,106970.36,61.39738,1761168959999,6567763.76442180,11927,37.99754000,4064890.06097330,0
2025-10-22 21:36:00,106970.37,106970.37,106834.0,106884.95,26.70982,1761169139999,2855713.69987760,8282,7.22617000,772429.01080230,0
2025-10-22 21:39:00,106884.95,107086.37,106884.94,107086.37,32.01315,1761169319999,3424827.01873770,7515,18.17801000,1944841.24558690,0
2025-10-22 21:42:00,107086.37,107126.02,106942.72,106942.72,27.94006,1761169499999,2990114.10518860,5602,7.03002000,752212.91958030,0
2025-10-22 21:45:00,106942.73,107155.62,106942.72,107148.91,27.90793,1761169679999,2987642.05382590,7101,14.21335000,1521644.25507720,0
2025-10-22 21:48:00,107148.9,107214.91,107082.12,107123.33,39.9703,1761169859999,4282971.08905080,12486,17.98166000,1926727.03573410,0
2025-10-22 21:51:00,107123.33,107332.98,107112.42,107308.93,25.12568,1761170039999,2694413.13122040,7332,13.32950000,1429256.99201870,0
2025-10-22 21:54:00,107308.94,107321.76,107202.01,107253.0,29.4436,1761170219999,3158265.27309650,6968,13.14621000,1409840.06702590,0
2025-10-22 21:57:00,107252.99,107252.99,107082.11,107207.98,31.03864,1761170399999,3326353.86644620,7672,8.44850000,905256.24952070,0
2025-10-22 22:00:00,107207.98,107519.0,107156.43,107510.79,79.27618,1761170579999,8508754.86563870,11013,50.75353000,5447713.93076400,0
2025-10-22 22:03:00,107510.8,107510.8,107282.31,107289.39,37.15551,1761170759999,3990050.11225470,9545,8.91135000,956800.99519610,0
2025-10-22 22:06:00,107289.4,107683.25,107289.39,107427.67,88.62922,1761170939999,9531265.79064440,15805,53.46403000,5748965.97803220,0
2025-10-22 22:09:00,107427.67,107562.89,107427.67,107472.21,41.56353,1761171119999,4467488.75057540,8874,15.28263000,1642643.67020840,0
2025-10-22 22:12:00,107472.21,107472.21,107352.94,107426.99,27.54612,1761171299999,2958765.10629790,7637,14.77431000,1586853.73913700,0
2025-10-22 22:15:00,107426.99,107443.99,107297.39,107386.61,18.09646,1761171479999,1942776.64987840,7319,6.40536000,687552.52335090,0
2025-10-22 22:18:00,107386.61,107395.12,107220.95,107220.96,20.2344,1761171659999,2171264.91511930,8089,3.07145000,329675.23651830,0
2025-10-22 22:21:00,107220.95,107220.95,106917.57,107179.99,65.23765,1761171839999,6983837.82331760,16032,18.90613000,2023844.50938950,0
2025-10-22 22:24:00,107179.99,107180.0,107045.26,107045.27,20.4461,1761172019999,2189416.34042540,12683,7.89611000,845411.22691800,0
2025-10-22 22:27:00,107045.26,107088.71,106979.95,107055.55,34.2442,1761172199999,3665007.29522500,11039,12.78652000,1368452.91241030,0
2025-10-22 22:30:00,107055.54,107180.97,107014.83,107165.86,52.20931,1761172379999,5592915.64961580,12617,23.34289000,2500228.42535800,0
2025-10-22 22:33:00,107165.86,107193.14,107056.95,107149.3,27.27343,1761172559999,2921771.54646540,10272,8.31479000,890750.72768760,0
2025-10-22 22:36:00,107149.29,107192.68,107000.0,107026.41,39.84831,1761172739999,4267242.87473650,10916,15.76425000,1687887.96588980,0
2025-10-22 22:39:00,107026.42,107193.14,107026.41,107193.14,18.40099,1761172919999,1971432.17507810,5264,13.23892000,1418433.26290540,0
2025-10-22 22:42:00,107193.13,107326.7,107193.13,107312.42,25.37416,1761173099999,2721886.98736220,6001,15.11960000,1621577.58695750,0
2025-10-22 22:45:00,107312.42,107345.05,107205.12,107264.85,35.04739,1761173279999,3759405.51374300,8552,16.18117000,1735496.01849810,0
2025-10-22 22:48:00,107264.85,107296.81,106996.16,107076.38,50.4121,1761173459999,5400863.20140890,14311,10.89649000,1166843.71392580,0
2025-10-22 22:51:00,107076.38,107151.0,107045.95,107052.57,29.62558,1761173639999,3172633.23812670,8591,14.84644000,1589826.92230290,0
2025-10-22 22:54:00,107052.57,107158.85,107037.45,107154.0,19.21153,1761173819999,2057537.32973440,6666,10.68444000,1144280.84824320,0
2025-10-22 22:57:00,107154.01,107207.55,107139.03,107196.82,12.49654,1761173999999,1339323.45726120,3577,8.13265000,871606.40956250,0
2025-10-22 23:00:00,107196.82,107485.79,107169.69,107401.11,42.07743,1761174179999,4517912.15409630,13392,26.62134000,2858076.31343900,0
2025-10-22 23:03:00,107401.1,107488.02,107365.18,107463.1,20.03049,1761174359999,2151927.24238610,8509,12.81509000,1376671.00452260,0
2025-10-22 23:06:00,107463.09,107494.61,107370.01,107465.93,19.61346,1761174539999,2107013.50381090,8498,8.69752000,934338.33925330,0
2025-10-22 23:09:00,107465.93,107577.62,107453.97,107547.75,17.93562,1761174719999,1928431.35171220,6187,10.78234000,1159429.06297050,0
2025-10-22 23:12:00,107547.75,107580.64,107389.69,107400.16,78.5073,1761174899999,8435998.60366230,8477,27.72077000,2978589.51746670,0
2025-10-22 23:15:00,107400.16,107588.16,107391.35,107588.16,31.2086,1761175079999,3354538.26576500,4774,25.10098000,2698136.12124350,0
2025-10-22 23:18:00,107588.15,107630.4,107561.86,107595.1,27.60646,1761175259999,2970638.64846730,6132,15.49069000,1666859.34124550,0
2025-10-22 23:21:00,107595.11,107657.12,107572.76,107607.71,21.68373,1761175439999,2333234.32530880,6901,11.99113000,1290254.98604970,0
2025-10-22 23:24:00,107607.71,107922.69,107599.99,107838.99,116.26754,1761175619999,12523820.18159900,13329,67.25451000,7244748.65699700,0
2025-10-22 23:27:00,107838.99,107838.99,107700.58,107796.09,36.75227,1761175799999,3960661.59289410,7849,18.06447000,1946812.33276640,0
2025-10-22 23:30:00,107796.09,107946.15,107782.62,107796.33,57.89188,1761175979999,6244867.60755170,10751,34.76139000,3749458.13841550,0
2025-10-22 23:33:00,107796.33,107895.77,107760.0,107873.65,47.30161,1761176159999,5100680.16168710,7222,29.80353000,3213784.44799830,0
2025-10-22 23:36:00,107873.65,107894.0,107758.63,107779.39,9.66276,1761176339999,1042140.76082450,4080,3.37227000,363730.64327790,0
2025-10-22 23:39:00,107779.39,107798.04,107687.0,107730.67,15.15048,1761176519999,1632200.85924820,3727,8.73837000,941467.89699560,0
2025-10-22 23:42:00,107730.66,107730.66,107643.01,107643.01,14.55722,1761176699999,1567356.14634450,4260,5.65765000,609078.69463980,0
2025-10-22 23:45:00,107643.02,107698.0,107574.96,107603.47,23.36539,1761176879999,2514913.29014930,6566,10.33184000,1112120.62384130,0
2025-10-22 23:48:00,107603.46,107638.58,107582.12,107616.5,5.33809,1761177059999,574433.92954780,2945,4.16049000,447700.08332580,0
2025-10-22 23:51:00,107616.49,107627.72,107584.19,107617.32,10.57738,1761177239999,1138130.49978370,3096,7.77143000,836212.23183740,0
2025-10-22 23:54:00,107617.32,107617.33,107581.96,107602.96,6.32128,1761177419999,680248.95935760,2290,2.39058000,257249.97015280,0
2025-10-22 23:57:00,107602.96,107727.6,107562.16,107567.44,33.68534,1761177599999,3626179.22358400,7657,23.37851000,2516698.96050830,0
2025-10-23 00:00:00,107567.45,107589.68,107524.05,107583.15,20.73252,1761177779999,2229865.83263890,6532,10.90970000,1173402.29818560,0
2025-10-23 00:03:00,107583.15,107630.4,107500.0,107625.33,33.04804,1761177959999,3555401.06232240,8892,12.52166000,1347099.01111440,0
2025-10-23 00:06:00,107625.32,107709.36,107577.96,107626.43,24.51496,1761178139999,2639102.64457950,7090,14.13448000,1521690.02727640,0
2025-10-23 00:09:00,107626.44,107676.0,107603.22,107603.23,13.39955,1761178319999,1442361.66638170,3841,6.83691000,735896.20841260,0
2025-10-23 00:12:00,107603.22,107695.69,107603.22,107684.97,8.4421,1761178499999,908955.69365670,3008,6.68208000,719414.78466570,0
2025-10-23 00:15:00,107684.97,107736.75,107650.16,107736.74,17.3593,1761178679999,1869520.09987670,5163,12.33080000,1327965.76437520,0
2025-10-23 00:18:00,107736.74,107819.94,107732.45,107770.45,21.34064,1761178859999,2299966.54021020,5217,14.59466000,1572928.41830900,0
2025-10-23 00:21:00,107770.44,107770.45,107546.07,107595.6,27.97333,1761179039999,3011338.58669110,9777,5.80799000,624960.41258760,0
2025-10-23 00:24:00,107595.59,107638.58,107528.14,107560.29,16.81066,1761179219999,1808292.44311080,6243,6.17025000,663727.00848300,0
2025-10-23 00:27:00,107560.0,107597.05,107539.14,107597.04,7.00822,1761179399999,753918.36870990,3044,2.32152000,249738.96118790,0
2025-10-23 00:30:00,107597.04,107711.09,107568.64,107623.07,19.65567,1761179579999,2115839.22362680,8089,12.49409000,1344869.46043700,0
2025-10-23 00:33:00,107623.08,107820.0,107623.08,107786.46,18.60923,1761179759999,2005181.59816840,6943,14.82993000,1597895.78357050,0
2025-10-23 00:36:00,107786.45,107786.46,107739.3,107749.02,12.64,1761179939999,1362103.91592480,4912,4.57615000,493086.77553370,0
2025-10-23 00:39:00,107749.01,107786.0,107725.71,107754.34,22.62029,1761180119999,2437586.34927890,4874,9.59171000,1033537.35269700,0
2025-10-23 00:42:00,107754.34,107757.72,107692.0,107712.59,14.18961,1761180299999,1528476.15176600,4904,6.27969000,676330.03173000,0
2025-10-23 00:45:00,107712.59,107736.75,107668.35,107736.74,9.69158,1761180479999,1043835.65774500,5430,4.96823000,535072.37610940,0
2025-10-23 00:48:00,107736.75,107827.38,107736.74,107803.05,16.73469,1761180659999,1804017.34284110,5407,6.89532000,743269.25427190,0
2025-10-23 00:51:00,107803.05,107980.52,107803.05,107945.98,30.45872,1761180839999,3286447.37403440,5467,23.73009000,2560352.78475850,0
2025-10-23 00:54:00,107945.98,107945.98,107868.0,107882.68,15.49613,1761181019999,1672217.76308860,5295,6.41848000,692566.18439380,0
2025-10-23 00:57:00,107882.69,107893.47,107829.4,107845.3,45.33496,1761181199999,4889022.46497420,3698,35.53048000,3831582.38812270,0
2025-10-23 01:00:00,107845.3,107859.45,107829.3,107836.81,8.58623,1761181379999,925997.05962140,3883,1.71003000,184421.96505320,0
2025-10-23 01:03:00,107836.81,107914.97,107813.2,107883.52,23.95888,1761181559999,2583823.61635030,7504,13.65089000,1472117.38448470,0
2025-10-23 01:06:00,107883.52,107930.0,107868.19,107906.0,16.16647,1761181739999,1744290.02538630,4528,10.03192000,1082368.67366550,0
2025-10-23 01:09:00,107906.01,108200.0,107882.3,108197.72,119.95749,1761181919999,12962231.86498730,17121,80.78514000,8728927.15140950,0
2025-10-23 01:12:00,108197.72,108443.09,108170.44,108311.35,141.38832,1761182099999,15311598.24768440,18986,83.44686000,9036698.85006300,0
2025-10-23 01:15:00,108311.35,108500.0,108249.8,108369.57,154.99805,1761182279999,16799205.78183190,18271,96.96303000,10508613.96746190,0
2025-10-23 01:18:00,108369.57,108475.69,108356.01,108374.81,37.66612,1761182459999,4083645.12996710,9911,18.76456000,2034274.35522530,0
2025-10-23 01:21:00,108374.82,108437.64,108065.31,108096.75,147.39705,1761182639999,15950748.94504940,14102,50.30475000,5443073.80039340,0
2025-10-23 01:24:00,108096.75,108191.3,108032.08,108191.3,51.91026,1761182819999,5611646.34619330,7652,33.59096000,3631131.37995180,0
2025-10-23 01:27:00,108191.29,108214.0,108104.79,108188.76,36.87977,1761182999999,3989115.95135500,6550,22.30647000,2412740.76881230,0
2025-10-23 01:30:00,108188.76,108311.86,108167.13,108309.04,64.63141,1761183179999,6996699.99010790,9334,37.28993000,4036270.35390640,0
2025-10-23 01:33:00,108309.05,108330.93,108227.72,108238.71,27.48196,1761183359999,2976261.14204590,5510,16.48332000,1785256.67360970,0
2025-10-23 01:36:00,108238.72,108259.07,108188.77,108222.17,30.5385,1761183539999,3304601.15096010,5263,18.61859000,2014696.08270160,0
2025-10-23 01:39:00,108222.17,108222.56,108139.28,108194.66,34.99081,1761183719999,3785812.56448760,5453,16.14266000,1746677.14151780,0
2025-10-23 01:42:00,108194.66,108277.86,108154.18,108232.78,22.45623,1761183899999,2430143.58091450,4721,14.54438000,1573855.05105530,0
2025-10-23 01:45:00,108232.79,108250.44,108210.72,108236.43,16.23273,1761184079999,1756971.28272230,3277,8.57670000,928286.56391170,0
2025-10-23 01:48:00,108236.43,108236.44,108153.17,108177.89,33.73402,1761184259999,3649797.43587200,4600,11.31266000,1223673.02902520,0
2025-10-23 01:51:00,108177.88,108197.48,108139.28,108173.34,21.25095,1761184439999,2298662.66493850,4866,9.67002000,1045922.46250430,0
2025-10-23 01:54:00,108173.34,108173.35,108139.93,108166.66,7.07014,1761184619999,764697.97890160,1699,4.03228000,436114.84756600,0
2025-10-23 01:57:00,108166.67,108166.67,108143.23,108150.0,14.89015,1761184799999,1610439.24168400,2755,6.97575000,754413.59253500,0
2025-10-23 02:00:00,108150.01,108150.01,108090.0,108123.12,21.76706,1761184979999,2353551.64594240,4342,7.77114000,840219.64970150,0
2025-10-23 02:03:00,108123.11,108123.11,108058.66,108071.4,19.63663,1761185159999,2122646.86842940,5170,4.81682000,520684.09348950,0
2025-10-23 02:06:00,108071.4,108092.48,108059.5,108073.65,11.23935,1761185339999,1214664.65479820,3102,6.91143000,746937.20641630,0
2025-10-23 02:09:00,108073.66,108172.29,108073.66,108123.15,21.56276,1761185519999,2331523.92704530,4726,12.99573000,1404962.54492080,0
2025-10-23 02:12:00,108123.15,108155.52,108113.69,108145.9,6.86035,1761185699999,741849.88095190,1937,4.58992000,496318.73601940,0
2025-10-23 02:15:00,108145.9,108305.97,108145.9,108305.97,23.15761,1761185879999,2506399.79537330,5456,20.61485000,2231217.52860500,0
2025-10-23 02:18:00,108305.97,108358.83,108280.0,108358.82,20.6487,1761186059999,2236774.47306420,4327,13.93887000,1509935.41830670,0
2025-10-23 02:21:00,108358.82,108393.32,108351.87,108366.98,16.31811,1761186239999,1768443.40174650,4327,9.75966000,1057630.91037640,0
2025-10-23 02:24:00,108366.97,108366.98,108263.81,108263.81,15.91447,1761186419999,1723948.06855910,3694,3.42111000,370491.60790450,0
2025-10-23 02:27:00,108263.81,108280.82,108206.31,108206.32,27.70591,1761186599999,2999043.86715220,3567,6.49374000,702910.75178720,0
2025-10-23 02:30:00,108206.32,108266.0,108194.24,108194.25,15.35533,1761186779999,1661811.98972160,3747,7.12638000,771269.15308420,0
2025-10-23 02:33:00,108194.25,108291.37,108187.87,108284.0,10.57827,1761186959999,1145116.16259100,4531,7.18303000,777531.93369750,0
2025-10-23 02:36:00,108284.0,108325.0,108229.09,108243.06,6.54466,1761187139999,708775.56473930,4084,2.35819000,255386.86796100,0
2025-10-23 02:39:00,108243.05,108286.61,108237.84,108251.91,9.30274,1761187319999,1007080.10033650,3122,4.46889000,483754.81732590,0
2025-10-23 02:42:00,108251.91,108281.22,108230.05,108274.32,9.01474,1761187499999,975897.11562100,3190,5.73963000,621342.25170610,0
2025-10-23 02:45:00,108274.32,108280.0,108215.69,108227.78,18.8287,1761187679999,2038160.64386840,4624,7.71663000,835221.23848650,0
2025-10-23 02:48:00,108227.78,108263.81,108216.0,108248.03,15.42543,1761187859999,1669741.02817190,3904,6.48864000,702318.53942280,0
2025-10-23 02:51:00,108248.04,108263.81,108217.0,108239.7,15.87176,1761188039999,1717924.83583540,4253,10.11368000,1094655.81114580,0
2025-10-23 02:54:00,108239.7,108349.99,108214.0,108349.98,40.99481,1761188219999,4438379.76311800,5149,27.39672000,2966311.13412080,0
2025-10-23 02:57:00,108349.99,108410.3,108349.98,108410.29,34.02963,1761188399999,3687956.31469890,3961,30.02924000,3254390.74715100,0
2025-10-23 03:00:00,108410.29,108413.22,108350.0,108366.55,41.38475,1761188579999,4485121.81234490,5369,27.10247000,2937291.41713320,0
2025-10-23 03:03:00,108366.56,108498.91,108366.55,108486.29,28.73593,1761188759999,3116706.02516540,6687,21.57257000,2339729.49098460,0
2025-10-23 03:06:00,108486.3,108560.36,108486.29,108560.36,39.39154,1761188939999,4274925.14593250,6137,32.18503000,3492773.44325200,0
2025-10-23 03:09:00,108560.36,108593.41,108478.16,108544.59,31.10784,1761189119999,3376487.11375880,7404,21.55967000,2340167.48899380,0
2025-10-23 03:12:00,108544.59,108550.01,108496.8,108496.82,32.82414,1761189299999,3562241.74932480,5370,22.42679000,2433814.73642540,0
2025-10-23 03:15:00,108496.82,108554.36,108496.81,108510.08,44.77521,1761189479999,4859664.05862020,6537,36.60804000,3973187.52880150,0
2025-10-23 03:18:00,108510.09,108641.74,108510.09,108641.74,44.40508,1761189659999,4821164.79125180,6239,40.34758000,4380646.95573950,0
2025-10-23 03:21:00,108641.74,108700.0,108618.0,108650.9,40.70957,1761189839999,4423581.74294950,7760,32.99680000,3585397.78765820,0
2025-10-23 03:24:00,108650.9,108716.15,108628.45,108698.39,25.20081,1761190019999,2738665.31722460,7277,22.00219000,2391061.78212710,0
2025-10-23 03:27:00,108698.39,108720.39,108680.36,108705.76,42.09677,1761190199999,4575950.50309270,3911,38.34593000,4168223.31600460,0
2025-10-23 03:30:00,108705.76,108706.44,108600.0,108628.53,45.29443,1761190379999,4921215.76175650,8521,24.67951000,2681410.52165650,0
2025-10-23 03:33:00,108628.53,108700.0,108611.98,108699.99,21.23235,1761190559999,2306659.18325380,4135,10.31836000,1120993.74004450,0
2025-10-23 03:36:00,108700.0,108714.78,108622.64,108622.64,27.66526,1761190739999,3006670.11581820,6956,12.77518000,1388469.73491250,0
2025-10-23 03:39:00,108622.64,108622.64,108512.3,108512.3,20.77006,1761190919999,2254681.69605570,4290,2.94208000,319330.23194340,0
2025-10-23 03:42:00,108512.3,108512.31,108402.74,108427.74,39.98291,1761191099999,4336520.00689850,6629,15.40688000,1671078.01633390,0
2025-10-23 03:45:00,108427.74,108427.74,108340.0,108364.48,21.95986,1761191279999,2380064.67324010,4336,6.29045000,681680.47550350,0
2025-10-23 03:48:00,108364.89,108388.79,108323.59,108368.02,10.00942,1761191459999,1084669.93043770,3931,6.58675000,713757.43792740,0
2025-10-23 03:51:00,108368.02,108420.27,108368.01,108408.0,13.93716,1761191639999,1510745.65915810,5766,8.72672000,945933.77799190,0
2025-10-23 03:54:00,108407.99,108419.45,108382.78,108399.44,25.99714,1761191819999,2818157.45315040,2772,15.82765000,1715831.84408100,0
2025-10-23 03:57:00,108399.44,108399.45,108328.12,108377.96,7.02018,1761191999999,760711.66772190,3537,2.12756000,230521.17623930,0
2025-10-23 04:00:00,108377.96,108437.32,108377.96,108436.07,12.40836,1761192179999,1345166.12424290,4358,6.88007000,745826.02046600,0
2025-10-23 04:03:00,108436.08,108495.0,108396.22,108414.12,20.61846,1761192359999,2236118.89631920,4939,10.31036000,1118208.14996430,0
2025-10-23 04:06:00,108414.11,108458.0,108373.55,108379.23,24.49758,1761192539999,2655885.23102030,4333,9.29862000,1008245.24991110,0
2025-10-23 04:09:00,108379.23,108394.23,108357.89,108387.73,11.04224,1761192719999,1196811.75721390,2648,4.06966000,441082.79862430,0
2025-10-23 04:12:00,108387.73,108387.73,108350.36,108371.27,9.98246,1761192899999,1081801.73507910,1763,5.92007000,641551.78027320,0
2025-10-23 04:15:00,108371.26,108405.99,108371.26,108405.99,7.53253,1761193079999,816386.16359780,1648,5.66686000,614183.88493320,0
2025-10-23 04:18:00,108405.99,108560.36,108400.16,108560.35,19.07971,1761193259999,2069403.17723790,4585,15.15403000,1643772.96469790,0
2025-10-23 04:21:00,108560.36,108606.25,108553.79,108585.63,19.21584,1761193439999,2086424.50045440,4493,10.61114000,1152153.95939750,0
2025-10-23 04:24:00,108585.64,108585.65,108561.37,108561.38,9.87044,1761193619999,1071694.77923880,1821,2.79478000,303454.28010660,0
2025-10-23 04:27:00,108561.37,108572.73,108561.37,108561.87,13.10253,1761193799999,1422498.11662200,1614,9.02255000,979537.60566850,0
2025-10-23 04:30:00,108561.88,108572.64,108508.78,108508.78,10.17513,1761193979999,1104515.06260880,3859,2.71798000,295043.78977580,0
2025-10-23 04:33:00,108508.79,108530.31,108464.26,108524.79,13.70871,1761194159999,1487288.30894910,4498,6.09491000,661241.18174960,0
2025-10-23 04:36:00,108524.78,108606.25,108493.24,108606.24,6.87959,1761194339999,746789.81666170,5033,6.18702000,671620.25532240,0
2025-10-23 04:39:00,108606.25,108873.74,108606.24,108836.93,69.7579,1761194519999,7588363.94613670,11072,54.35042000,5912091.78628590,0
2025-10-23 04:42:00,108836.93,108940.33,108836.93,108892.71,43.83554,1761194699999,4773652.66518560,7877,23.83843000,2595739.25862700,0
2025-10-23 04:45:00,108892.71,108892.72,108775.12,108804.44,30.01598,1761194879999,3266652.47975120,4897,11.68534000,1271533.44004860,0
2025-10-23 04:48:00,108804.44,108804.45,108761.9,108761.93,15.18734,1761195059999,1651941.42198360,2665,12.56779000,1366962.93537390,0
2025-10-23 04:51:00,108761.93,108833.54,108758.7,108758.7,24.26058,1761195239999,2639636.25321300,4415,14.80096000,1610350.16758050,0
2025-10-23 04:54:00,108758.7,108758.7,108728.97,108728.98,11.10173,1761195419999,1207210.15488140,1780,7.98311000,868101.85000780,0
2025-10-23 04:57:00,108728.98,108751.85,108644.31,108644.32,22.54744,1761195599999,2451148.94258480,3666,9.73550000,1058525.45661630,0
2025-10-23 05:00:00,108644.31,108740.51,108644.31,108706.02,17.07004,1761195779999,1855317.54532920,5026,11.28687000,1226607.05207570,0
2025-10-23 05:03:00,108706.02,108720.38,108628.0,108628.01,7.8638,1761195959999,854557.04064090,4658,0.83778000,91063.07008960,0
2025-10-23 05:06:00,108628.01,108734.0,108622.05,108720.39,25.62984,1761196139999,2785421.56606950,5240,22.46853000,2441744.82699010,0
2025-10-23 05:09:00,108720.4,108815.93,108720.39,108815.93,27.72357,1761196319999,3015505.74451890,6659,17.20943000,1871924.21261550,0
2025-10-23 05:12:00,108815.92,108825.83,108772.25,108821.76,29.50762,1761196499999,3210507.22114330,5034,22.78858000,2479472.20131960,0
2025-10-23 05:15:00,108821.77,108836.49,108776.0,108827.38,39.19115,1761196679999,4264655.63795690,4433,22.81572000,2482791.33088140,0
2025-10-23 05:18:00,108827.37,108827.38,108807.82,108807.84,4.9913,1761196859999,543171.84904780,912,1.36073000,148074.23685280,0
2025-10-23 05:21:00,108807.84,108807.84,108774.81,108774.82,7.95781,1761197039999,865738.84004020,2282,2.23555000,243201.34565540,0
2025-10-23 05:24:00,108774.82,108795.57,108774.81,108775.85,29.6496,1761197219999,3225183.98751470,2835,12.35038000,1343418.11680850,0
2025-10-23 05:27:00,108775.85,108795.58,108743.52,108766.8,28.78975,1761197399999,3131413.39853970,2917,10.98630000,1194844.76088980,0
2025-10-23 05:30:00,108766.79,108794.74,108728.73,108729.85,30.41472,1761197579999,3308150.29047320,2590,11.82201000,1285869.53315360,0
2025-10-23 05:33:00,108729.85,108759.07,108714.07,108714.07,9.74199,1761197759999,1059283.99648820,2141,5.59515000,608380.20517710,0
2025-10-23 05:36:00,108714.07,108714.08,108712.53,108712.54,2.82098,1761197939999,306679.92095200,718,0.55438000,60268.86438720,0
2025-10-23 05:39:00,108712.54,108712.54,108664.66,108685.8,26.71848,1761198119999,2903735.49165890,3330,16.23779000,1764615.20807290,0
2025-10-23 05:42:00,108685.81,108693.35,108658.13,108658.14,19.54912,1761198299999,2124685.34171680,1562,0.70501000,76625.13771930,0
2025-10-23 05:45:00,108658.14,108805.0,108651.13,108804.99,28.84897,1761198479999,3136032.48943130,4340,19.45426000,2114949.70773340,0
2025-10-23 05:48:00,108804.99,108827.38,108778.64,108811.99,43.22608,1761198659999,4703048.96070310,3372,16.22530000,1765302.68223770,0
2025-10-23 05:51:00,108811.98,108892.72,108811.98,108872.51,22.87824,1761198839999,2490720.11219850,4398,14.94851000,1627328.87142410,0
2025-10-23 05:54:00,108872.71,108948.7,108872.7,108948.69,15.69554,1761199019999,1709567.52536950,4615,8.41728000,916816.29134350,0
2025-10-23 05:57:00,108948.69,108991.81,108940.57,108940.58,30.17623,1761199199999,3288233.40977610,5173,22.12271000,2410631.68948950,0
2025-10-23 06:00:00,108940.58,108959.12,108856.97,108860.49,27.16119,1761199379999,2958395.60294210,5145,6.30447000,686818.36043950,0
2025-10-23 06:03:00,108860.48,108911.08,108849.07,108911.08,27.50318,1761199559999,2994546.44231890,3728,13.26363000,1444046.40649240,0
2025-10-23 06:06:00,108911.08,109052.63,108911.07,109035.44,52.23329,1761199739999,5692980.29719120,7282,38.44276000,4189900.16189840,0
2025-10-23 06:09:00,109035.44,109035.61,109009.1,109009.11,27.56315,1761199919999,3004924.90807870,3521,13.79993000,1504412.47059070,0
2025-10-23 06:12:00,109009.11,109100.0,108960.0,109079.0,47.76068,1761200099999,5207089.79483160,7729,30.99670000,3379290.34160680,0
2025-10-23 06:15:00,109079.0,110000.0,109068.78,109983.2,444.89514,1761200279999,48771815.01013110,45192,282.57034000,30975516.24815770,0
2025-10-23 06:18:00,109983.2,110084.0,109789.01,109835.15,171.41274,1761200459999,18846209.39731640,27828,89.98018000,9893625.17337330,0
2025-10-23 06:21:00,109835.15,110137.72,109750.0,110137.72,106.75205,1761200639999,11736606.78806140,17562,61.28331000,6737437.86072760,0
2025-10-23 06:24:00,110137.73,110188.38,109946.24,110075.99,70.98184,1761200819999,7813941.22188500,17745,36.97600000,4070999.81707930,0
2025-10-23 06:27:00,110075.98,110075.99,109881.05,109881.05,41.65107,1761200999999,4579166.79767990,9488,10.16407000,1117215.35386710,0
2025-10-23 06:30:00,109881.05,110031.21,109845.87,109867.34,53.96308,1761201179999,5932510.16966200,14828,27.08903000,2978067.57103780,0
2025-10-23 06:33:00,109867.34,109881.16,109778.08,109881.15,29.13675,1761201359999,3200038.57865630,9579,14.84378000,1630352.13506590,0
2025-10-23 06:36:00,109881.15,109970.79,109855.44,109950.0,35.11409,1761201539999,3858901.75886910,7600,22.08114000,2426724.01567320,0
2025-10-23 06:39:00,109950.0,110019.05,109893.04,110016.73,28.76883,1761201719999,3163003.61298640,7011,20.02897000,2202099.30636940,0
2025-10-23 06:42:00,110016.74,110096.45,109978.35,110019.99,41.25758,1761201899999,4539636.77874650,8853,22.30351000,2454053.97291660,0
2025-10-23 06:45:00,110019.99,110203.03,110019.99,110203.03,44.05213,1761202079999,4850344.44132220,7850,27.23435000,2998759.29671380,0
2025-10-23 06:48:00,110203.02,110204.65,110035.48,110137.81,34.97107,1761202259999,3851717.80266600,10253,17.23434000,1898152.83421870,0
2025-10-23 06:51:00,110137.8,110298.29,110110.96,110174.72,67.83651,1761202439999,7475980.91164770,13308,29.49945000,3251117.43394530,0
2025-10-23 06:54:00,110174.72,110205.82,110028.0,110167.72,81.24302,1761202619999,8947761.45719160,13564,35.21411000,3878122.60534780,0
2025-10-23 06:57:00,110167.73,110267.49,110144.71,110246.94,38.04501,1761202799999,4192947.14419610,5344,18.59359000,2049508.23709780,0
2025-10-23 07:00:00,110246.93,110273.48,110007.45,110073.99,52.37418,1761202979999,5766964.79100960,12745,17.20493000,1893877.12973550,0
2025-10-23 07:03:00,110073.99,110085.99,109917.07,110050.38,143.75445,1761203159999,15812975.73732350,11675,64.19659000,7062242.70862020,0
2025-10-23 07:06:00,110050.38,110095.62,109953.75,109957.46,81.55635,1761203339999,8975633.16795580,7987,15.54689000,1711040.98140650,0
2025-10-23 07:09:00,109957.47,110003.01,109875.82,109884.64,43.6875,1761203519999,4803066.50046840,7093,9.04492000,994438.88366390,0
2025-10-23 07:12:00,109884.65,109950.79,109770.43,109795.05,59.91721,1761203699999,6582546.38182430,7293,19.06819000,2094947.79021240,0
2025-10-23 07:15:00,109795.04,109875.82,109748.88,109832.48,32.92609,1761203879999,3615317.52943740,7870,18.81985000,2066440.79381350,0
2025-10-23 07:18:00,109832.49,109866.41,109749.9,109800.91,28.19962,1761204059999,3096100.31235490,6652,11.30101000,1240712.71748430,0
2025-10-23 07:21:00,109800.9,109818.67,109589.4,109589.4,54.90221,1761204239999,6023482.17533290,9961,17.98172000,1973033.18510340,0
2025-10-23 07:24:00,109589.41,109589.41,109387.34,109444.95,126.37631,1761204419999,13833838.38907680,18278,70.12977000,7676218.46957610,0
2025-10-23 07:27:00,109444.95,109560.41,109443.97,109546.35,24.21862,1761204599999,2652113.83812170,5118,13.72278000,1502650.49821180,0
2025-10-23 07:30:00,109546.35,109605.0,109492.06,109545.35,33.46182,1761204779999,3666028.95170880,9131,17.65403000,1934159.71704400,0
2025-10-23 07:33:00,109545.35,109545.35,109452.74,109455.15,15.80401,1761204959999,1730022.88501120,5309,5.32106000,582445.07064980,0
2025-10-23 07:36:00,109456.01,109456.03,109270.0,109287.05,31.33576,1761205139999,3426673.07300720,11209,7.61256000,832295.50800410,0
2025-10-23 07:39:00,109287.05,109334.57,109207.75,109257.0,31.66698,1761205319999,3460059.80251410,7742,8.05072000,879695.10132180,0
2025-10-23 07:42:00,109256.99,109453.24,109256.99,109422.7,66.08842,1761205499999,7228885.05871980,7169,55.79852000,6103273.40818520,0
2025-10-23 07:45:00,109422.7,109547.75,109422.7,109497.4,57.61758,1761205679999,6308878.83252240,7658,33.58950000,3678047.67456640,0
2025-10-23 07:48:00,109497.39,109546.2,109411.76,109419.26,25.15502,1761205859999,2754163.93226610,8185,11.41624000,1249919.68680470,0
2025-10-23 07:51:00,109419.25,109427.55,109349.13,109349.13,18.91787,1761206039999,2069336.80595500,6623,6.75923000,739326.17570350,0
2025-10-23 07:54:00,109349.13,109354.43,109225.6,109332.09,43.17,1761206219999,4717868.23456950,8773,21.03656000,2298736.14131670,0
2025-10-23 07:57:00,109332.09,109332.09,109223.01,109269.9,28.08853,1761206399999,3069511.62827980,6321,9.85925000,1077449.91425090,0
2025-10-23 08:00:00,109269.9,109500.37,109245.48,109500.37,69.1565,1761206579999,7565530.86106160,8743,47.28288000,5173390.43541460,0
2025-10-23 08:03:00,109500.36,109646.37,109454.52,109624.19,104.33809,1761206759999,11428630.70265200,12754,46.54068000,5098534.43115330,0
2025-10-23 08:06:00,109624.2,109708.9,109600.0,109638.68,108.59793,1761206939999,11908492.09109300,11624,47.45309000,5202949.11529480,0
2025-10-23 08:09:00,109638.68,109718.31,109586.4,109681.66,75.07811,1761207119999,8231476.33847280,8326,19.72461000,2162850.63830810,0
2025-10-23 08:12:00,109681.66,109762.54,109675.56,109718.98,21.35178,1761207299999,2342570.22572640,8333,11.96769000,1313001.98139800,0
2025-10-23 08:15:00,109718.99,109798.35,109654.33,109798.34,24.83084,1761207479999,2724566.90950380,7981,16.08491000,1764984.17363640,0
2025-10-23 08:18:00,109798.35,109903.83,109768.0,109811.27,46.83549,1761207659999,5143707.16769320,13379,19.69469000,2163228.91545720,0
2025-10-23 08:21:00,109811.28,109811.28,109693.42,109772.15,28.62145,1761207839999,3141097.52822440,9442,7.34420000,806036.51415230,0
2025-10-23 08:24:00,109772.14,109772.15,109663.95,109680.41,19.23666,1761208019999,2110534.03654420,6761,7.23228000,793420.68766940,0
2025-10-23 08:27:00,109680.42,109804.65,109663.97,109782.67,18.1628,1761208199999,1993082.84009990,6470,10.79760000,1184700.56086010,0
2025-10-23 08:30:00,109782.66,109803.05,109722.19,109738.61,18.21657,1761208379999,1999441.87298390,6366,3.89474000,427463.21830510,0
2025-10-23 08:33:00,109738.61,109770.58,109680.06,109680.06,18.37724,1761208559999,2016699.76916790,6104,3.20577000,351751.21048610,0
2025-10-23 08:36:00,109680.07,109681.81,109459.78,109459.78,51.44077,1761208739999,5636137.77409670,11004,9.51021000,1042063.50743860,0
2025-10-23 08:39:00,109459.78,109594.01,109459.78,109584.81,19.91663,1761208919999,2181710.41312140,7088,10.72748000,1175049.28087910,0
2025-10-23 08:42:00,109584.8,109599.99,109505.5,109585.1,11.14055,1761209099999,1220544.34493920,5502,3.92848000,430405.57402440,0
2025-10-23 08:45:00,109585.1,109655.74,109585.1,109615.85,17.53177,1761209279999,1921816.93247810,5388,11.20679000,1228456.32298630,0
2025-10-23 08:48:00,109615.85,109699.63,109604.46,109619.58,15.05397,1761209459999,1650611.13415350,4973,9.87963000,1083240.62496500,0
2025-10-23 08:51:00,109619.59,109668.08,109606.83,109606.84,17.5919,1761209639999,1928960.03646250,5065,4.31131000,472655.18636250,0
2025-10-23 08:54:00,109606.84,109606.84,109386.55,109459.76,35.17629,1761209819999,3851151.51772340,7231,11.65678000,1276011.47030560,0
2025-10-23 08:57:00,109459.76,109520.4,109459.75,109505.44,16.76137,1761209999999,1835287.80625890,3763,7.29772000,799066.38137640,0
2025-10-23 09:00:00,109505.45,109520.4,109467.11,109517.37,11.18152,1761210179999,1224300.85399250,4080,4.18493000,458210.46685040,0
2025-10-23 09:03:00,109517.37,109545.76,109355.5,109384.29,26.06858,1761210359999,2851978.80239950,8976,7.88215000,862316.23545910,0
2025-10-23 09:06:00,109384.29,109440.0,109270.0,109349.69,46.909,1761210539999,5129371.59250510,6639,12.98388000,1419743.69375410,0
2025-10-23 09:09:00,109349.7,109381.61,109180.97,109243.18,33.07203,1761210719999,3613511.14472600,9421,8.60340000,940157.46588020,0
2025-10-23 09:12:00,109243.18,109257.98,109138.0,109138.01,46.1317,1761210899999,5037839.97242140,7563,11.60589000,1267572.35779460,0
2025-10-23 09:15:00,109138.01,109282.82,109123.01,109281.24,71.04228,1761211079999,7757425.43440290,7510,37.93422000,4142474.75001980,0
2025-10-23 09:18:00,109281.24,109342.12,109260.0,109287.03,15.18218,1761211259999,1659374.73246090,5560,8.51356000,930461.16901770,0
2025-10-23 09:21:00,109287.03,109347.48,109251.34,109347.47,39.0128,1761211439999,4264132.51530400,5760,30.31520000,3313480.87417280,0
2025-10-23 09:24:00,109347.48,109428.0,109325.49,109360.01,36.2685,1761211619999,3967244.44292220,7410,17.18485000,1879462.07937320,0
2025-10-23 09:27:00,109360.01,109429.42,109357.12,109429.41,12.93846,1761211799999,1415275.34351900,2838,7.08586000,775103.13174840,0
2025-10-23 09:30:00,109429.41,109439.98,109377.8,109389.28,18.24251,1761211979999,1996044.53846830,4834,11.06817000,1211085.62546490,0
2025-10-23 09:33:00,109389.28,109438.42,109380.05,109438.31,7.6667,1761212159999,838810.01917990,2868,3.72284000,407311.40796080,0
2025-10-23 09:36:00,109438.3,109438.31,109400.01,109400.02,14.83939,1761212339999,1623563.70732250,3269,6.22277000,680816.86514280,0
2025-10-23 09:39:00,109400.01,109400.02,109345.1,109382.0,12.34065,1761212519999,1349740.17857260,4565,5.54929000,606911.27594500,0
2025-10-23 09:42:00,109382.0,109404.45,109377.63,109377.64,7.72257,1761212699999,844786.34778070,1966,2.83221000,309824.77990720,0
2025-10-23 09:45:00,109377.63,109377.64,109313.84,109332.44,10.54311,1761212879999,1152885.63245300,3199,2.92954000,320316.09187390,0
2025-10-23 09:48:00,109332.44,109368.96,109302.54,109368.96,22.46528,1761213059999,2456246.05902430,5736,5.19954000,568448.80866210,0
2025-10-23 09:51:00,109368.95,109430.0,109350.11,109386.69,18.24735,1761213239999,1995926.31834720,6739,8.52548000,932529.59502600,0
2025-10-23 09:54:00,109386.68,109467.88,109375.27,109462.93,25.01924,1761213419999,2737283.71645760,4936,13.61015000,1489035.84243670,0
2025-10-23 09:57:00,109462.92,109497.37,109411.51,109426.99,28.18587,1761213599999,3085142.65808550,10574,11.67345000,1277801.25436010,0
2025-10-23 10:00:00,109427.0,109557.91,109426.99,109557.9,31.70792,1761213779999,3471639.77894270,6514,19.37395000,2121162.56241670,0
2025-10-23 10:03:00,109557.9,109557.91,109480.51,109481.97,14.71815,1761213959999,1611937.39224970,6321,4.04201000,442640.79517700,0
2025-10-23 10:06:00,109481.98,109556.65,109405.39,109556.62,19.50402,1761214139999,2135048.20997690,8997,9.24211000,1011843.46339720,0
2025-10-23 10:09:00,109556.62,109556.63,109449.03,109512.34,34.52597,1761214319999,3780232.53792570,8990,7.81362000,855545.87231780,0
2025-10-23 10:12:00,109512.33,109583.1,109512.33,109583.1,12.49034,1761214499999,1368314.09235800,5057,9.39412000,1029112.57980700,0
2025-10-23 10:15:00,109583.09,109701.9,109561.07,109629.52,29.4521,1761214679999,3229388.48690670,7786,18.01740000,1975541.85401320,0
2025-10-23 10:18:00,109629.53,109686.99,109629.05,109629.06,13.49104,1761214859999,1479391.04935100,5440,6.53773000,716864.89430550,0
2025-10-23 10:21:00,109629.05,109651.02,109610.09,109624.61,10.44423,1761215039999,1145018.42470480,3181,4.19352000,459715.66757290,0
2025-10-23 10:24:00,109624.6,109624.61,109528.14,109556.69,33.49501,1761215219999,3670002.44741160,5247,5.82246000,637852.14386820,0
2025-10-23 10:27:00,109556.69,109573.33,109528.0,109528.0,7.90649,1761215399999,866190.48711070,3547,1.70408000,186690.39896850,0
2025-10-23 10:30:00,109528.0,109528.0,109459.75,109502.5,13.18573,1761215579999,1443804.31407280,4154,5.28773000,578916.14163540,0
2025-10-23 10:33:00,109502.51,109564.02,109473.56,109489.05,24.88558,1761215759999,2725434.39052630,6064,11.63785000,1274449.64241490,0
2025-10-23 10:36:00,109489.05,109503.79,109406.89,109494.84,36.21992,1761215939999,3964423.96384870,9323,15.64292000,1711986.15803590,0
2025-10-23 10:39:00,109494.84,109517.97,109439.34,109439.34,19.88948,1761216119999,2177706.37921340,3468,6.70849000,734464.38503300,0
2025-10-23 10:42:00,109439.34,109473.99,109370.05,109452.72,24.17149,1761216299999,2644983.85307170,4196,9.97155000,1091233.67273660,0
2025-10-23 10:45:00,109452.72,109459.76,109417.02,109446.51,6.50764,1761216479999,712262.29886880,2116,3.62671000,396949.49972970,0
2025-10-23 10:48:00,109446.51,109563.39,109446.5,109563.38,20.63299,1761216659999,2259560.82703360,3451,15.96041000,1747828.21902260,0
2025-10-23 10:51:00,109563.38,109608.48,109476.21,109476.21,22.5208,1761216839999,2467218.68505330,5227,9.79667000,1073333.09046550,0
2025-10-23 10:54:00,109476.22,109476.22,109444.99,109459.75,14.06053,1761217019999,1539135.35704750,2504,4.89538000,535851.52542760,0
2025-10-23 10:57:00,109459.75,109490.77,109439.2,109439.2,11.68087,1761217199999,1278678.41580640,2825,5.14521000,563257.44472520,0
2025-10-23 11:00:00,109439.2,109486.0,109404.6,109486.0,10.6342,1761217379999,1163771.49156840,4197,4.92121000,538598.84447160,0
2025-10-23 11:03:00,109485.99,109486.21,109450.62,109459.75,7.55837,1761217559999,827372.03092000,2940,2.06667000,226234.74787720,0
2025-10-23 11:06:00,109459.75,109500.0,109386.18,109454.18,15.08257,1761217739999,1650577.25375580,6453,5.44513000,595916.23499910,0
2025-10-23 11:09:00,109454.19,109473.77,109400.76,109400.77,8.03836,1761217919999,879740.92447830,4357,1.57429000,172304.99055760,0
2025-10-23 11:12:00,109400.77,109417.74,109368.95,109395.92,9.87551,1761218099999,1080295.16389660,4733,4.92077000,538258.50924150,0
2025-10-23 11:15:00,109395.93,109443.9,109289.08,109443.9,20.94144,1761218279999,2290184.19318860,8307,8.96516000,980438.55480070,0
2025-10-23 11:18:00,109443.9,109473.44,109355.5,109444.13,23.07257,1761218459999,2524373.98185890,7497,13.48176000,1474978.37782780,0
2025-10-23 11:21:00,109444.14,109566.43,109444.13,109551.13,18.19794,1761218639999,1993037.38654740,5136,10.92551000,1196447.50196720,0
2025-10-23 11:24:00,109551.12,109590.0,109514.0,109574.71,40.70977,1761218819999,4460016.77529920,3827,15.09429000,1653652.39684950,0
2025-10-23 11:27:00,109574.7,109655.89,109537.58,109537.59,46.79651,1761218999999,5128722.94506240,7496,22.87258000,2507006.04422950,0
2025-10-23 11:30:00,109537.6,109556.76,109352.6,109396.05,65.31215,1761219179999,7150354.39052480,8778,9.56873000,1046920.86897670,0
2025-10-23 11:33:00,109396.05,109402.77,109185.72,109219.5,40.51684,1761219359999,4427514.82391030,9784,10.78905000,1178889.94723370,0
2025-10-23 11:36:00,109219.49,109330.43,109100.4,109312.77,67.32772,1761219539999,7352501.06577820,10635,24.67838000,2694867.73165390,0
2025-10-23 11:39:00,109312.77,109364.0,109191.15,109191.15,26.06795,1761219719999,2849322.11210220,7586,12.94182000,1414552.33788010,0
2025-10-23 11:42:00,109191.16,109257.98,109158.94,109217.51,34.6032,1761219899999,3778736.34677890,7527,9.66292000,1055236.31590840,0
2025-10-23 11:45:00,109217.51,109218.2,109176.8,109218.19,25.67975,1761220079999,2804168.63186500,6266,6.14996000,671531.68274900,0
2025-10-23 11:48:00,109218.19,109334.29,109206.04,109223.37,29.78928,1761220259999,3254658.38397090,7620,10.90478000,1191497.22182340,0
2025-10-23 11:51:00,109223.37,109244.97,109147.0,109244.97,9.82639,1761220439999,1073119.92712770,5603,3.88601000,424389.79194490,0
2025-10-23 11:54:00,109244.97,109276.22,109185.85,109264.01,15.62565,1761220619999,1706819.50452600,5192,9.22405000,1007506.10006090,0
2025-10-23 11:57:00,109264.0,109288.9,109239.01,109253.89,46.36813,1761220799999,5066118.44381740,3567,32.90365000,3594924.70886490,0
2025-10-23 12:00:00,109253.88,109253.89,108783.7,108872.03,173.07161,1761220979999,18860556.76684790,22615,53.69488000,5850459.44642790,0
2025-10-23 12:03:00,108872.03,108991.99,108685.72,108940.0,99.61804,1761221159999,10841621.66672450,24068,34.91808000,3799702.07201980,0
2025-10-23 12:06:00,108940.0,109047.2,108820.88,108851.28,51.09858,1761221339999,5566646.29027570,13717,30.08515000,3277515.80557680,0
2025-10-23 12:09:00,108851.27,109047.21,108851.27,108987.51,42.61414,1761221519999,4643902.83659720,9581,23.42581000,2552978.82333230,0
2025-10-23 12:12:00,108987.52,109023.71,108929.27,108929.27,28.8402,1761221699999,3142988.67392850,7947,12.12713000,1321497.75301810,0
2025-10-23 12:15:00,108929.27,109059.72,108861.82,109059.72,29.30762,1761221879999,3193972.64259200,10233,17.40700000,1897092.39654280,0
2025-10-23 12:18:00,109059.71,109100.0,108994.0,109055.49,47.46297,1761222059999,5176664.96557240,10317,36.20033000,3948395.27499180,0
2025-10-23 12:21:00,109055.48,109219.87,109055.48,109095.89,34.80428,1761222239999,3798764.25552770,13721,20.36041000,2222131.07588740,0
2025-10-23 12:24:00,109095.89,109159.29,109052.17,109104.38,31.859,1761222419999,3476636.01906380,8367,22.38063000,2442473.60048060,0
2025-10-23 12:27:00,109104.37,109159.29,109103.13,109130.73,13.87201,1761222599999,1513884.87451450,4698,6.18055000,674486.18527890,0
2025-10-23 12:30:00,109130.72,109130.72,108827.98,108900.91,78.95524,1761222779999,8604030.12304040,11945,11.64387000,1268307.69191330,0
2025-10-23 12:33:00,108900.92,108981.42,108790.93,108866.85,57.87692,1761222959999,6302655.68425110,8077,18.78345000,2045364.41306080,0
2025-10-23 12:36:00,108866.85,108993.95,108851.76,108909.42,38.76926,1761223139999,4221944.12078170,8576,12.06757000,1314291.72278380,0
2025-10-23 12:39:00,108909.42,109034.52,108895.82,109032.86,22.09837,1761223319999,2408390.34696680,6470,12.61608000,1374898.43801710,0
2025-10-23 12:42:00,109032.86,109071.99,109029.11,109070.69,9.47379,1761223499999,1033131.69243390,2410,7.35179000,801710.05900780,0
2025-10-23 12:45:00,109070.7,109131.62,109029.89,109069.72,34.32431,1761223679999,3744492.48425890,8429,18.05018000,1969109.76419090,0
2025-10-23 12:48:00,109069.73,109188.0,109031.11,109115.07,40.67097,1761223859999,4438182.69877340,9624,26.07966000,2845808.97974450,0
2025-10-23 12:51:00,109115.08,109115.08,109021.49,109058.49,55.02478,1761224039999,6001195.74462520,8185,24.04272000,2622144.83459000,0
2025-10-23 12:54:00,109058.48,109098.99,109049.05,109086.52,34.57491,1761224219999,3771425.29969050,4755,14.71196000,1604666.73997520,0
2025-10-23 12:57:00,109086.51,109169.9,109077.72,109164.94,28.99513,1761224399999,3163544.83536620,3478,16.14257000,1761042.52271810,0
2025-10-23 13:00:00,109164.95,109230.76,109038.18,109069.73,53.12699,1761224579999,5797869.67443330,8527,21.03645000,2296333.74823710,0
2025-10-23 13:03:00,109069.73,109069.74,108999.6,108999.61,55.74082,1761224759999,6077309.91262120,7265,15.49163000,1689031.43033550,0
2025-10-23 13:06:00,108999.61,109036.46,108950.34,108950.35,48.78284,1761224939999,5317044.00200170,7563,13.07292000,1424886.23878390,0
2025-10-23 13:09:00,108950.35,108950.35,108800.01,108869.75,72.72137,1761225119999,7916450.48362540,10742,19.17205000,2086634.49382940,0
2025-10-23 13:12:00,108869.75,109075.16,108869.74,109075.16,29.82199,1761225299999,3250392.36816780,4176,27.04472000,2947795.35483280,0
2025-10-23 13:15:00,109075.16,109099.0,109022.77,109022.78,26.10724,1761225479999,2847501.97585960,5795,10.73496000,1170834.14915740,0
2025-10-23 13:18:00,109022.77,109022.77,108946.83,108962.79,22.8751,1761225659999,2492545.13094130,7375,5.55664000,605468.94236910,0
2025-10-23 13:21:00,108962.79,109019.0,108932.01,109003.7,33.77437,1761225839999,3680179.49071450,7137,9.97155000,1086536.14391580,0
2025-10-23 13:24:00,109003.7,109169.03,109000.0,109125.78,48.62604,1761226019999,5305381.29266200,8545,23.32669000,2544862.92596400,0
2025-10-23 13:27:00,109125.78,109143.76,109058.68,109140.88,22.59331,1761226199999,2465315.91455880,4199,10.31403000,1125364.55040860,0
2025-10-23 13:30:00,109140.88,109200.0,109016.49,109136.05,52.99066,1761226379999,5781526.88184130,17352,20.92305000,2283112.01445090,0
2025-10-23 13:33:00,109136.04,109430.39,109011.6,109417.47,144.16085,1761226559999,15750292.51333890,25436,93.12846000,10175917.36100110,0
2025-10-23 13:36:00,109417.47,109440.0,109340.94,109411.75,88.3659,1761226739999,9665440.40307740,17514,51.45104000,5627450.34599850,0
2025-10-23 13:39:00,109411.75,109650.01,109362.42,109386.11,266.35126,1761226919999,29181274.71147510,19088,166.90951000,18284267.95841820,0
2025-10-23 13:42:00,109386.1,109416.78,109179.1,109382.13,89.80626,1761227099999,9818207.09379470,17513,28.12399000,3074190.61202740,0
2025-10-23 13:45:00,109382.14,109478.62,109237.92,109409.36,61.74603,1761227279999,6752011.99144790,17156,34.47306000,3770233.28618520,0
2025-10-23 13:48:00,109409.37,109619.24,109399.28,109613.49,61.29963,1761227459999,6713075.90930120,16648,45.44233000,4976121.23273260,0
2025-10-23 13:51:00,109613.5,109619.21,109429.24,109508.0,43.33389,1761227639999,4744625.26300820,14644,20.75984000,2272787.46837670,0
2025-10-23 13:54:00,109507.99,109627.5,109489.28,109503.8,30.17646,1761227819999,3306075.61870650,11938,17.14853000,1878710.24660760,0
2025-10-23 13:57:00,109503.79,109503.79,109342.77,109371.62,21.13897,1761227999999,2312866.51434970,7647,6.70664000,733659.79427870,0
