OpenTime,Open,High,Low,Close,Volume,CloseTime,QuoteAssetVolume,NumberOfTrades,TakerBuyBaseVolume,TakerBuyQuoteVolume,Ignore
2025-05-10 00:00:00,102971.99,103265.82,102818.76,103226.24,1788.89448,1746849599999,184316862.03606050,249041,898.98762000,92630297.46882460,0
2025-05-10 04:00:00,103226.25,104100.0,103034.5,103759.71,2472.72488,1746863999999,256087351.20196760,360934,1423.10708000,147413699.91019660,0
2025-05-10 08:00:00,103759.71,104079.37,103366.0,103434.94,2876.2662,1746878399999,298211877.44049660,437344,1519.22559000,157502119.04999220,0
2025-05-10 12:00:00,103434.94,103825.4,103100.0,103138.77,1933.54411,1746892799999,200170553.61533080,267751,975.98717000,101068225.59224630,0
2025-05-10 16:00:00,103138.76,103619.68,103005.33,103191.35,2330.41287,1746907199999,240734847.13141960,325301,1253.72372000,129508604.63127020,0
2025-05-10 20:00:00,103191.35,104984.57,103068.87,104809.53,3922.94357,1746921599999,408864787.07713990,587474,2187.20360000,227972342.86913470,0
2025-05-11 00:00:00,104809.53,104972.0,103466.05,104007.03,3855.57081,1746935999999,401736209.12181510,767833,1884.35850000,196344907.13893340,0
2025-05-11 04:00:00,104007.03,104400.0,103345.06,103385.47,2952.77072,1746950399999,306578693.63029120,424357,1556.82321000,161641077.45496330,0
2025-05-11 08:00:00,103385.46,104777.0,103380.95,104652.01,2472.65506,1746964799999,257788398.42434820,336695,1243.29686000,129592878.04854990,0
2025-05-11 12:00:00,104652.01,104888.0,103775.91,104150.0,4500.51294,1746979199999,469363926.81539600,602440,2162.96928000,225660253.34225190,0
2025-05-11 16:00:00,104150.0,104832.82,103750.0,104420.0,2312.17239,1746993599999,240934842.00313220,496122,1173.17628000,122285638.58860170,0
2025-05-11 20:00:00,104420.0,104578.62,103569.77,104118.0,1893.44005,1747007999999,196979707.21744270,472729,1051.33165000,109378530.53400780,0
2025-05-12 00:00:00,104118.0,105086.42,103702.15,104100.13,4046.32885,1747022399999,422221885.90867910,685325,2147.81041000,224230500.36513240,0
2025-05-12 04:00:00,104100.13,105819.45,103750.0,104467.99,6956.58682,1747036799999,730018983.36173360,874969,3962.92658000,416039069.59406300,0
2025-05-12 08:00:00,104467.99,104736.45,103625.0,103762.9,4195.60245,1747051199999,437679413.20244280,663617,2125.00337000,221732501.32883370,0
2025-05-12 12:00:00,103762.89,104629.96,102388.0,102527.26,7882.24448,1747065599999,815715248.00549920,1479231,4039.79147000,418259139.44061450,0
2025-05-12 16:00:00,102527.27,103088.88,100718.37,101860.0,6054.64243,1747079999999,617480364.88629690,1157612,2988.87113000,304965822.29330660,0
2025-05-12 20:00:00,101859.99,103127.92,101770.2,102791.32,2137.37289,1747094399999,219233042.01841750,437653,1191.59501000,122230763.56618930,0
2025-05-13 00:00:00,102791.32,102791.32,101429.7,101719.4,3352.34144,1747108799999,342419286.38425400,798827,1514.12973000,154684006.71248180,0
2025-05-13 04:00:00,101719.4,102943.28,101610.56,102665.5,3546.89229,1747123199999,363601013.98565380,454015,2136.47362000,219051816.61858660,0
2025-05-13 08:00:00,102665.5,103822.03,102540.18,103729.2,2797.46591,1747137599999,288841502.84406120,411752,1508.48758000,155803277.67596360,0
2025-05-13 12:00:00,103729.2,103966.0,102811.32,103682.55,4451.38278,1747151999999,460820760.54926740,899294,2168.73261000,224587525.32673900,0
2025-05-13 16:00:00,103682.54,104976.25,103532.18,104792.22,5053.45199,1747166399999,527482224.34906680,715366,2440.65494000,254658939.98862280,0
2025-05-13 20:00:00,104792.21,104928.0,103869.01,104103.72,2051.88968,1747180799999,214079330.04006370,424277,937.49997000,97824098.38540120,0
2025-05-14 00:00:00,104103.72,104115.86,103453.26,103587.44,3010.71837,1747195199999,312658133.18091150,507157,1379.63949000,143258282.57519070,0
2025-05-14 04:00:00,103587.44,103971.0,103381.02,103716.55,2102.25399,1747209599999,218031701.21327820,336510,993.45992000,103036754.01603700,0
2025-05-14 08:00:00,103716.55,104145.0,102875.22,103944.93,3535.76301,1747223999999,366035334.42456370,530488,1870.01331000,193613500.36654590,0
2025-05-14 12:00:00,103944.93,104356.95,102833.55,103514.24,5202.04446,1747238399999,539031189.72704300,879190,2535.01997000,262887346.84670240,0
2025-05-14 16:00:00,103514.24,103720.44,102602.05,103321.72,1856.97684,1747252799999,191820174.33681660,547593,863.31201000,89178138.07394080,0
2025-05-14 20:00:00,103321.73,103667.52,103304.66,103507.82,745.15143,1747267199999,77131746.50579790,224283,384.58863000,39809449.77594420,0
2025-05-15 00:00:00,103507.83,103866.51,102720.0,102753.63,1797.79721,1747281599999,185567025.72331390,464855,659.63706000,68093306.52496150,0
2025-05-15 04:00:00,102753.62,102962.38,101724.17,101779.99,2353.66229,1747295999999,240923000.30769470,598181,1041.33627000,106602195.71642100,0
2025-05-15 08:00:00,101779.99,102441.0,101500.0,102371.61,2612.10704,1747310399999,266377257.17328780,525061,1380.44822000,140783388.65582310,0
2025-05-15 12:00:00,102371.62,103291.99,101383.07,103251.35,4312.54952,1747324799999,441184221.14340480,1101180,2045.32912000,209327580.78541010,0
2025-05-15 16:00:00,103251.36,104192.7,102552.35,103157.26,4442.22626,1747339199999,459594344.56658890,890090,2052.50863000,212408897.22881150,0
2025-05-15 20:00:00,103157.26,103980.84,102708.46,103763.71,2480.64372,1747353599999,256537625.61491350,560110,1295.92106000,134028976.65270880,0
2025-05-16 00:00:00,103763.71,104466.01,103467.91,104023.49,3294.14952,1747367999999,342613963.04308990,619899,1618.00096000,168309538.05277000,0
2025-05-16 04:00:00,104023.49,104190.48,103694.18,103710.17,2338.96041,1747382399999,243145722.21313600,400768,1317.46389000,136948650.65350530,0
2025-05-16 08:00:00,103710.17,103900.0,103100.49,103651.71,3118.57852,1747396799999,322949476.61379540,551272,1271.34167000,131706935.02024100,0
2025-05-16 12:00:00,103651.72,104286.0,103343.07,104183.33,3503.77985,1747411199999,363761601.00034420,779062,1812.46231000,188178816.83647660,0
2025-05-16 16:00:00,104183.32,104550.33,103587.0,104032.6,2352.84073,1747425599999,244925831.93594890,580856,1082.55281000,112737388.23920900,0
2025-05-16 20:00:00,104032.6,104032.6,103397.5,103463.9,1075.57121,1747439999999,111435777.51783370,305585,453.33637000,46969053.39207280,0
2025-05-17 00:00:00,103463.9,103600.0,102612.5,103508.48,2858.83928,1747454399999,294811054.76476190,606419,1381.64788000,142505778.22432340,0
2025-05-17 04:00:00,103508.48,103709.86,103285.71,103451.14,1318.92723,1747468799999,136518050.59663240,263551,772.09360000,79911451.19660920,0
2025-05-17 08:00:00,103451.13,103568.58,102753.67,102994.17,2720.30154,1747483199999,280373790.91307370,485524,1294.81309000,133494800.39509040,0
2025-05-17 12:00:00,102994.18,103180.0,102640.02,102939.53,1272.66735,1747497599999,131036483.90420670,446752,571.01015000,58797027.77300280,0
2025-05-17 16:00:00,102939.52,103350.0,102761.9,103158.6,1287.9669,1747511999999,132762878.92507950,371633,633.82509000,65343394.81889500,0
2025-05-17 20:00:00,103158.6,103477.87,102900.72,103126.65,1792.19392,1747526399999,184916103.84686390,394718,681.72544000,70327276.32592930,0
2025-05-18 00:00:00,103126.65,103409.98,103105.09,103295.7,913.9652,1747540799999,94387260.38216330,251564,423.24862000,43708332.41553980,0
2025-05-18 04:00:00,103295.7,103988.0,103295.69,103919.39,1414.68073,1747555199999,146518338.31552140,227414,808.53727000,83753799.07241840,0
2025-05-18 08:00:00,103919.39,104088.2,103800.0,103800.54,1574.15623,1747569599999,163586363.71232210,255909,860.94052000,89468868.74722300,0
2025-05-18 12:00:00,103800.55,105680.0,103701.4,105518.0,4982.50382,1747583999999,522726120.00799380,545204,3137.24621000,329137570.27392310,0
2025-05-18 16:00:00,105518.0,105980.0,103851.01,103883.97,5395.35549,1747598399999,566207006.66312260,711164,2733.75208000,286951733.22894240,0
2025-05-18 20:00:00,103883.98,106660.0,103285.71,106454.26,7319.32579,1747612799999,768789882.99381520,1202045,3701.17434000,388894248.31715450,0
2025-05-19 00:00:00,106454.27,107108.62,103534.47,103605.88,5830.4141,1747627199999,613972679.50196180,1121158,2890.50580000,304839454.81539660,0
2025-05-19 04:00:00,103605.9,103779.99,102000.0,103226.29,7899.03768,1747641599999,812576882.55724470,1162776,3257.99150000,335271805.35778100,0
2025-05-19 08:00:00,103226.29,103425.53,102782.6,102963.41,2683.33916,1747655999999,276620177.13536050,556279,1284.59197000,132442159.53122090,0
2025-05-19 12:00:00,102963.4,104968.75,102126.16,104786.41,6071.83103,1747670399999,628993087.09502450,889576,3095.51691000,320736163.44674450,0
2025-05-19 16:00:00,104786.42,105561.76,104491.53,105517.7,4503.35567,1747684799999,473238896.29512350,723621,2229.95820000,234329975.90746730,0
2025-05-19 20:00:00,105517.64,105829.99,105016.27,105573.74,3272.0576,1747699199999,344922782.01073650,427961,1449.74462000,152833336.02554590,0
2025-05-20 00:00:00,105573.73,106853.27,105533.01,105761.92,5750.55327,1747713599999,610461798.74083790,843042,3060.50928000,324907264.33022570,0
2025-05-20 04:00:00,105761.92,106399.0,104928.44,105021.71,3035.55334,1747727999999,320734204.93101130,480982,1479.37814000,156389767.11169740,0
2025-05-20 08:00:00,105021.7,105416.66,104847.16,105203.76,2326.54242,1747742399999,244675230.20803590,334627,1209.44874000,127209793.96063730,0
2025-05-20 12:00:00,105203.75,105391.27,104184.72,105333.68,3799.70194,1747756799999,397803189.63440140,622852,2089.14724000,218745960.80079760,0
2025-05-20 16:00:00,105333.67,107238.37,105090.9,107026.47,5057.29953,1747771199999,536665511.45380680,833265,2702.86782000,286876100.67027900,0
2025-05-20 20:00:00,107026.47,107320.0,105935.83,106849.99,3735.83225,1747785599999,398762509.70150490,763583,1809.11153000,193144765.51588620,0
2025-05-21 00:00:00,106850.0,107206.94,106186.79,106843.59,2584.02606,1747799999999,275890419.72216470,577148,1062.02409000,113409842.88164010,0
2025-05-21 04:00:00,106843.6,107985.05,106454.54,106527.16,5791.25242,1747814399999,621536404.72422890,949984,2980.52085000,319852772.29591960,0
2025-05-21 08:00:00,106527.17,106797.98,106100.01,106546.44,2982.12972,1747828799999,317338573.21519570,542267,1795.60860000,191088174.65490660,0
2025-05-21 12:00:00,106546.43,109458.0,106329.47,108973.35,11705.49449,1747843199999,1265951744.16976480,1560513,6897.69099000,745475323.22500250,0
2025-05-21 16:00:00,108973.34,109845.0,106117.67,108603.79,14958.19983,1747857599999,1612897473.52878710,2159102,6750.20424000,728541908.93900370,0
2025-05-21 20:00:00,108603.79,110797.38,107725.0,109643.99,7509.937825,1747871999999,821094898.95988560,1046265,4175.60062500,457160459.10225330,0
2025-05-22 00:00:00,109643.99,111880.0,109177.37,111780.84,9017.73168,1747886399999,996161048.79238070,1557843,4907.32904000,542178961.51567580,0
2025-05-22 04:00:00,111780.84,111795.04,110461.87,111045.45,7103.40338,1747900799999,789767305.23593420,1129844,3801.35510000,422697590.88337770,0
2025-05-22 08:00:00,111045.45,111326.2,110272.72,110981.97,4014.18788,1747915199999,444496797.00609990,745353,2113.33757000,234025431.11044800,0
2025-05-22 12:00:00,110981.98,111626.43,110550.0,111290.86,6086.26018,1747929599999,676543999.17266800,1179845,3120.86417000,346919590.43407100,0
2025-05-22 16:00:00,111290.85,111980.0,110916.4,111188.0,3260.6327,1747943999999,363687479.48256830,770897,1617.74807000,180463356.63934060,0
2025-05-22 20:00:00,111188.0,111717.34,110763.27,111696.21,2148.55731,1747958399999,238776204.88376620,410434,1023.92898000,113798167.99987280,0
2025-05-23 00:00:00,111696.22,111800.0,111000.13,111100.01,2834.29482,1747972799999,315753691.98864540,605403,1389.57771000,154823331.65092590,0
2025-05-23 04:00:00,111100.0,111181.82,110407.89,110715.42,3226.515,1747987199999,357229286.77358590,503850,1415.73599000,156729530.29139760,0
2025-05-23 08:00:00,110715.41,111381.61,108888.0,109076.35,4204.18634,1748001599999,463620844.79813630,683930,1959.56753000,216302606.82512920,0
2025-05-23 12:00:00,109076.36,109992.75,107316.0,108940.0,13163.25808,1748015999999,1431385356.81934620,1779217,5659.55067000,615934915.70694390,0
2025-05-23 16:00:00,108940.0,109809.53,108001.0,108716.07,4951.18081,1748030399999,539415749.02385590,927366,2426.56915000,264475187.78109000,0
2025-05-23 20:00:00,108714.01,108727.28,106800.0,107318.3,3358.28804,1748044799999,362299516.98683500,751426,1458.31547000,157356868.93203040,0
2025-05-24 00:00:00,107318.3,108367.54,106875.41,108366.3,2321.32073,1748059199999,249886763.94997150,656228,1175.01933000,126518123.48609080,0
2025-05-24 04:00:00,108366.31,108582.33,107566.37,107587.75,1982.27366,1748073599999,214331036.78742630,377874,801.14186000,86638453.78914220,0
2025-05-24 08:00:00,107587.75,109506.03,107587.74,109208.56,5417.04518,1748087999999,589431582.26087830,545712,3379.94233000,368109903.51909520,0
2025-05-24 12:00:00,109208.57,109282.81,108540.0,108929.7,2666.17903,1748102399999,290242195.94026480,467283,1262.03783000,137395656.07271360,0
2025-05-24 16:00:00,108929.71,109200.0,108682.36,108960.0,1015.55537,1748116799999,110613973.53865780,259220,575.85908000,62717371.17611150,0
2025-05-24 20:00:00,108960.0,109125.0,107500.0,107761.91,3380.15732,1748131199999,365453267.29765990,499101,1592.90704000,172303585.27850370,0
2025-05-25 00:00:00,107761.9,108257.14,107206.0,108095.75,2495.88081,1748145599999,268908816.75362670,595293,1272.74459000,137160459.12512350,0
2025-05-25 04:00:00,108095.76,108288.69,107454.54,107681.81,1293.71165,1748159999999,139580018.95648040,288781,555.73637000,59955855.45333150,0
2025-05-25 08:00:00,107681.82,107700.65,106708.98,107260.0,3399.35699,1748174399999,364131673.48384410,639342,1398.23445000,149775431.84495550,0
2025-05-25 12:00:00,107259.99,107743.34,106600.64,106967.97,5093.14772,1748188799999,546045845.96496550,660123,2164.02008000,232137781.27837140,0
2025-05-25 16:00:00,106967.97,107940.95,106640.52,107717.01,2103.88371,1748203199999,225250138.38447750,311695,733.10191000,78571983.94349810,0
2025-05-25 20:00:00,107717.02,109299.99,107176.0,109004.19,3324.06607,1748217599999,360449961.88246380,655934,1743.32972000,189086623.36443360,0
2025-05-26 00:00:00,109004.2,109844.91,108670.58,109623.53,3090.7964,1748231999999,338113769.46002950,603606,1641.89836000,179615118.31490430,0
2025-05-26 04:00:00,109623.54,110228.11,109365.29,110094.62,2472.4091,1748246399999,271372863.51502040,361108,1124.61626000,123501472.78519180,0
2025-05-26 08:00:00,110094.62,110173.92,109556.69,109772.72,1654.27634,1748260799999,181592048.18981660,319092,798.01994000,87602160.96276500,0
2025-05-26 12:00:00,109772.73,110420.74,109494.74,110009.82,3113.22041,1748275199999,342044174.81311380,598615,1536.05064000,168796206.95124440,0
2025-05-26 16:00:00,110009.83,110422.22,108858.28,109130.44,3037.99696,1748289599999,332410909.91317090,656499,1545.75152000,169133903.50302000,0
2025-05-26 20:00:00,109130.44,109888.89,108940.0,109434.79,1280.41672,1748303999999,140044516.21675190,348943,654.77616000,71620158.67515420,0
2025-05-27 00:00:00,109434.78,109666.0,107516.57,108892.16,4704.3073,1748318399999,510766736.21026320,898416,2114.70326000,229624869.95141020,0
2025-05-27 04:00:00,108892.15,109636.37,108550.0,109547.16,3340.1595,1748332799999,364337211.14372300,532814,1688.19462000,184162828.05261660,0
2025-05-27 08:00:00,109540.0,109899.0,109428.98,109585.49,1886.45358,1748347199999,206860201.62386070,305162,891.97185000,97814086.23336210,0
2025-05-27 12:00:00,109585.49,110718.0,108670.29,110140.11,6777.89203,1748361599999,744534019.97309690,1029443,3154.24352000,346494027.67173700,0
2025-05-27 16:00:00,110140.11,110499.64,109574.46,109877.87,2624.04806,1748375999999,288951599.12771870,521923,1074.30883000,118291290.00888370,0
2025-05-27 20:00:00,109877.87,109897.49,108600.0,108938.17,1943.79588,1748390399999,212154083.04060260,447751,1046.47063000,114166522.54358960,0
2025-05-28 00:00:00,108938.17,109284.7,108400.0,108863.64,2003.85357,1748404799999,218004240.42806060,448780,963.55132000,104837067.36983910,0
2025-05-28 04:00:00,108863.64,109089.68,108624.43,108816.44,1391.51979,1748419199999,151505647.61205970,248061,604.29786000,65793646.98118270,0
2025-05-28 08:00:00,108816.44,109130.44,108258.01,108870.38,1891.22828,1748433599999,205658874.10946950,372912,912.82962000,99261960.71236730,0
2025-05-28 12:00:00,108870.39,109053.39,107045.45,107107.31,5751.05895,1748447999999,620113457.73307390,812749,2165.11124000,233566106.12590310,0
2025-05-28 16:00:00,107107.31,107842.29,106938.24,106946.01,2757.68701,1748462399999,296276896.82407420,562584,1252.99520000,134649013.31964420,0
2025-05-28 20:00:00,106946.0,108043.95,106769.43,107781.78,1838.44069,1748476799999,197577631.80629340,488176,978.48817000,105175172.21178320,0
2025-05-29 00:00:00,107781.78,108484.61,107421.12,108044.88,3012.04609,1748491199999,325425420.68837020,586838,1440.17029000,155611181.27436750,0
2025-05-29 04:00:00,108044.87,108106.94,106948.01,107880.72,2287.08404,1748505599999,246195578.25680290,383515,1082.37865000,116510683.82296500,0
2025-05-29 08:00:00,107880.73,108891.91,107681.81,108779.84,2525.30968,1748519999999,273967847.61870650,399682,1320.53901000,143269685.76671610,0
2025-05-29 12:00:00,108779.83,108797.25,106474.0,107019.89,5170.87467,1748534399999,556298787.03439650,973324,2373.81136000,255365781.38445030,0
2025-05-29 16:00:00,107019.9,107168.23,105639.3,105731.74,4682.29852,1748548799999,498154223.90511320,1013958,2265.41915000,241039586.28003040,0
2025-05-29 20:00:00,105731.74,106470.69,105322.86,105589.75,2157.08816,1748563199999,228597160.00477250,417609,975.17510000,103376853.02046050,0
2025-05-30 00:00:00,105589.75,106214.93,104600.5,106024.33,4390.94984,1748577599999,463755417.82254200,806838,1949.49866000,205919727.46710360,0
2025-05-30 04:00:00,106024.33,106313.12,104727.72,105028.02,4187.15493,1748591999999,442074746.88825770,513680,1825.56098000,192734196.85225370,0
2025-05-30 08:00:00,105028.03,105981.75,104606.01,105880.51,3463.58178,1748606399999,364955681.89780860,651372,1771.12045000,186558921.87503230,0
2025-05-30 12:00:00,105880.5,106000.0,105047.61,105543.0,4176.35736,1748620799999,440875825.61956790,890917,2009.69815000,212154739.90827000,0
2025-05-30 16:00:00,105543.0,105560.98,103706.71,104640.5,5203.39187,1748635199999,543128192.89285070,891655,2540.14041000,265109951.70801510,0
2025-05-30 20:00:00,104640.49,104878.05,103621.0,103985.48,2285.06221,1748649599999,238288684.47083400,553110,974.96881000,101681020.83291070,0
2025-05-31 00:00:00,103985.47,104292.69,103068.55,103684.01,3246.32605,1748663999999,336519761.53928420,985309,1428.89579000,148163932.67104160,0
2025-05-31 04:00:00,103684.0,103911.1,103487.99,103747.02,1424.77118,1748678399999,147770969.20034240,243774,660.23018000,68481289.64846880,0
2025-05-31 08:00:00,103747.03,103809.51,103285.71,103498.18,1462.02815,1748692799999,151343372.53773710,271747,695.67916000,72013497.60564040,0
2025-05-31 12:00:00,103498.17,104846.15,103480.11,104556.08,2862.31641,1748707199999,298339071.12241710,415759,1491.36822000,155395832.32677750,0
2025-05-31 16:00:00,104556.08,104780.49,104261.39,104698.02,1237.73843,1748721599999,129413846.86133610,223868,516.61851000,54009195.91660110,0
2025-05-31 20:00:00,104698.03,104900.0,104473.2,104591.88,1056.179,1748735999999,110613780.24592100,203330,486.15989000,50916882.68082840,0
2025-06-01 00:00:00,104591.88,104647.11,103924.52,104381.03,1332.51766,1748750399999,138928610.31488290,305349,603.15210000,62889303.52038060,0
2025-06-01 04:00:00,104381.03,104729.99,104195.12,104275.95,935.26236,1748764799999,97690941.73881290,193292,454.99038000,47525618.87349980,0
2025-06-01 08:00:00,104275.95,104459.07,103752.49,104082.68,1515.57248,1748779199999,157662588.37059880,336262,694.01653000,72204780.67721510,0
2025-06-01 12:00:00,104082.67,104809.53,103783.01,104715.1,1868.98228,1748793599999,195212691.25707250,333719,924.48227000,96545032.10141990,0
2025-06-01 16:00:00,104715.1,105299.21,104319.79,105121.94,2430.98984,1748807999999,255216587.43923960,422759,1161.40361000,121925344.16638550,0
2025-06-01 20:00:00,105121.95,105866.91,104893.72,105642.93,1626.37544,1748822399999,171477067.82999290,347978,802.30581000,84593387.59588340,0
2025-06-02 00:00:00,105642.93,105735.42,104571.42,104829.27,1887.57513,1748836799999,198614469.62498650,367795,893.26044000,93988501.86600940,0
2025-06-02 04:00:00,104829.27,105438.87,104610.13,105387.67,1324.62784,1748851199999,139114371.42552750,277046,637.37808000,66950551.64381230,0
2025-06-02 08:00:00,105387.67,105935.63,103941.0,104047.64,3133.90977,1748865599999,328296593.17078700,571501,1394.88637000,146139956.12780830,0
2025-06-02 12:00:00,104047.63,104679.25,103659.88,104438.79,3457.5451,1748879999999,360107642.30067380,822524,1816.32337000,189221115.81676570,0
2025-06-02 16:00:00,104438.79,104731.95,104030.01,104425.63,1581.04916,1748894399999,164915085.03091530,490229,721.79973000,75287139.93581600,0
2025-06-02 20:00:00,104425.64,105931.44,104425.64,105857.99,2069.28113,1748908799999,217956045.43348320,468561,1031.00698000,108590561.22420550,0
2025-06-03 00:00:00,105858.0,106500.0,105340.18,105482.02,2370.68744,1748923199999,251326270.60196520,468486,1142.62296000,121137425.16179790,0
2025-06-03 04:00:00,105482.03,105513.02,105116.2,105170.75,1808.4499,1748937599999,190456141.20940970,222536,838.66496000,88329549.57111560,0
2025-06-03 08:00:00,105170.76,105349.94,104872.5,105287.24,1581.41246,1748951999999,166292074.74878010,205403,793.04221000,83403834.13781870,0
2025-06-03 12:00:00,105287.24,106794.67,105031.6,106610.66,3944.17196,1748966399999,417996489.85554700,720032,1974.04528000,209186873.61551670,0
2025-06-03 16:00:00,106610.66,106666.67,105592.17,106238.81,2007.43502,1748980799999,212976095.05268250,476122,866.43957000,91931171.64759640,0
2025-06-03 20:00:00,106238.81,106254.92,105266.02,105376.89,1547.36956,1748995199999,163446675.13093730,378119,645.40938000,68172072.69027730,0
2025-06-04 00:00:00,105376.9,105839.63,105132.27,105519.27,1468.56182,1749009599999,154970446.16107820,332826,649.93640000,68589999.05456580,0
2025-06-04 04:00:00,105519.26,105611.96,105250.0,105320.75,2243.32025,1749023999999,236452160.14523160,227013,1198.13607000,126296938.80493430,0
2025-06-04 08:00:00,105320.75,106000.0,105080.26,105084.36,3840.76425,1749038399999,405222621.89705870,346456,2110.46416000,222845232.34886380,0
2025-06-04 12:00:00,105084.36,105542.0,104179.0,105298.27,3906.47888,1749052799999,409870404.83420590,690164,1969.33189000,206626643.94484620,0
2025-06-04 16:00:00,105298.26,105483.14,104865.25,104913.52,1452.09412,1749067199999,152716557.47089870,371764,569.46680000,59886834.35680590,0
2025-06-04 20:00:00,104913.52,105045.79,104407.16,104696.86,1123.6755,1749081599999,117696291.86040500,306241,482.61378000,50558108.90856780,0
2025-06-05 00:00:00,104696.86,105240.84,104651.16,105047.15,1126.54275,1749095999999,118247907.98237800,267155,468.19062000,49147265.55528670,0
2025-06-05 04:00:00,105047.15,105226.14,104380.0,104518.05,1593.6961,1749110399999,166883435.93518770,243475,716.78498000,75079939.64775350,0
2025-06-05 08:00:00,104518.05,104920.0,104424.52,104827.8,1061.75675,1749124799999,111162468.12350100,190360,464.40468000,48623794.92056830,0
2025-06-05 12:00:00,104827.79,105909.71,103900.0,104531.49,5067.78387,1749139199999,531291459.98269530,857478,2374.95843000,249029271.85691540,0
2025-06-05 16:00:00,104531.5,104598.87,101596.62,101914.77,6187.5316,1749153599999,636706044.18023310,1215570,2611.76508000,268663708.43159810,0
2025-06-05 20:00:00,101914.76,102171.44,100372.26,101508.68,7284.19047,1749167999999,737276576.32654960,1189257,3369.25640000,341124536.63058910,0
2025-06-06 00:00:00,101508.69,102520.0,101095.8,102493.3,2752.42188,1749182399999,280337431.25985090,463227,1517.23506000,154550572.43867980,0
2025-06-06 04:00:00,102493.3,103468.66,102387.38,103150.44,2278.64268,1749196799999,234519854.50265430,316808,1048.48975000,107933148.67460770,0
2025-06-06 08:00:00,103150.44,103991.45,103150.43,103927.99,2218.22642,1749211199999,229913470.74904480,324584,1009.14771000,104601879.28150070,0
2025-06-06 12:00:00,103927.99,105333.0,103513.7,105092.28,4660.37233,1749225599999,486546688.89961930,864287,2328.70892000,243215352.88597950,0
2025-06-06 16:00:00,105092.28,105284.0,104013.21,104219.8,2762.90707,1749239999999,289329104.25328270,505866,1150.73834000,120522322.52117200,0
2025-06-06 20:00:00,104219.8,104617.56,104167.98,104288.44,1166.50347,1749254399999,121735855.27112330,234555,601.28701000,62752545.63385350,0
2025-06-07 00:00:00,104288.43,104910.77,103871.09,104871.58,1400.16428,1749268799999,146265247.24395720,316148,731.02498000,76374574.16844500,0
2025-06-07 04:00:00,104871.59,105319.13,104643.62,104867.04,1309.06461,1749283199999,137352383.41611240,198415,614.14214000,64452315.29636420,0
2025-06-07 08:00:00,104867.03,105264.0,104689.81,105150.01,1180.35371,1749297599999,123955243.71684370,205309,451.14730000,47381329.18094870,0
2025-06-07 12:00:00,105150.01,105800.0,105150.0,105558.11,2197.72958,1749311999999,231765883.80562840,307646,1150.77241000,121342474.70158710,0
2025-06-07 16:00:00,105558.11,105884.46,105279.06,105725.91,1536.04392,1749326399999,162256848.83542960,226137,688.02892000,72686033.14716350,0
2025-06-07 20:00:00,105725.91,105900.0,105534.88,105552.15,721.57596,1749340799999,76319773.93685180,148839,334.90337000,35427472.69676270,0
2025-06-08 00:00:00,105552.15,105786.33,105394.03,105471.59,1084.68276,1749355199999,114444443.80865320,154210,565.71738000,59686488.56252280,0
2025-06-08 04:00:00,105471.59,105653.13,105408.38,105426.45,623.06268,1749369599999,65737115.47819390,115683,278.43323000,29378412.37552380,0
2025-06-08 08:00:00,105426.46,105720.94,104964.14,105686.71,1672.01298,1749383999999,176135665.41665160,238274,940.62293000,99104051.57733830,0
2025-06-08 12:00:00,105686.71,106160.19,105520.25,105984.52,2200.98155,1749398399999,232813856.36545020,320250,1429.40368000,151186872.76578810,0
2025-06-08 16:00:00,105984.53,106360.0,105943.91,106289.99,1099.96633,1749412799999,116826393.16254400,207139,532.34251000,56538024.70192300,0
2025-06-08 20:00:00,106289.99,106488.14,105545.71,105734.0,1367.35675,1749427199999,144929655.19680470,259598,614.90293000,65204656.10522800,0
2025-06-09 00:00:00,105734.01,105966.33,105318.37,105659.13,1795.0497,1749441599999,189593192.59217350,325484,784.98097000,82903195.41613270,0
2025-06-09 04:00:00,105659.14,105717.3,105319.0,105560.71,1470.33986,1749455999999,155180983.71680250,173955,653.71161000,68996839.40664630,0
2025-06-09 08:00:00,105560.71,107806.0,105473.57,107759.21,4424.95656,1749470399999,473120285.02745830,527766,2690.67950000,287616731.75444000,0
2025-06-09 12:00:00,107759.21,108020.0,106860.0,107635.91,3544.41855,1749484799999,381447359.43381960,598278,1797.54148000,193492007.85091610,0
2025-06-09 16:00:00,107635.91,108767.24,107635.91,108564.72,2689.46607,1749499199999,291102291.59995970,511597,1263.21691000,136747168.43533520,0
2025-06-09 20:00:00,108565.86,110530.17,108456.08,110263.02,6051.14377,1749513599999,664477909.85095920,702766,3433.75170000,377034122.65009130,0
2025-06-10 00:00:00,110263.02,110311.82,109381.24,109568.02,2356.61975,1749527999999,258795023.54840100,377962,992.37561000,108979806.23596350,0
2025-06-10 04:00:00,109568.03,109737.68,109095.67,109205.14,2317.07387,1749542399999,253367346.27809450,308891,931.06833000,101841409.34566350,0
2025-06-10 08:00:00,109205.14,109851.8,109056.9,109541.28,2344.90457,1749556799999,256567638.23995450,368615,1292.48006000,141440607.03403550,0
2025-06-10 12:00:00,109541.93,109900.81,108331.03,109015.42,5247.00781,1749571199999,572242992.47027030,823507,2268.71235000,247472041.86333440,0
2025-06-10 16:00:00,109015.41,110400.0,108518.86,109526.3,2639.86004,1749585599999,288800370.80299200,605668,1481.75375000,162137663.37796820,0
2025-06-10 20:00:00,109526.3,110299.73,109239.68,110274.39,2166.36235,1749599999999,237847178.85246060,518777,1042.90571000,114539746.53998370,0
2025-06-11 00:00:00,110274.39,110274.4,109533.97,109722.95,1393.61311,1749614399999,153022600.78605590,332156,521.27421000,57240019.54393250,0
2025-06-11 04:00:00,109722.95,109745.29,109373.67,109446.74,1000.47435,1749628799999,109599176.55279460,195722,360.83103000,39530956.07231600,0
2025-06-11 08:00:00,109446.74,109675.69,109193.89,109252.09,1633.7552,1749643199999,178736867.67325990,187975,559.46100000,61206485.33842960,0
2025-06-11 12:00:00,109252.1,110392.01,109008.82,109735.7,4399.26765,1749657599999,482990904.08559580,851848,2433.37006000,267158744.94484310,0
2025-06-11 16:00:00,109735.7,109815.84,108412.01,108742.37,2837.53217,1749671999999,309559733.75746630,656391,1355.71391000,147922420.72768880,0
2025-06-11 20:00:00,108742.37,109219.51,108064.0,108645.12,1851.2739,1749686399999,200975356.89545780,442922,800.31846000,86888591.37617690,0
2025-06-12 00:00:00,108645.13,108813.55,107730.0,107860.05,3756.8345,1749700799999,406706749.37198780,498042,1682.19753000,182278745.97170490,0
2025-06-12 04:00:00,107860.04,107993.58,107320.0,107633.53,2337.6809,1749715199999,251755740.01813990,311048,1147.15014000,123533636.40700220,0
2025-06-12 08:00:00,107633.53,107835.83,106874.47,106900.95,1866.42836,1749729599999,200386361.95224860,385568,861.90316000,92567386.98996560,0
2025-06-12 12:00:00,106900.95,107822.5,106600.0,107020.95,3201.2854,1749743999999,343181119.28775340,635073,1584.95699000,169930431.92912560,0
2025-06-12 16:00:00,107020.96,108450.16,106680.0,106788.8,2559.00784,1749758399999,275585406.13736500,773724,1293.38747000,139354485.75840020,0
2025-06-12 20:00:00,106789.8,106960.77,105671.72,105671.73,4057.43518,1749772799999,430693897.31933970,913965,1721.63119000,182755824.41424300,0
2025-06-13 00:00:00,105671.74,105694.0,102664.31,104277.22,11535.37443,1749787199999,1198076597.88933900,1915386,5123.38754000,531939857.45649560,0
2025-06-13 04:00:00,104277.22,104970.12,103782.75,104895.0,3355.01643,1749801599999,350214514.29091180,666305,1885.93155000,196957158.42431260,0
2025-06-13 08:00:00,104895.01,105434.34,104425.79,105039.48,3146.66203,1749815999999,330123262.69873800,619698,1741.46629000,182779920.99986480,0
2025-06-13 12:00:00,105039.48,105747.47,104118.0,105436.87,3901.15519,1749830399999,409648641.62863460,1025707,1931.56710000,202874563.51411730,0
2025-06-13 16:00:00,105436.87,105981.0,104668.73,105110.0,2950.53869,1749844799999,310921173.16409160,857134,1385.45781000,146063615.83946030,0
2025-06-13 20:00:00,105110.01,106179.53,105020.87,106066.59,1292.07057,1749859199999,136477701.02125520,368347,725.89676000,76685239.76096870,0
2025-06-14 00:00:00,106066.59,106252.0,105197.96,105228.82,3017.48753,1749873599999,318910479.53963650,331857,1373.31624000,145242101.07608800,0
2025-06-14 04:00:00,105228.83,105397.06,104792.98,105076.59,1002.68077,1749887999999,105458707.26951000,163176,457.96315000,48170785.43242910,0
2025-06-14 08:00:00,105076.59,105132.36,104836.06,105082.01,786.7679,1749902399999,82605938.08161110,152044,359.37051000,37733270.96888700,0
2025-06-14 12:00:00,105082.01,105131.25,104615.38,104841.3,1045.14048,1749916799999,109644890.01676680,222647,439.47679000,46110841.37258200,0
2025-06-14 16:00:00,104841.29,105045.78,104359.08,104645.67,1687.29248,1749931199999,176564651.26703280,336509,673.14485000,70440041.98330550,0
2025-06-14 20:00:00,104645.66,105480.0,104300.0,105414.64,1259.57053,1749945599999,132383948.00384930,315543,545.28344000,57304235.09298000,0
2025-06-15 00:00:00,105414.63,105680.0,105264.75,105473.55,759.41728,1749959999999,80115866.04268140,140245,384.88723000,40603483.33200840,0
2025-06-15 04:00:00,105473.54,106128.57,105200.0,105428.0,1381.52981,1749974399999,145914173.65243960,189645,710.27046000,75050121.72435550,0
2025-06-15 08:00:00,105428.0,105482.4,104867.64,104970.51,1057.15319,1749988799999,111074906.34066160,217191,492.98713000,51799064.20803690,0
2025-06-15 12:00:00,104970.51,105838.24,104955.48,105564.0,1245.40098,1750003199999,131340497.83484720,304364,605.35588000,63826669.39368780,0
2025-06-15 16:00:00,105563.99,105777.09,105082.97,105294.19,975.97763,1750017599999,102942354.77293660,225378,417.79269000,44070382.18796910,0
2025-06-15 20:00:00,105294.19,105617.82,104494.53,105594.01,1744.72158,1750031999999,183209089.23123400,487945,745.17573000,78258856.83931970,0
2025-06-16 00:00:00,105594.02,105970.59,104980.37,105921.84,1680.0381,1750046399999,177466861.58254690,459688,815.10103000,86114500.41681780,0
2025-06-16 04:00:00,105921.85,107262.31,105874.48,107061.8,2778.21159,1750060799999,296301104.24480940,372008,1456.99462000,155342857.65944000,0
2025-06-16 08:00:00,107061.8,107255.01,106582.25,106883.99,2148.92551,1750075199999,229892836.47066360,268610,1037.93649000,111046045.37269880,0
2025-06-16 12:00:00,106884.0,107784.26,106495.09,107424.96,2538.358,1750089599999,272091106.28241470,645288,1345.53148000,144242762.99410200,0
2025-06-16 16:00:00,107424.96,108888.0,107309.15,108652.0,2748.12533,1750103999999,297097680.18967300,524006,1457.91430000,157627950.65197820,0
2025-06-16 20:00:00,108652.01,108952.38,106700.0,106794.53,3029.00687,1750118399999,327000251.96241680,659398,1328.87129000,143490913.04158100,0
2025-06-17 00:00:00,106794.53,107771.34,106115.35,107590.41,3025.95246,1750132799999,323600154.77631280,753665,1548.15056000,165570285.87621520,0
2025-06-17 04:00:00,107590.41,107711.06,106481.6,106758.52,1696.95424,1750147199999,181643406.69676880,361963,733.98647000,78578949.52215650,0
2025-06-17 08:00:00,106758.52,106822.78,105508.23,105641.47,2408.54535,1750161599999,255535721.24428490,404762,1127.10787000,119572082.67696340,0
2025-06-17 12:00:00,105641.48,105862.03,104130.95,104241.63,4308.26392,1750175999999,452417553.05654770,790756,1749.84760000,183844743.49473350,0
2025-06-17 16:00:00,104241.62,105336.82,103371.02,104686.12,4719.96669,1750190399999,491562436.89796270,982562,2186.68826000,227761213.32306960,0
2025-06-17 20:00:00,104686.12,104898.81,104203.85,104551.17,1706.64759,1750204799999,178414212.22722290,429302,736.87214000,77038168.31821780,0
2025-06-18 00:00:00,104551.17,105240.0,104379.52,105184.84,1346.38636,1750219199999,141177416.54061360,310318,624.79964000,65508527.12442410,0
2025-06-18 04:00:00,105184.84,105550.27,104713.24,104973.24,1758.92527,1750233599999,185035535.78911380,255952,691.46899000,72756789.97282210,0
2025-06-18 08:00:00,104973.24,105310.62,104175.87,104840.59,1900.45623,1750247999999,198912119.66657950,384413,938.90686000,98280837.06355450,0
2025-06-18 12:00:00,104840.58,105325.83,103814.04,104801.01,4024.47787,1750262399999,420997350.77712160,976242,1971.13798000,206279809.44716450,0
2025-06-18 16:00:00,104801.01,104836.64,103500.0,103808.41,3290.4773,1750276799999,342729497.36517770,1101033,1605.52094000,167242008.09692690,0
2025-06-18 20:00:00,103808.41,105139.87,103652.0,104886.78,1647.91864,1750291199999,172531104.22360310,440212,824.48033000,86318874.98553750,0
2025-06-19 00:00:00,104886.79,105226.17,104457.12,105100.02,1479.10507,1750305599999,155077662.10540460,333149,744.33032000,78048399.01985980,0
2025-06-19 04:00:00,105100.01,105220.0,104617.69,104642.85,1132.25759,1750319999999,118746776.37050560,217457,458.05790000,48031292.29376940,0
2025-06-19 08:00:00,104642.85,105073.53,104631.26,104776.23,949.58523,1750334399999,99609023.79006200,191761,394.80414000,41413143.45776160,0
2025-06-19 12:00:00,104776.23,104917.05,104078.0,104096.93,1595.4989,1750348799999,166616785.10787520,351027,694.01098000,72458083.60042010,0
2025-06-19 16:00:00,104096.94,104814.73,103929.27,104250.44,1624.22301,1750363199999,169508103.02296680,347182,901.92876000,94155280.79008250,0
2025-06-19 20:00:00,104250.45,104898.31,104150.0,104658.59,897.93757,1750377599999,93844225.56523070,277469,390.06526000,40765208.24884000,0
2025-06-20 00:00:00,104658.59,104820.0,104391.38,104596.63,1026.45735,1750391999999,107397845.64066690,227547,408.92728000,42785034.93088210,0
2025-06-20 04:00:00,104596.64,105825.66,104238.02,105811.74,1878.07017,1750406399999,197132052.44357990,251910,982.33421000,103225566.38088440,0
2025-06-20 08:00:00,105811.74,106524.65,105757.48,105977.82,2862.78664,1750420799999,303752741.20556110,442385,1450.22079000,153874816.17422580,0
2025-06-20 12:00:00,105977.82,106149.17,103888.0,104217.99,3668.86931,1750435199999,384827914.68460590,860415,1515.70466000,159068797.03094310,0
2025-06-20 16:00:00,104218.0,104269.64,102345.0,103307.22,5227.49835,1750449599999,539769357.74211100,902437,2043.73922000,210961862.65861640,0
2025-06-20 20:00:00,103307.21,103828.0,102963.67,103297.99,1755.38101,1750463999999,181531999.29487690,344710,713.04423000,73733205.90446930,0
2025-06-21 00:00:00,103297.98,103691.67,103127.48,103495.87,750.73411,1750478399999,77615423.95856030,157674,346.71845000,35845962.83385860,0
2025-06-21 04:00:00,103495.86,103599.04,103330.0,103458.5,686.61118,1750492799999,71024294.03851810,113340,239.15095000,24736614.68996930,0
2025-06-21 08:00:00,103458.5,103982.64,103458.49,103874.64,1188.56205,1750507199999,123339527.00319660,142035,446.79103000,46364674.50273810,0
2025-06-21 12:00:00,103874.63,103946.47,103281.82,103560.9,1449.27436,1750521599999,150127857.90818930,312654,471.38813000,48833570.82429680,0
2025-06-21 16:00:00,103560.9,103640.0,102210.43,102245.1,2365.40427,1750535999999,243312259.33381520,442371,973.97347000,100223586.40011580,0
2025-06-21 20:00:00,102245.11,102888.88,100837.9,102120.01,4713.62735,1750550399999,479410422.48836230,1004504,2154.91500000,219266258.17169760,0
2025-06-22 00:00:00,102120.02,103399.62,101839.96,102375.4,4339.90882,1750564799999,444714101.26093380,1044002,2095.06803000,214710472.01798020,0
2025-06-22 04:00:00,102375.4,102946.47,102256.01,102424.61,1481.73109,1750579199999,152108170.15503010,322736,715.18984000,73416250.16975580,0
2025-06-22 08:00:00,102424.61,102804.05,102080.0,102739.48,1801.30685,1750593599999,184630749.93946180,314592,730.77209000,74911999.37531230,0
2025-06-22 12:00:00,102739.47,102831.0,98889.35,98906.21,12422.58545,1750607999999,1245285399.15979320,1440759,5110.13187000,512146575.69900170,0
2025-06-22 16:00:00,98906.21,100380.0,98673.66,98882.84,4419.40202,1750622399999,439060976.87446910,898556,2190.33746000,217645916.29896950,0
2025-06-22 20:00:00,98882.85,101034.65,98200.0,100963.87,4281.47649,1750636799999,426896010.41899990,1100664,2300.53036000,229556139.75562060,0
2025-06-23 00:00:00,100963.87,101620.0,100494.25,101154.14,2930.22354,1750651199999,296003208.02516840,516364,1463.92713000,147942610.91259480,0
2025-06-23 04:00:00,101154.13,102137.0,100980.0,101931.04,2509.06943,1750665599999,255118613.60239780,368321,1261.42105000,128324959.25859390,0
2025-06-23 08:00:00,101931.04,102080.0,101102.76,101289.01,2527.52051,1750679999999,256701789.48541370,329772,1014.78726000,103065218.33988100,0
2025-06-23 12:00:00,101289.0,102613.09,100792.16,101420.7,4451.665,1750694399999,453035160.30468930,1005511,1999.97568000,203605924.75971540,0
2025-06-23 16:00:00,101420.71,103300.0,99613.33,103161.29,7496.3725,1750708799999,763055459.43567140,1516711,3668.96203000,373680409.84654860,0
2025-06-23 20:00:00,103161.3,106074.2,102880.0,105333.93,7751.65511,1750723199999,812252600.19110820,1207528,3999.12848000,419035730.14113230,0
2025-06-24 00:00:00,105333.94,105500.0,104720.82,104919.6,2882.14256,1750737599999,302791082.33759530,470629,1265.35285000,132969813.28162140,0
2025-06-24 04:00:00,104919.6,105811.0,104704.91,104933.74,3158.97987,1750751999999,332679675.74291730,500672,1464.69987000,154300076.16664550,0
2025-06-24 08:00:00,104933.74,105571.4,104622.02,105170.0,2216.8644,1750766399999,233003724.86314490,486532,1053.41850000,110727174.44482440,0
2025-06-24 12:00:00,105169.99,105731.92,104800.98,105244.73,2933.73072,1750780799999,308840789.93748230,718312,1381.81583000,145498940.71552690,0
2025-06-24 16:00:00,105244.72,106290.0,105172.64,105643.19,2366.40087,1750795199999,250345704.77585290,500316,1170.26966000,123840036.86957990,0
2025-06-24 20:00:00,105643.2,106119.11,105435.45,106083.0,1093.57493,1750809599999,115790135.79936850,297020,512.76487000,54294963.81112830,0
2025-06-25 00:00:00,106083.0,106791.18,105808.03,106232.01,2385.0945,1750823999999,253766046.55078880,520347,1233.11098000,131218925.38625710,0
2025-06-25 04:00:00,106232.01,106702.0,106001.0,106600.01,1317.62334,1750838399999,140049796.28549640,253161,543.88020000,57815478.13998420,0
2025-06-25 08:00:00,106600.0,107237.44,106343.13,107198.02,2272.81569,1750852799999,242902954.48013100,387452,1272.91627000,136075673.86796340,0
2025-06-25 12:00:00,107198.02,108135.3,106752.36,107028.0,7497.00314,1750867199999,805938085.34363060,955677,4019.79694000,432372910.36263130,0
2025-06-25 16:00:00,107027.99,107905.37,106931.0,107761.68,2109.69446,1750881599999,226604506.17644700,527877,979.48416000,105219551.47455000,0
2025-06-25 20:00:00,107761.67,108000.0,107079.9,107340.58,1118.92438,1750895999999,120284082.10979620,344378,526.94854000,56650314.57502600,0
2025-06-26 00:00:00,107340.59,108272.45,107105.43,107853.79,1896.83706,1750910399999,204351573.68606130,502189,995.64166000,107259670.59823170,0
2025-06-26 04:00:00,107853.79,108085.92,107520.0,107813.99,1290.81871,1750924799999,139186158.82761010,291719,536.04741000,57802504.03054110,0
2025-06-26 08:00:00,107813.99,108174.86,107117.65,107325.41,2010.44306,1750939199999,216128540.94734630,335341,835.52008000,89851754.65143370,0
2025-06-26 12:00:00,107325.42,107765.55,106562.5,107313.6,2623.12904,1750953599999,281034932.10125820,676446,1199.57675000,128524081.74758510,0
2025-06-26 16:00:00,107313.61,107669.74,107009.28,107532.98,1252.6466,1750967999999,134481790.65451290,405466,653.45840000,70164217.32295370,0
2025-06-26 20:00:00,107532.97,108000.0,106850.0,106947.06,1499.39832,1750982399999,160910978.46481260,386581,762.84568000,81869299.84374740,0
2025-06-27 00:00:00,106947.06,107515.28,106438.33,107477.76,1472.30428,1750996799999,157669727.40775090,317919,695.68318000,74512008.36932050,0
2025-06-27 04:00:00,107477.76,107735.34,106850.0,106869.71,1946.05962,1751011199999,208643061.41413630,241342,635.03575000,68101799.08558530,0
2025-06-27 08:00:00,106869.72,107159.95,106679.98,106983.6,2318.07544,1751025599999,247887872.16477780,312445,814.80191000,87134253.57439220,0
2025-06-27 12:00:00,106983.6,107407.14,106356.76,107308.25,3704.52866,1751039999999,395417935.35077320,683384,1376.20607000,146971858.48927980,0
2025-06-27 16:00:00,107308.25,107709.22,106446.45,106801.02,1987.48356,1751054399999,212704728.88199080,553298,930.51465000,99623397.91562300,0
2025-06-27 20:00:00,106801.02,107277.99,106794.33,107047.59,803.98886,1751068799999,86097023.69058050,196111,410.03854000,43907940.94456560,0
2025-06-28 00:00:00,107047.58,107347.1,106811.51,107300.13,775.04704,1751083199999,82962353.96659240,155293,374.90918000,40137601.28214060,0
2025-06-28 04:00:00,107300.13,107496.12,107183.29,107485.0,497.62159,1751097599999,53417738.58942110,85227,259.47748000,27853139.99546470,0
2025-06-28 08:00:00,107485.01,107493.07,107252.6,107373.39,416.2984,1751111999999,44682783.80348990,76746,171.56470000,18413758.11572170,0
2025-06-28 12:00:00,107373.39,107577.75,107084.15,107449.28,714.87392,1751126399999,76688251.59641100,113989,318.20099000,34145842.33823940,0
2025-06-28 16:00:00,107449.28,107542.5,107225.74,107225.74,499.08961,1751140799999,53589117.24463640,132871,223.67333000,24018743.43555190,0
2025-06-28 20:00:00,107225.74,107378.37,107154.62,107296.79,379.24296,1751155199999,40685145.40256270,89179,166.59391000,17872078.84612130,0
2025-06-29 00:00:00,107296.79,107500.0,107172.52,107210.78,534.03453,1751169599999,57324980.71958970,88458,279.68070000,30024538.57669360,0
2025-06-29 04:00:00,107210.78,107402.18,107205.82,107402.18,340.57663,1751183999999,36547638.85605140,50988,188.95565000,20277232.42996610,0
2025-06-29 08:00:00,107402.17,108484.0,107402.17,108477.11,1988.92767,1751198399999,214801127.19207270,271064,1214.10731000,131119649.29308490,0
2025-06-29 12:00:00,108477.12,108528.5,107650.0,107750.72,1320.45894,1751212799999,142696314.02072630,264125,640.30336000,69199106.81491560,0
2025-06-29 16:00:00,107750.72,107792.05,107316.46,107406.81,1188.5295,1751227199999,127800743.45197740,223755,670.93305000,72143786.44929210,0
2025-06-29 20:00:00,107406.8,108436.47,107250.0,108356.93,1459.20913,1751241599999,157537385.70915090,324812,777.12888000,83888813.52812810,0
2025-06-30 00:00:00,108356.93,108789.99,108255.81,108503.74,1564.16827,1751255999999,169812496.20899300,275475,773.88277000,84020280.36575430,0
2025-06-30 04:00:00,108503.74,108538.76,107481.31,107614.08,1581.27553,1751270399999,170671513.09802890,220883,668.40382000,72107363.73818070,0
2025-06-30 08:00:00,107614.07,107964.33,107400.0,107654.2,1242.20442,1751284799999,133689642.87428850,170564,580.79494000,62511994.26783480,0
2025-06-30 12:00:00,107654.21,107858.79,106733.33,107580.46,2980.03437,1751299199999,319906008.33671370,565229,1260.03921000,135237843.40668340,0
2025-06-30 16:00:00,107580.47,107807.94,107116.4,107745.97,1314.82691,1751313599999,141374468.97170990,326127,620.90681000,66759615.24596640,0
2025-06-30 20:00:00,107745.97,107764.73,106900.02,107146.5,1071.61541,1751327999999,114953022.85532400,215207,427.35375000,45837440.76379260,0
2025-07-01 00:00:00,107146.51,107540.0,107026.93,107192.38,973.46,1751342399999,104408384.42114990,229316,428.82279000,45990264.39715030,0
2025-07-01 04:00:00,107192.39,107203.11,106615.97,107178.99,1267.97836,1751356799999,135558637.96495430,217668,561.02003000,59977395.89909550,0
2025-07-01 08:00:00,107178.99,107178.99,106301.86,106605.8,1434.81634,1751371199999,152936770.88797680,261927,624.47379000,66554371.16207100,0
2025-07-01 12:00:00,106605.79,107179.99,105623.39,105955.18,3974.69567,1751385599999,422558903.89205950,651087,1777.52682000,189036901.26781550,0
2025-07-01 16:00:00,105955.19,106287.95,105387.68,105398.53,1690.90273,1751399999999,179006382.37400850,401818,732.10060000,77522695.65930550,0
2025-07-01 20:00:00,105398.52,106100.0,105250.85,105681.14,1163.77127,1751414399999,122963866.35248760,251473,524.97324000,55467647.79834070,0
2025-07-02 00:00:00,105681.13,106216.08,105100.19,106194.7,1453.64233,1751428799999,153659545.16799640,278146,660.18040000,69811274.35029630,0
2025-07-02 04:00:00,106194.7,107186.78,106131.55,107080.0,1903.51108,1751443199999,203133552.79175810,227442,931.22914000,99363444.75634150,0
2025-07-02 08:00:00,107080.0,107860.23,107080.0,107479.99,2147.6808,1751457599999,231148508.86028080,251471,984.42993000,105944651.95856320,0
2025-07-02 12:00:00,107479.98,108759.2,107186.1,108737.74,3227.14121,1751471999999,348553235.48541150,567794,1759.59956000,190145339.28820830,0
2025-07-02 16:00:00,108737.75,109730.0,108650.97,109676.14,5656.10907,1751486399999,618402032.26598860,797725,3457.76322000,378067654.66991230,0
2025-07-02 20:00:00,109676.14,109676.14,108720.0,108849.6,3303.81143,1751500799999,360802131.30585430,322130,1455.22804000,158929373.18555360,0
2025-07-03 00:00:00,108849.59,109115.03,108530.4,108628.21,1439.99562,1751515199999,156735199.72887730,291274,704.80511000,76724063.58327510,0
2025-07-03 04:00:00,108628.2,109548.0,108566.14,109280.0,1560.58968,1751529599999,170410389.42009610,253465,827.35439000,90337396.43451380,0
2025-07-03 08:00:00,109279.99,110273.21,109279.99,109599.19,3249.5488,1751543999999,356863247.05121300,398776,2028.27393000,222780401.58549120,0
2025-07-03 12:00:00,109599.18,110529.18,108749.99,109127.84,4201.7259,1751558399999,461047557.45253790,1024223,2152.70217000,236318361.31644960,0
2025-07-03 16:00:00,109127.85,109910.1,109020.8,109803.41,1688.44383,1751572799999,184886197.64769670,409043,898.70790000,98436336.22757060,0
2025-07-03 20:00:00,109803.41,110000.0,109510.0,109584.78,906.77842,1751587199999,99516457.33790510,192163,350.05336000,38425588.76437670,0
2025-07-04 00:00:00,109584.77,109767.59,109103.71,109235.57,1002.72236,1751601599999,109696511.74335660,243872,440.34578000,48177788.83973200,0
2025-07-04 04:00:00,109235.58,109329.6,108700.0,108700.0,1609.06105,1751615999999,175331785.06255710,266587,602.65785000,65679935.08230490,0
2025-07-04 08:00:00,108700.0,109111.0,108518.83,108888.0,1086.39121,1751630399999,118286241.00178680,214025,508.73831000,55389545.45146210,0
2025-07-04 12:00:00,108888.0,108978.64,107505.0,107573.29,3616.08946,1751644799999,390584703.44582930,627971,1611.09807000,174018911.53787120,0
2025-07-04 16:00:00,107573.29,107922.5,107245.0,107469.23,3431.70312,1751659199999,369211260.11692200,450795,1028.28640000,110643824.99617490,0
2025-07-04 20:00:00,107469.22,108279.33,107440.63,107984.24,1047.89895,1751673599999,113104610.29791340,171962,596.67181000,64403221.05921090,0
2025-07-05 00:00:00,107984.25,108259.99,107756.31,108154.72,766.63785,1751687999999,82824719.45822160,146244,436.76307000,47195931.15543050,0
2025-07-05 04:00:00,108154.72,108420.56,108000.0,108053.46,660.13042,1751702399999,71391425.60862050,133005,241.61303000,26133771.68852270,0
2025-07-05 08:00:00,108053.46,108219.19,107870.42,108112.21,675.37974,1751716799999,72993635.39130500,114990,260.45259000,28152891.60560830,0
2025-07-05 12:00:00,108112.2,108232.29,107971.0,108058.0,564.4708,1751731199999,61036349.79563260,115622,287.59907000,31098920.29486070,0
2025-07-05 16:00:00,108058.0,108167.23,107864.75,108141.78,586.1961,1751745599999,63319613.83398290,113054,303.71947000,32807203.42599600,0
2025-07-05 20:00:00,108141.78,108250.0,107993.39,108198.12,484.16079,1751759999999,52362958.10898500,87105,273.53805000,29588089.19288290,0
2025-07-06 00:00:00,108198.12,108268.35,108025.97,108050.49,397.25464,1751774399999,42964165.07796160,76009,193.10968000,20887137.26292700,0
2025-07-06 04:00:00,108050.49,108218.0,107930.45,108040.31,497.89684,1751788799999,53800914.59920560,71517,236.68469000,25576783.94835300,0
2025-07-06 08:00:00,108040.31,108111.0,107800.01,108076.01,740.99603,1751803199999,80007500.67398270,89136,387.09387000,41797315.52804610,0
2025-07-06 12:00:00,108076.0,109127.03,108045.76,108905.99,2193.35606,1751817599999,238471695.56923850,349421,1061.54877000,115402701.66511220,0
2025-07-06 16:00:00,108906.0,108966.62,108266.67,108538.46,922.00834,1751831999999,100170930.28655010,217171,482.49821000,52423824.88145070,0
2025-07-06 20:00:00,108538.45,109700.0,108536.86,109203.84,1696.09509,1751846399999,185318093.30428140,453337,848.42380000,92692880.94728500,0
2025-07-07 00:00:00,109203.85,109700.0,108679.75,109389.47,1313.66179,1751860799999,143512006.16837440,302304,663.10006000,72450310.89074110,0
2025-07-07 04:00:00,109389.46,109447.54,108654.94,109061.08,1068.89272,1751875199999,116530792.49793170,171343,553.67363000,60349971.39399490,0
2025-07-07 08:00:00,109061.07,109087.86,108572.52,108642.01,1793.43934,1751889599999,195094169.81579340,215319,613.55730000,66755976.94983230,0
2025-07-07 12:00:00,108642.01,108660.0,107970.0,108292.59,2516.39623,1751903999999,272627274.04857640,542533,917.70866000,99403939.95983690,0
2025-07-07 16:00:00,108292.59,108493.56,107513.2,108056.68,1826.11433,1751918399999,197272803.91452030,527560,744.57614000,80438510.10014240,0
2025-07-07 20:00:00,108056.67,108300.0,107800.01,108262.94,886.8716,1751932799999,95811269.60850800,202881,428.30650000,46265392.50769110,0
2025-07-08 00:00:00,108262.94,108525.0,107429.57,107901.52,2011.55999,1751947199999,217015425.04383970,367410,761.90914000,82256206.37431040,0
2025-07-08 04:00:00,107901.52,108499.0,107750.0,108484.61,1010.06569,1751961599999,109318428.74606850,178868,501.95486000,54335837.79258970,0
2025-07-08 08:00:00,108484.61,109005.0,108229.15,108756.37,1314.23794,1751975999999,142839081.78838140,198105,618.57998000,67221448.14679980,0
2025-07-08 12:00:00,108756.37,109216.56,108217.07,108268.35,1848.45054,1751990399999,200911170.20029170,435650,927.66571000,100833301.18690410,0
2025-07-08 16:00:00,108268.35,109147.56,108096.55,108771.88,2426.90745,1752004799999,264207724.56502270,402396,1265.25230000,137752289.71688520,0
2025-07-08 20:00:00,108771.87,108974.0,108624.0,108922.98,604.79919,1752019199999,65820983.09629030,140815,296.62667000,32275275.78000070,0
2025-07-09 00:00:00,108922.99,109136.0,108348.0,108376.41,994.80226,1752033599999,108129357.01247230,179569,416.09357000,45234379.17678870,0
2025-07-09 04:00:00,108376.41,108942.2,108324.53,108714.39,1001.59915,1752047999999,108855052.31462690,175567,481.06080000,52272153.53616620,0
2025-07-09 08:00:00,108714.39,109117.0,108553.18,109058.27,1275.99616,1752062399999,138906971.65909840,161421,739.47097000,80490998.73564210,0
2025-07-09 12:00:00,109058.27,109769.39,108503.0,109071.32,4108.39131,1752076799999,448787915.99688690,585403,2058.33347000,224870102.05839090,0
2025-07-09 16:00:00,109071.32,111999.79,109047.49,111750.0,6338.57455,1752091199999,701110536.73209270,620663,3647.11819000,403300993.20691140,0
2025-07-09 20:00:00,111749.99,111952.33,110559.4,111233.99,3562.92307,1752105599999,396264910.47974680,605861,1593.62627000,177236882.03431450,0
2025-07-10 00:00:00,111234.0,111581.0,110880.0,111074.51,1687.73466,1752119999999,187676577.26531820,251716,853.18602000,94893770.16617240,0
2025-07-10 04:00:00,111074.52,111432.46,110898.0,111230.0,1667.11413,1752134399999,185317856.66679290,229139,735.43928000,81742525.27866190,0
2025-07-10 08:00:00,111229.99,111398.96,110870.33,111019.99,1407.79297,1752148799999,156429497.48280120,214415,644.67007000,71629181.21056960,0
2025-07-10 12:00:00,111019.99,111408.41,110500.0,111408.4,2221.21737,1752163199999,246563312.58575770,514879,1127.41131000,125154727.06342010,0
2025-07-10 16:00:00,111408.4,113788.23,111322.32,113301.81,7461.037691,1752177599999,842928067.82746394,888088,3928.98803300,443669386.05900934,0
2025-07-10 20:00:00,113301.8,116868.0,113270.98,116010.0,10438.553844,1752191999999,1207544968.61708940,1128780,5610.44075400,648687871.16324220,0
2025-07-11 00:00:00,116010.01,116950.0,115222.22,116881.7,4456.671301,1752206399999,517817095.40634845,584612,2592.16106100,301442246.88402145,0
2025-07-11 04:00:00,116881.69,118404.22,116500.0,117526.88,7940.173377,1752220799999,934425772.36826580,787849,3388.03749700,398590902.56364330,0
2025-07-11 08:00:00,117526.88,118869.98,117526.88,117821.91,4664.06161,1752235199999,550913325.52769840,524926,2223.75605000,262692364.35092250,0
2025-07-11 12:00:00,117821.91,118259.24,116724.66,116902.59,4711.37408,1752249599999,554423293.01593530,892240,2300.18312000,270759297.62945270,0
2025-07-11 16:00:00,116902.58,118138.75,116604.87,118108.81,2754.72647,1752263999999,323551279.15334210,544319,1405.70872000,165127567.07996550,0
2025-07-11 20:00:00,118108.81,118108.81,117146.8,117527.66,1346.51431,1752278399999,158391037.55565680,374248,593.08472000,69761955.44220690,0
2025-07-12 00:00:00,117527.66,117847.66,117141.13,117774.42,1268.81982,1752292799999,149190585.41903350,209393,618.48719000,72734857.69278360,0
2025-07-12 04:00:00,117774.42,118054.79,117506.37,117731.99,1157.69575,1752307199999,136356402.49260150,227920,523.17447000,61620095.99364700,0
2025-07-12 08:00:00,117731.99,118200.0,117625.0,117810.0,1459.36466,1752321599999,172133723.12861370,228003,632.04924000,74551651.85845790,0
2025-07-12 12:00:00,117810.0,117861.19,116900.05,117100.01,2887.39027,1752335999999,338989098.57959790,435095,1266.09087000,148672593.00694590,0
2025-07-12 16:00:00,117100.0,117639.98,117045.86,117550.96,961.54328,1752350399999,112885629.85420090,173387,422.75466000,49626641.38910800,0
2025-07-12 20:00:00,117550.96,117563.75,117000.01,117420.0,711.79059,1752364799999,83537913.93284290,168053,321.99576000,37790200.96503630,0
2025-07-13 00:00:00,117420.0,117824.76,117224.79,117753.6,696.41148,1752379199999,81839856.56308580,163715,344.93436000,40532868.04905540,0
2025-07-13 04:00:00,117753.59,118054.79,117684.22,117999.0,867.97982,1752393599999,102320232.37008670,117669,454.32543000,53564391.79262230,0
2025-07-13 08:00:00,117998.99,118086.66,117689.63,118072.01,685.44893,1752407999999,80800840.38643510,117587,334.25137000,39404685.56642250,0
2025-07-13 12:00:00,118072.01,119376.0,117989.53,118672.24,3891.104317,1752422399999,461985764.25957539,559913,2044.40768700,242755258.29286870,0
2025-07-13 16:00:00,118672.23,119488.0,118382.56,118961.08,1749.40157,1752436799999,207998810.90343780,328666,839.18767000,99793969.58379440,0
2025-07-13 20:00:00,118961.09,119367.37,118243.68,119086.64,1660.44683,1752451199999,197151352.52907080,362733,749.36779000,88973216.08762860,0
2025-07-14 00:00:00,119086.65,121492.48,118905.18,120750.24,5418.532886,1752465599999,651037132.71958980,692269,3363.42548600,404127178.56883350,0
2025-07-14 04:00:00,120750.25,123218.0,120557.63,122736.04,6981.800221,1752479999999,852109362.63775040,866474,3455.90310100,421830718.69687720,0
2025-07-14 08:00:00,122736.04,122769.19,121355.55,121467.24,3279.33527,1752494399999,400232242.22611610,503688,1482.12699000,180856114.83096960,0
2025-07-14 12:00:00,121467.23,122120.0,119611.7,119878.23,6047.71252,1752508799999,731816396.46387810,1066083,2835.01951000,343394817.52710690,0
2025-07-14 16:00:00,119878.22,120526.03,119202.0,119939.41,4127.24496,1752523199999,494761697.05182450,655701,2234.39394000,267831194.50973050,0
2025-07-14 20:00:00,119939.42,120447.0,119522.72,119841.18,1414.72302,1752537599999,169789349.97791450,291918,728.71172000,87465268.53120650,0
2025-07-15 00:00:00,119841.17,119940.83,116840.01,117148.47,6623.40172,1752551999999,783226916.45577870,874968,2909.62982000,344104984.51740380,0
2025-07-15 04:00:00,117148.46,117765.4,116250.0,116779.12,5478.80575,1752566399999,641355228.45018590,573273,2606.60779000,305212138.22520460,0
2025-07-15 08:00:00,116779.13,117224.08,116300.0,117113.98,3612.34292,1752580799999,422113509.94886870,364506,1891.80304000,221076991.91705750,0
2025-07-15 12:00:00,117113.98,118490.71,115736.92,116391.43,8662.27705,1752595199999,1013941396.81057640,1024457,4292.60749000,502708568.28735550,0
2025-07-15 16:00:00,116391.43,117800.6,116019.05,116416.07,5395.39361,1752609599999,631363247.88108890,657429,2647.41249000,309819865.56343160,0
2025-07-15 20:00:00,116416.07,117972.86,116192.27,117758.09,2246.23978,1752623999999,263258146.00677310,310741,1319.24445000,154655976.41341180,0
2025-07-16 00:00:00,117758.08,118195.0,117017.29,117482.67,2060.70862,1752638399999,242327967.01613220,313454,1088.31117000,127999499.09573860,0
2025-07-16 04:00:00,117482.67,118300.0,117275.63,118189.25,1653.72862,1752652799999,195026454.86122770,221969,835.49480000,98514735.99500100,0
2025-07-16 08:00:00,118189.24,119310.75,118113.82,118769.06,2658.37376,1752667199999,315801512.91012080,289446,1365.83595000,162230883.94535070,0
2025-07-16 12:00:00,118769.06,119794.8,118181.14,119095.76,4851.16642,1752681599999,576765577.03095750,803777,2197.79751000,261305746.87981340,0
2025-07-16 16:00:00,119095.76,119904.13,118471.38,119230.16,2877.33424,1752695999999,343157215.33891100,482305,1507.48779000,179817665.72969280,0
2025-07-16 20:00:00,119230.16,120063.84,118420.0,118630.43,2938.59685,1752710399999,350771656.56613810,318674,1361.04159000,162562439.72199380,0
2025-07-17 00:00:00,118630.44,119158.28,117683.53,118128.8,2234.06203,1752724799999,264299834.05314440,393078,1018.31516000,120468752.66279620,0
2025-07-17 04:00:00,118128.8,118772.0,117857.03,118311.75,2080.63383,1752739199999,246240844.72819140,284727,987.64960000,116904133.54169890,0
2025-07-17 08:00:00,118311.75,119192.0,117974.99,117995.0,2041.88316,1752753599999,241920625.35006650,320017,939.75934000,111363307.61370250,0
2025-07-17 12:00:00,117995.0,119073.46,117453.57,118881.99,3175.79483,1752767999999,375250071.44492860,478861,1643.04948000,194108780.78937470,0
2025-07-17 16:00:00,118881.99,119880.13,118333.6,118959.66,2433.94045,1752782399999,290063401.19462050,332236,1230.08260000,146594696.94043910,0
2025-07-17 20:00:00,118959.66,120998.71,118383.97,119177.56,3762.26221,1752796799999,451339578.35221290,539066,1877.32309000,225219536.02641640,0
2025-07-18 00:00:00,119177.56,120785.49,119020.48,120223.09,2672.86935,1752811199999,320929647.66417850,476279,1293.73414000,155336175.70892390,0
2025-07-18 04:00:00,120223.08,120820.71,119287.72,119339.51,3649.17934,1752825599999,438348974.83380560,440420,1546.94832000,185879918.73548840,0
2025-07-18 08:00:00,119339.51,119469.21,118395.0,119171.34,3814.49483,1752839999999,453518238.51943080,431697,1656.20451000,196890589.16283170,0
2025-07-18 12:00:00,119171.35,119531.48,117315.69,117860.25,5020.77844,1752854399999,594249403.09519530,671877,2313.38827000,273962356.06158550,0
2025-07-18 16:00:00,117860.24,118054.92,117120.53,117374.76,2564.58563,1752868799999,301567308.64915220,455524,1104.71325000,129929300.07305160,0
2025-07-18 20:00:00,117374.75,118021.62,116812.76,117924.84,2202.75507,1752883199999,258741945.70854550,329439,1036.39014000,121783717.73668150,0
2025-07-19 00:00:00,117924.84,118371.42,117613.35,118322.54,1323.00452,1752897599999,156191669.09037470,221012,591.90911000,69886042.58821790,0
2025-07-19 04:00:00,118322.53,118364.0,118044.19,118163.06,828.72543,1752911999999,97952430.20429080,142057,421.79748000,49850110.14075160,0
2025-07-19 08:00:00,118163.07,118499.9,117943.25,118327.06,1123.42732,1752926399999,132876627.02304460,159063,537.06846000,63536777.88626490,0
2025-07-19 12:00:00,118327.05,118327.06,117627.71,118058.11,1656.6673,1752940799999,195570823.89870700,240118,685.45418000,80917114.49793430,0
2025-07-19 16:00:00,118058.1,118161.51,117605.26,118007.88,780.27633,1752955199999,92001612.07539650,172263,339.14349000,39992479.58631790,0
2025-07-19 20:00:00,118007.88,118141.0,117277.34,117840.0,923.70216,1752969599999,108734736.20515600,198869,403.01048000,47443859.35080370,0
2025-07-20 00:00:00,117840.01,118165.38,117650.0,117958.01,1216.03617,1752983999999,143416026.28468390,201023,571.77170000,67436785.49268320,0
2025-07-20 04:00:00,117958.0,118218.0,117760.67,118029.49,940.72723,1752998399999,110956961.81347520,121825,466.49588000,55029163.59603270,0
2025-07-20 08:00:00,118029.49,118277.17,117819.88,117878.46,1800.2823,1753012799999,212528108.11990910,178466,862.69717000,101839447.39237580,0
2025-07-20 12:00:00,117878.46,118799.8,117723.23,118671.11,3280.10469,1753027199999,387792638.72320070,333805,1812.31454000,214303459.00022420,0
2025-07-20 16:00:00,118671.12,118856.8,117960.0,118155.01,2119.12806,1753041599999,250843704.65925590,294012,1206.32020000,142778040.30165680,0
2025-07-20 20:00:00,118155.0,118263.0,116467.02,117265.12,3606.65044,1753055999999,423327244.21555720,486804,1661.73422000,195070567.19885270,0
2025-07-21 00:00:00,117265.11,118614.7,116515.0,118404.0,2794.62163,1753070399999,328680140.23903040,445960,1274.97945000,149941878.14901270,0
2025-07-21 04:00:00,118404.01,119676.73,118188.95,119362.67,2783.66639,1753084799999,330931753.07277320,308494,1429.53030000,169894705.32448870,0
2025-07-21 08:00:00,119364.18,119500.0,118070.16,118070.17,2511.88984,1753099199999,298295891.03517740,304887,1209.85672000,143652888.60334130,0
2025-07-21 12:00:00,118070.17,119233.71,117778.7,118313.16,3505.38294,1753113599999,415708127.08311220,596880,1592.60231000,188791184.57870000,0
2025-07-21 16:00:00,118313.16,118399.1,116666.0,116767.67,3816.98929,1753127999999,448592450.75134980,589071,1952.48192000,229548894.51914090,0
2025-07-21 20:00:00,116767.67,117633.66,116656.88,117380.36,1694.78119,1753142399999,198574904.78192190,264251,966.86742000,113287690.49322580,0
2025-07-22 00:00:00,117380.36,117950.0,116128.0,117210.0,3707.46413,1753156799999,434283334.52935230,518326,1659.92611000,194464129.88163510,0
2025-07-22 04:00:00,117210.0,118594.55,116552.18,117983.68,4279.84175,1753171199999,503272541.91065420,478336,2449.44017000,288099364.10723740,0
2025-07-22 08:00:00,117983.69,119188.3,117488.19,119154.99,3376.79135,1753185599999,399923323.45088550,421770,1677.73342000,198740860.37965970,0
2025-07-22 12:00:00,119154.99,119573.53,117550.0,118912.04,4597.23931,1753199999999,546381636.16437150,662205,2219.70659000,263942435.04558780,0
2025-07-22 16:00:00,118912.04,120183.96,118368.19,119282.1,3067.62854,1753214399999,366136746.14849940,480155,1658.33367000,198022960.26844010,0
2025-07-22 20:00:00,119282.11,120247.8,119203.2,119954.42,1930.16465,1753228799999,231255181.44814770,217941,1146.31511000,137357464.94596230,0
2025-07-23 00:00:00,119954.43,120090.0,118532.96,118614.17,2068.11927,1753243199999,246670807.77752390,286430,983.43945000,117270405.44093250,0
2025-07-23 04:00:00,118614.16,119006.05,118288.2,118350.35,1564.23355,1753257599999,185581289.52336360,210026,740.28735000,87849403.83660910,0
2025-07-23 08:00:00,118350.35,118619.79,117844.24,118538.46,1801.10341,1753271999999,212956680.73594660,236080,840.04900000,99324819.02439240,0
2025-07-23 12:00:00,118538.46,118708.24,117301.0,118567.39,4037.18842,1753286399999,476107489.33420590,536893,1963.83915000,231631118.61981500,0
2025-07-23 16:00:00,118567.39,118567.39,117331.63,118393.64,2651.82367,1753300799999,312834285.25425980,465671,1269.23393000,149689458.95615790,0
2025-07-23 20:00:00,118393.64,118756.0,117381.8,118755.99,2436.28251,1753315199999,287976434.26136120,366304,1273.23813000,150501122.86677620,0
2025-07-24 00:00:00,118756.0,119273.36,118466.71,118488.92,1878.28334,1753329599999,223390146.97679550,262145,894.14417000,106359236.44299100,0
2025-07-24 04:00:00,118488.92,118610.25,117103.1,118416.21,3786.93245,1753343999999,446192759.36418650,463426,1886.33429000,222254409.89141130,0
2025-07-24 08:00:00,118416.21,118814.47,117955.59,118600.0,2404.15809,1753358399999,284956988.24205380,285251,1111.38254000,131716453.37183720,0
2025-07-24 12:00:00,118600.0,119450.0,117832.32,119092.65,4139.29216,1753372799999,491283511.04943310,499364,2136.93193000,253568859.68704480,0
2025-07-24 16:00:00,119092.65,119395.81,118350.0,118943.42,2166.82662,1753387199999,257751716.26355190,361734,906.57801000,107858838.68242440,0
2025-07-24 20:00:00,118943.42,119010.64,118166.94,118340.99,1431.39777,1753401599999,169606531.30578660,209515,716.36898000,84861286.52788440,0
2025-07-25 00:00:00,118340.98,118451.57,115330.86,115419.66,11127.20493,1753415999999,1298474353.40452260,739701,4416.98646000,515362738.63692700,0
2025-07-25 04:00:00,115419.65,116144.63,114723.16,115320.01,8835.25163,1753430399999,1019700087.71836450,741259,3725.58838000,430086009.36972880,0
2025-07-25 08:00:00,115320.01,116782.13,115008.85,116543.58,7216.21136,1753444799999,834883190.78143950,579645,3316.92189000,384050717.08869570,0
2025-07-25 12:00:00,116543.59,116656.99,114908.0,115727.08,6361.79335,1753459199999,736297597.76443080,692851,3050.58270000,353139174.23870190,0
2025-07-25 16:00:00,115727.07,116997.21,115455.46,116688.6,3089.40882,1753473599999,359266206.92258350,354424,1718.99538000,199877953.97637480,0
2025-07-25 20:00:00,116688.6,117630.0,116578.02,117614.31,1776.47864,1753487999999,208157350.02915320,174475,813.69874000,95357127.58604420,0
2025-07-26 00:00:00,117614.31,117750.0,117138.38,117489.62,1222.24277,1753502399999,143573522.92391580,170152,479.80654000,56369943.71460950,0
2025-07-26 04:00:00,117489.61,117547.92,117304.46,117304.47,1006.48005,1753516799999,118156813.37364540,92424,333.54040000,39159929.85089870,0
2025-07-26 08:00:00,117304.47,118217.45,117304.46,117776.11,1549.30958,1753531199999,182516444.84357960,153476,858.09409000,101082519.25000320,0
2025-07-26 12:00:00,117776.1,118220.0,117772.13,118130.1,1303.59734,1753545599999,153859195.95728980,155222,596.95661000,70460231.21172900,0
2025-07-26 16:00:00,118130.1,118297.35,117941.96,118232.11,1051.39337,1753559999999,124173515.19992870,110349,556.03714000,65676327.54099610,0
2025-07-26 20:00:00,118232.11,118276.66,117883.86,117919.99,858.64895,1753574399999,101349587.45095100,108749,343.44877000,40541358.64819870,0
2025-07-27 00:00:00,117919.99,118358.18,117825.5,118182.83,1007.50696,1753588799999,119027557.08593030,112389,575.64347000,68009812.95415000,0
2025-07-27 04:00:00,118182.83,118438.83,118066.74,118095.95,808.21213,1753603199999,95561585.86911340,104278,390.89967000,46221367.12602860,0
2025-07-27 08:00:00,118095.95,118292.86,117859.98,118072.71,835.9696,1753617599999,98708410.16136550,120595,388.89313000,45917656.82305550,0
2025-07-27 12:00:00,118072.71,118588.0,117890.0,118585.74,1586.05165,1753631999999,187626934.03330280,182821,894.22688000,105793419.62169720,0
2025-07-27 16:00:00,118585.75,119540.01,118585.75,118960.0,3418.37234,1753646399999,407360766.69086950,354026,2213.46507000,263777127.92719770,0
2025-07-27 20:00:00,118960.01,119766.65,118713.74,119415.55,1672.19651,1753660799999,199598288.32021670,220971,775.17536000,92542176.79859870,0
2025-07-28 00:00:00,119415.56,119800.0,118960.5,119287.99,1824.53168,1753675199999,217797781.98470390,289119,835.00751000,99693864.72561300,0
2025-07-28 04:00:00,119287.99,119701.07,118774.31,118900.0,2360.0622,1753689599999,281402696.38436020,233844,1325.92556000,158105257.64512300,0
2025-07-28 08:00:00,118900.01,119102.69,118475.47,118827.49,2060.1822,1753703999999,244734013.26132420,212608,1199.17319000,142442771.81538390,0
2025-07-28 12:00:00,118827.49,119093.68,117895.73,118174.9,3792.61028,1753718399999,449216545.14388690,519386,1973.63361000,233868099.64591840,0
2025-07-28 16:00:00,118174.89,118376.61,117427.5,118068.73,2575.55527,1753732799999,303595815.91548300,339420,1162.08076000,137000465.18141000,0
2025-07-28 20:00:00,118068.73,118350.01,117500.09,118062.32,1348.80591,1753747199999,159135383.20675980,230400,729.09711000,86017895.20996050,0
2025-07-29 00:00:00,118062.32,118800.0,117450.0,118764.85,2242.87768,1753761599999,264931696.50738920,338133,1064.89944000,125786428.91931720,0
2025-07-29 04:00:00,118764.85,119273.36,118416.66,118882.37,2579.99271,1753775999999,306618607.48295110,246815,1366.61947000,162425984.93775510,0
2025-07-29 08:00:00,118882.37,119051.0,118160.87,118592.38,1962.95351,1753790399999,232866007.20018230,254130,1149.33314000,136328523.16735520,0
2025-07-29 12:00:00,118592.38,119080.81,117272.0,117400.01,4173.95638,1753804799999,493253408.48979560,537143,2136.27132000,252608273.25779040,0
2025-07-29 16:00:00,117400.02,118057.05,116950.75,117525.29,2441.06334,1753819199999,286940381.00647480,348254,1310.73632000,154102943.12500350,0
2025-07-29 20:00:00,117525.28,118000.0,117094.96,117950.76,1737.09083,1753833599999,204071982.99885330,232219,961.07767000,112910646.66736600,0
2025-07-30 00:00:00,117950.75,118250.0,117412.53,118161.87,1226.38506,1753847999999,144627350.19250080,204212,577.29595000,68094460.43263800,0
2025-07-30 04:00:00,118161.86,118412.11,117667.33,118123.01,1232.08963,1753862399999,145539686.03839050,163007,584.57123000,69050731.03533750,0
2025-07-30 08:00:00,118123.0,118481.81,117358.84,117579.99,2228.01795,1753876799999,263126870.00675140,269076,1355.22594000,160120274.35017970,0
2025-07-30 12:00:00,117579.99,118792.0,117358.84,118000.01,3794.91612,1753891199999,447809337.55603830,531501,1801.39831000,212515821.49137400,0
2025-07-30 16:00:00,118000.01,118037.18,115796.23,116916.73,5721.15052,1753905599999,669195849.83574750,634913,2682.71622000,313703390.33402680,0
2025-07-30 20:00:00,116916.73,117908.4,116880.64,117840.3,1384.17703,1753919999999,162397784.59355740,194660,802.40669000,94148212.59009660,0
2025-07-31 00:00:00,117840.29,118600.0,117781.87,118466.14,2307.57332,1753934399999,273029834.87625920,229192,1101.81254000,130368526.60297830,0
2025-07-31 04:00:00,118466.15,118922.45,118287.63,118665.97,1907.96734,1753948799999,226269774.17070440,169906,993.07835000,117797073.44015820,0
2025-07-31 08:00:00,118665.98,118770.07,118278.91,118371.25,1290.20631,1753963199999,152936940.90352170,133783,621.28930000,73645567.11696990,0
2025-07-31 12:00:00,118371.25,118702.1,117807.35,118306.18,3457.28095,1753977599999,408607161.84151310,436764,1809.57930000,213890978.32444580,0
2025-07-31 16:00:00,118306.18,118879.14,116763.43,116785.79,4228.22018,1753991999999,497971783.61370450,468442,2111.35785000,248807747.26664130,0
2025-07-31 20:00:00,116785.78,116990.04,115500.0,115764.08,3818.7592,1754006399999,444054521.29653970,421445,1676.39882000,195009469.31734890,0
2025-08-01 00:00:00,115764.07,116052.0,114313.13,115648.03,5440.32571,1754020799999,627188117.32296190,650051,2522.97319000,290948735.01040860,0
2025-08-01 04:00:00,115648.03,115916.43,114633.18,115081.77,2952.50734,1754035199999,340199535.79870660,411115,1345.40877000,154984984.83842860,0
2025-08-01 08:00:00,115081.76,115340.0,114116.0,115305.65,3338.52917,1754049599999,383326052.96004840,463102,1553.96108000,178459723.08960990,0
2025-08-01 12:00:00,115305.64,116019.3,113988.47,115357.82,5325.96286,1754063999999,613558143.14864540,1084066,2524.83820000,291034014.42167780,0
2025-08-01 16:00:00,115357.82,115695.52,113221.93,113328.68,4135.47502,1754078399999,472437940.42125180,924319,1966.15620000,224637144.46577310,0
2025-08-01 20:00:00,113328.67,114094.08,112722.58,113297.93,3294.30196,1754092799999,373558787.49975580,628176,1573.88376000,178528816.23535680,0
2025-08-02 00:00:00,113297.92,113921.94,113198.63,113909.86,1422.97261,1754107199999,161699096.20081790,346530,710.60713000,80745020.26571740,0
2025-08-02 04:00:00,113909.87,114063.49,113469.43,113982.49,1674.39001,1754121599999,190562803.04439680,227553,838.67346000,95432539.11819060,0
2025-08-02 08:00:00,113982.49,114040.29,113425.58,113787.12,1135.36227,1754135999999,129100147.29776490,222031,456.36308000,51889678.52989690,0
2025-08-02 12:00:00,113787.11,113787.12,112802.31,112840.71,1922.72871,1754150399999,217838216.01231600,320277,761.89323000,86333566.24300680,0
2025-08-02 16:00:00,112840.7,113420.0,112003.0,112229.42,3414.70659,1754164799999,384611629.97070750,639368,1372.46140000,154627663.10634820,0
2025-08-02 20:00:00,112229.42,113058.82,112069.86,112546.35,1937.17409,1754179199999,218070844.80071890,409955,920.01005000,103557915.80857140,0
2025-08-03 00:00:00,112546.35,113740.69,111920.0,113604.2,2106.5441,1754193599999,237947445.47649270,418118,954.66072000,107943735.79204510,0
2025-08-03 04:00:00,113604.2,113720.16,113341.06,113700.0,764.27697,1754207999999,86778251.94677570,130998,368.11441000,41801748.61287170,0
2025-08-03 08:00:00,113700.0,114260.31,113551.0,113862.18,1260.20877,1754222399999,143489089.11397830,156276,725.50976000,82603501.58516330,0
2025-08-03 12:00:00,113862.19,114098.45,113579.69,113959.06,1131.56686,1754236799999,128830422.64836460,251886,558.89691000,63627834.54520130,0
2025-08-03 16:00:00,113959.06,114799.97,113775.55,114313.19,1254.96509,1754251199999,143410319.15863650,246789,702.85838000,80315428.02462050,0
2025-08-03 20:00:00,114313.19,114612.24,114066.56,114208.8,880.19867,1754265599999,100634505.81000630,215214,428.14313000,48953972.73562850,0
2025-08-04 00:00:00,114208.81,115000.0,114107.6,114570.61,1525.00586,1754279999999,174778603.67585500,304162,749.69907000,85930718.27213140,0
2025-08-04 04:00:00,114570.61,114778.5,114148.58,114652.97,1221.27307,1754294399999,139739546.26412080,197361,526.28258000,60226436.98126630,0
2025-08-04 08:00:00,114652.98,114750.0,114217.97,114493.09,1188.64494,1754308799999,136090921.96312800,247694,515.96378000,59076360.92978970,0
2025-08-04 12:00:00,114493.09,115466.0,114121.0,114826.0,2885.46126,1754323199999,331541729.67811560,530974,1497.28882000,172049625.15537430,0
2025-08-04 16:00:00,114826.01,115720.0,114732.65,114777.62,1843.11618,1754337599999,212273932.32412840,412414,942.51512000,108540416.74690340,0
2025-08-04 20:00:00,114777.62,115340.0,114616.33,115055.03,1004.17785,1754351999999,115514140.15762300,261625,483.54414000,55619716.72390960,0
2025-08-05 00:00:00,115055.03,115127.81,114256.85,114256.85,1398.92395,1754366399999,160455069.04299710,287638,652.16816000,74827506.76525640,0
2025-08-05 04:00:00,114256.85,114500.66,113725.72,113969.7,2125.54323,1754380799999,242804599.54892070,261124,882.25638000,100789177.32516810,0
2025-08-05 08:00:00,113969.7,115096.73,113928.87,114827.07,1593.56232,1754395199999,182617724.54586360,317175,877.52425000,100547792.88685630,0
2025-08-05 12:00:00,114827.07,114893.13,112650.0,112934.0,4590.4684,1754409599999,520992544.53318060,1006379,2107.07878000,239124723.51650150,0
2025-08-05 16:00:00,112934.0,113763.27,112815.68,113616.52,1434.52074,1754423999999,162586192.65822270,478510,673.47754000,76323722.19165300,0
2025-08-05 20:00:00,113616.51,114228.88,113304.0,114129.75,899.77214,1754438399999,102405616.81743190,230226,430.16243000,48957851.41563310,0
2025-08-06 00:00:00,114129.75,114139.38,113400.0,113509.97,1061.53764,1754452799999,120724616.06978040,286080,408.49037000,46459434.27880910,0
2025-08-06 04:00:00,113509.98,114417.02,113355.13,114227.91,1437.03071,1754467199999,163790419.89220040,302903,717.83329000,81849402.02118460,0
2025-08-06 08:00:00,114227.9,114404.23,113727.57,114226.69,1280.29764,1754481599999,146061959.12462190,269803,657.13818000,74963935.36910360,0
2025-08-06 12:00:00,114226.68,115515.09,113579.9,115413.87,3509.68013,1754495999999,402461313.76963260,704802,1966.03693000,225500696.20519320,0
2025-08-06 16:00:00,115413.87,115716.0,114942.18,115259.99,1727.95909,1754510399999,199297200.14588150,308639,796.77912000,91906515.33393940,0
2025-08-06 20:00:00,115260.0,115260.0,114793.01,114992.27,744.64797,1754524799999,85693223.85680160,154273,325.96959000,37513224.46884210,0
2025-08-07 00:00:00,114992.27,115185.58,114404.22,114546.03,1192.91433,1754539199999,136893563.39058050,198112,576.15563000,66121446.95062500,0
2025-08-07 04:00:00,114546.03,114876.79,114259.0,114787.99,1290.96115,1754553599999,147895974.17281160,209354,642.22974000,73587812.71544700,0
2025-08-07 08:00:00,114787.99,116828.93,114787.98,116519.53,3698.10885,1754567999999,428983588.28952740,492704,2172.12244000,251905570.66366380,0
2025-08-07 12:00:00,116519.54,116791.11,116035.84,116689.81,2746.73177,1754582399999,319832114.29082850,546103,1392.81119000,162191741.76677130,0
2025-08-07 16:00:00,116689.8,117520.0,115632.31,117461.98,2735.62556,1754596799999,319105083.73857840,558042,1355.20075000,158156893.97553170,0
2025-08-07 20:00:00,117461.99,117621.0,117012.0,117472.01,1804.22097,1754611199999,211743973.95460060,310356,870.21778000,102125404.37259320,0
2025-08-08 00:00:00,117472.02,117630.0,116694.28,116737.35,2393.91974,1754625599999,280094573.21877490,511625,1027.18014000,120182644.98185050,0
2025-08-08 04:00:00,116737.34,116973.3,116401.0,116817.19,1456.27491,1754639999999,169950858.20349400,224401,651.58146000,76032292.33163510,0
2025-08-08 08:00:00,116817.2,116914.6,116317.08,116891.51,1108.98011,1754654399999,129319112.12395610,268792,500.07248000,58317543.84967950,0
2025-08-08 12:00:00,116891.51,117271.73,115878.71,116207.69,2540.81848,1754668799999,296106840.90685470,544209,1165.72876000,135864534.51828190,0
2025-08-08 16:00:00,116207.7,116900.0,116006.14,116453.41,1690.79713,1754683199999,196921937.46157410,394422,897.94096000,104583069.38222230,0
2025-08-08 20:00:00,116453.41,116980.0,116319.06,116674.74,854.52241,1754697599999,99806456.80960090,151855,342.40194000,39990513.40508090,0
2025-08-09 00:00:00,116674.74,116750.0,116299.13,116384.01,971.89236,1754711999999,113203432.96729540,135431,363.74375000,42373446.36462610,0
2025-08-09 04:00:00,116384.01,116980.0,116339.45,116756.01,2021.01259,1754726399999,235841895.56564860,278492,1064.09266000,124184023.88844800,0
2025-08-09 08:00:00,116756.0,117944.05,116756.0,117110.0,2353.3714,1754740799999,276230205.14161790,354468,1301.13377000,152715702.36481770,0
2025-08-09 12:00:00,117110.0,117238.04,116700.01,116892.47,1382.66437,1754755199999,161718872.45679210,247175,725.15110000,84820284.11578380,0
2025-08-09 16:00:00,116892.48,116947.16,116500.0,116535.69,1202.78039,1754769599999,140321045.55335640,167656,648.16143000,75620589.85457250,0
2025-08-09 20:00:00,116535.68,117021.16,116359.89,116462.25,1582.41033,1754783999999,184522150.01766180,207729,767.57145000,89514254.52874650,0
2025-08-10 00:00:00,116462.25,118500.0,116460.63,118500.0,3892.68324,1754798399999,458141314.95796170,470884,2375.20894000,279581483.76813730,0
2025-08-10 04:00:00,118500.0,118741.77,117466.34,117808.3,2444.0838,1754812799999,288972231.84477770,431454,1147.37239000,135694183.56681510,0
2025-08-10 08:00:00,117808.29,118500.0,117608.01,118330.58,1506.32503,1754827199999,178057964.90205020,346119,810.23724000,95770671.91276980,0
2025-08-10 12:00:00,118330.58,119113.94,118232.0,118815.0,2809.2276,1754841599999,333423155.38639830,437945,1512.40831000,179523977.42781020,0
2025-08-10 16:00:00,118815.0,118944.24,118433.8,118663.08,995.85812,1754855999999,118153752.24991770,213690,508.95628000,60381942.81299010,0
2025-08-10 20:00:00,118663.09,119311.11,118074.99,119294.01,2674.59294,1754870399999,317450328.53076520,416973,1669.25197000,198130214.23279950,0
2025-08-11 00:00:00,119294.27,122164.07,118972.59,121728.99,7626.19257,1754884799999,921251175.81507960,1013671,4168.58541000,503187520.39857680,0
2025-08-11 04:00:00,121729.0,122335.16,121466.08,121537.15,4279.8879,1754899199999,521892702.93019280,571340,1995.64419000,243413431.60808960,0
2025-08-11 08:00:00,121537.14,121823.0,120286.4,120561.54,4216.26732,1754913599999,510604967.33673560,566188,2009.30795000,243363090.73219670,0
2025-08-11 12:00:00,120561.53,120667.54,119382.91,120314.4,5236.26223,1754927999999,628472627.86360910,907593,2755.26055000,330700606.76292750,0
2025-08-11 16:00:00,120314.4,120794.05,118604.17,119089.3,2812.92272,1754942399999,336787744.58204000,546834,1178.39313000,141139661.18345410,0
2025-08-11 20:00:00,119089.3,119172.63,118050.11,118686.0,2322.80155,1754956799999,275602312.01341220,416117,1136.23823000,134836150.95783210,0
2025-08-12 00:00:00,118686.0,119275.46,118593.39,118857.7,1894.63528,1754971199999,225356508.46322640,299409,991.91785000,117983741.14562760,0
2025-08-12 04:00:00,118857.7,119158.06,118424.86,118986.72,3135.38397,1754985599999,372768949.64902420,286057,1943.73871000,231145984.33742430,0
2025-08-12 08:00:00,118986.73,119058.43,118207.47,118522.22,2346.379,1754999999999,278386557.94518650,313590,1302.79783000,154614971.11551760,0
2025-08-12 12:00:00,118522.22,119960.0,118285.0,119933.0,4914.05441,1755014399999,585444041.27978050,916587,2630.84115000,313496129.45013710,0
2025-08-12 16:00:00,119933.0,120192.1,119172.62,119665.27,2309.07117,1755028799999,276328760.25884310,537021,1187.53513000,142136568.06655550,0
2025-08-12 20:00:00,119665.27,120324.43,119485.84,120134.08,2120.5851,1755043199999,254477655.98919700,385177,1208.22895000,144990604.08090950,0
2025-08-13 00:00:00,120134.09,120192.1,119094.28,119482.01,2361.00135,1755057599999,282270802.47443370,373931,993.87621000,118817933.77903870,0
2025-08-13 04:00:00,119482.01,119820.18,118920.92,119580.4,2324.10298,1755071999999,277456148.01295650,346612,1164.99875000,139112413.80885710,0
2025-08-13 08:00:00,119580.4,120732.94,119446.22,120570.41,3213.18528,1755086399999,386212646.90826060,414155,1742.78544000,209457283.68930130,0
2025-08-13 12:00:00,120570.41,122200.0,120106.02,120920.62,7228.67197,1755100799999,876073760.93010120,1223418,3448.06635000,417943044.85693230,0
2025-08-13 16:00:00,120920.61,122839.47,120920.61,122744.21,4167.90157,1755115199999,508080168.05941110,716576,2589.17326000,315617346.50495580,0
2025-08-13 20:00:00,122744.22,123667.79,122298.2,123306.43,3915.20787,1755129599999,481487822.00229430,638125,1992.36824000,245097965.40922940,0
2025-08-14 00:00:00,123306.44,124474.0,123250.5,123337.14,3481.676316,1755143999999,430716617.87809690,617531,1608.17731600,198973024.48032700,0
2025-08-14 04:00:00,123337.14,123428.6,121313.86,121725.31,3755.65744,1755158399999,458788510.16118820,539320,1768.22072000,215899266.56434690,0
2025-08-14 08:00:00,121725.31,122045.9,120694.0,120949.67,3456.28874,1755172799999,419594475.26750270,441000,1710.19796000,207713575.62730400,0
2025-08-14 12:00:00,120949.66,121183.06,117632.0,118257.25,11617.06761,1755187199999,1381540969.81337900,1687597,5493.20366000,653319261.60213050,0
2025-08-14 16:00:00,118257.26,118535.0,117180.0,117945.92,3545.40524,1755201599999,417837878.03212400,703952,1709.97434000,201572968.09206640,0
2025-08-14 20:00:00,117945.92,118516.81,117302.33,118295.09,2124.85224,1755215999999,250649939.95623300,361049,1112.30448000,131241488.50355880,0
2025-08-15 00:00:00,118295.09,119077.71,118032.32,118968.91,1883.55436,1755230399999,223413129.69180380,427333,862.49336000,102299646.53472930,0
2025-08-15 04:00:00,118968.91,119216.82,118629.58,118956.45,1732.90691,1755244799999,206149632.50697560,314291,769.91399000,91583236.49876010,0
2025-08-15 08:00:00,118956.45,119144.5,118600.0,119006.01,1129.82607,1755259199999,134389731.26065360,277559,554.91425000,66017792.30555360,0
2025-08-15 12:00:00,119006.01,119130.77,116827.29,117275.22,5128.8936,1755273599999,604073837.83902830,1056138,2121.84638000,249971034.61203400,0
2025-08-15 16:00:00,117275.23,117882.35,116803.99,116936.27,2393.46089,1755287999999,280682572.64475020,597487,1156.02326000,135609226.00175510,0
2025-08-15 20:00:00,116936.28,117761.88,116862.5,117342.05,1354.69691,1755302399999,158900425.74188960,222208,676.22584000,79318699.86441460,0
2025-08-16 00:00:00,117342.04,117898.99,117231.14,117429.63,1420.5255,1755316799999,167039941.70739580,275371,694.26476000,81634732.56507140,0
2025-08-16 04:00:00,117429.63,117884.0,117278.0,117596.07,925.25596,1755331199999,108775709.73159160,203205,487.86019000,57355488.27601250,0
2025-08-16 08:00:00,117596.07,117703.92,117143.98,117378.52,1206.0413,1755345599999,141632924.33217130,223925,555.80229000,65262409.11239150,0
2025-08-16 12:00:00,117378.52,117825.0,117327.63,117676.7,1191.50027,1755359999999,140188940.06324620,209982,581.96097000,68475509.59156970,0
2025-08-16 16:00:00,117676.7,117817.65,117629.94,117672.12,817.42683,1755374399999,96233958.53678290,121434,386.26416000,45473516.04058040,0
2025-08-16 20:00:00,117672.13,117713.51,117219.34,117380.66,832.93131,1755388799999,97847917.40117600,145925,289.07628000,33957125.51082960,0
2025-08-17 00:00:00,117380.66,117771.37,117172.21,117684.95,770.53091,1755403199999,90497907.75013060,177443,366.14855000,43006974.08611990,0
2025-08-17 04:00:00,117684.96,118230.82,117684.95,118005.98,1109.68335,1755417599999,130931507.91083150,177443,590.28392000,69648555.70073640,0
2025-08-17 08:00:00,118005.98,118484.0,117922.0,118308.01,1007.67549,1755431999999,119183257.33457440,197461,550.06661000,65051754.07597330,0
2025-08-17 12:00:00,118308.0,118575.0,118059.12,118246.16,974.27271,1755446399999,115208961.89534390,178505,420.11469000,49689616.72569290,0
2025-08-17 16:00:00,118246.15,118316.01,117321.53,117570.07,1326.17558,1755460799999,156204693.65765280,270938,570.31811000,67171534.11733170,0
2025-08-17 20:00:00,117570.07,117995.37,117371.65,117405.01,710.30388,1755475199999,83602869.35527410,175773,307.79925000,36231013.38451120,0
2025-08-18 00:00:00,117405.01,117543.75,115000.0,115319.0,5801.42298,1755489599999,673780931.17651780,973728,2456.39552000,285283810.78122810,0
2025-08-18 04:00:00,115319.0,115712.49,114878.71,115205.98,3433.42415,1755503999999,395866077.87857660,570851,1405.82751000,162118689.09352320,0
2025-08-18 08:00:00,115205.99,115402.51,114640.14,114947.27,2793.98984,1755518399999,321376818.73935550,485363,1159.25007000,133348030.77238320,0
2025-08-18 12:00:00,114947.27,116186.97,114825.0,116145.34,2772.17945,1755532799999,319990073.13056000,650916,1456.17184000,168133589.66489520,0
2025-08-18 16:00:00,116145.34,116800.0,115818.86,116313.99,1731.37273,1755547199999,201448268.70422980,418825,715.63515000,83277668.62901580,0
2025-08-18 20:00:00,116314.0,116980.0,115980.32,116227.05,1213.55039,1755561599999,141351915.84253780,246597,454.42658000,52947190.54770300,0
2025-08-19 00:00:00,116227.05,116725.69,114787.23,114810.0,2390.89748,1755575999999,276523497.66327090,629615,974.28091000,112696255.70555230,0
2025-08-19 04:00:00,114810.01,115483.24,114366.0,114978.14,2499.12321,1755590399999,287170834.57208710,563407,1161.24152000,133455731.77954870,0
2025-08-19 08:00:00,114978.15,115650.0,114804.0,115508.71,1471.04277,1755604799999,169605923.13183090,298029,843.37696000,97223158.10172680,0
2025-08-19 12:00:00,115508.71,115875.84,113587.68,113786.38,5294.46316,1755619199999,605597290.21785770,857149,2543.82655000,291010341.64676160,0
2025-08-19 16:00:00,113786.39,113897.58,112767.06,113132.48,3784.35052,1755633599999,428905575.20465540,591076,2018.11062000,228747669.66903240,0
2025-08-19 20:00:00,113132.49,113589.48,112732.58,112872.94,2625.5971,1755647999999,297207775.06876440,351906,1068.57714000,120960388.69180030,0
2025-08-20 00:00:00,112872.95,113636.13,112566.01,113525.91,3116.70576,1755662399999,352631514.87738570,510162,1164.01315000,131714471.25126240,0
2025-08-20 04:00:00,113525.9,113837.93,113432.0,113490.13,1367.41482,1755676799999,155379967.26592940,226386,683.43432000,77663127.05745590,0
2025-08-20 08:00:00,113490.14,114016.77,113060.08,113666.68,2352.50644,1755691199999,267518086.25844220,377977,1066.60404000,121301550.14080420,0
2025-08-20 12:00:00,113666.69,114326.35,112380.0,113353.94,4605.43198,1755705599999,522278044.57226530,980643,2123.07459000,240877531.68571480,0
2025-08-20 16:00:00,113353.94,114444.0,113264.01,114276.66,2624.00614,1755719999999,298829017.13062470,634049,1342.66385000,152899931.09307650,0
2025-08-20 20:00:00,114276.66,114615.38,114000.0,114271.24,1570.2768,1755734399999,179512936.02012630,269153,829.79580000,94874358.98754810,0
2025-08-21 00:00:00,114271.23,114821.76,113906.01,113954.62,1626.72781,1755748799999,185841315.90159620,376353,808.20883000,92356069.79020040,0
2025-08-21 04:00:00,113954.62,114033.84,113582.43,113896.03,1612.36321,1755763199999,183481882.07337650,278315,870.46157000,99045269.10060130,0
2025-08-21 08:00:00,113896.03,113990.0,113000.0,113148.66,1509.65106,1755777599999,171287136.95961630,338663,634.87235000,72052473.70516610,0
2025-08-21 12:00:00,113148.65,113995.11,112608.64,112792.08,2521.11028,1755791999999,285394179.23457840,562395,1189.66013000,134689675.90509470,0
2025-08-21 16:00:00,112792.08,112969.47,112015.67,112193.71,2468.80417,1755806399999,277549685.11226940,499262,1258.41931000,141481694.24451910,0
2025-08-21 20:00:00,112193.71,112870.94,112067.46,112500.0,1101.03582,1755820799999,123819589.33412610,302392,584.85788000,65775158.70891120,0
2025-08-22 00:00:00,112500.0,113525.0,112335.6,112929.24,1610.19525,1755835199999,182026286.43214790,367861,995.49538000,112552643.57663110,0
2025-08-22 04:00:00,112929.24,113394.76,112708.81,113094.83,1656.2572,1755849599999,187332321.37900830,331580,887.04271000,100334516.09173060,0
2025-08-22 08:00:00,113094.83,113319.3,112177.27,112320.0,1932.43574,1755863999999,217921342.75416910,317304,924.65796000,104288496.33898460,0
2025-08-22 12:00:00,112320.01,117296.12,111684.79,116370.75,11505.26127,1755878399999,1319396835.13821840,1584774,6041.80772000,693092581.05100730,0
2025-08-22 16:00:00,116370.75,117429.05,116116.0,116655.79,4307.94644,1755892799999,502648352.26454390,577064,2128.81326000,248441571.90658640,0
2025-08-22 20:00:00,116655.79,117174.43,116550.96,116935.99,2115.99447,1755907199999,247299984.30969890,259935,865.78008000,101197902.90772930,0
2025-08-23 00:00:00,116936.0,117030.0,115458.2,115568.77,2647.58419,1755921599999,307518062.91591250,507557,1007.23464000,117041716.91650450,0
2025-08-23 04:00:00,115568.77,116034.53,115551.2,115799.47,2258.18362,1755935999999,261617133.78858280,247598,1110.53791000,128658846.83235600,0
2025-08-23 08:00:00,115799.46,115861.8,115223.43,115310.13,1313.89391,1755950399999,151932657.12032250,171068,625.01231000,72288422.77567940,0
2025-08-23 12:00:00,115310.13,115486.97,114560.0,114812.87,3027.56166,1755964799999,348062480.90316210,373481,1303.05919000,149801287.58571390,0
2025-08-23 16:00:00,114812.88,115190.74,114684.11,115133.91,1105.55067,1755979199999,127121304.50689660,151735,446.56857000,51348035.30536820,0
2025-08-23 20:00:00,115133.92,115454.12,115001.88,115438.05,976.58792,1755993599999,112573788.77948210,108130,590.93752000,68135583.71582130,0
2025-08-24 00:00:00,115438.06,115666.68,114934.21,115036.0,1995.92433,1756007999999,230109582.59534010,291862,1007.06495000,116114555.08681210,0
2025-08-24 04:00:00,115036.01,115283.21,114846.14,114888.19,1715.6873,1756022399999,197387179.73029000,205688,587.93262000,67632167.10410240,0
2025-08-24 08:00:00,114888.19,115060.99,114600.0,114730.22,2223.47925,1756036799999,255263363.45455190,267625,995.18062000,114257369.62055180,0
2025-08-24 12:00:00,114730.22,114869.41,114350.57,114400.0,2662.01905,1756051199999,305089212.15292840,339333,1116.24094000,127945653.39436890,0
2025-08-24 16:00:00,114400.01,114917.1,110680.0,112600.0,8322.01988,1756065599999,943283691.76260140,791837,3650.90078000,413888935.50766550,0
2025-08-24 20:00:00,112600.0,113692.97,111632.85,113493.59,4256.85481,1756079999999,480151576.49346460,677561,1967.74719000,222016520.62081160,0
2025-08-25 00:00:00,113493.59,113667.28,112159.0,112916.84,2384.9729,1756094399999,269655699.25748960,665721,1121.82787000,126832729.81323790,0
2025-08-25 04:00:00,112916.84,113059.52,111284.05,111511.55,4054.02521,1756108799999,454597068.91029520,667424,1925.81482000,215964679.10904130,0
2025-08-25 08:00:00,111511.56,111850.13,110929.48,111214.97,4028.25788,1756123199999,448564942.27145510,624668,1929.68354000,214949901.61912730,0
2025-08-25 12:00:00,111214.97,112580.0,110588.0,112200.64,4593.3206,1756137599999,513032034.67396390,914685,2398.82756000,267986773.11341450,0
2025-08-25 16:00:00,112200.65,112937.26,110655.01,110716.13,3109.40411,1756151999999,348208706.36696460,685712,1261.82967000,141419773.48185360,0
2025-08-25 20:00:00,110716.13,111092.54,109274.1,110111.98,7012.81309,1756166399999,771512202.15085460,1137508,2749.59824000,302509128.20750530,0
2025-08-26 00:00:00,110111.98,110111.98,108666.66,109879.56,4155.39206,1756180799999,455011698.22493690,1097720,1983.06646000,217185031.08963400,0
2025-08-26 04:00:00,109879.57,110547.31,109765.93,110303.2,1910.05232,1756195199999,210359826.37700550,624551,1025.54731000,112960716.09120120,0
2025-08-26 08:00:00,110303.2,110455.13,109570.34,109876.52,1852.10166,1756209599999,203892967.45228500,344139,870.12354000,95800304.58410740,0
2025-08-26 12:00:00,109876.53,110818.6,109393.93,109666.33,4559.68511,1756223999999,501940355.73113050,1065558,2450.01989000,269746462.00346270,0
2025-08-26 16:00:00,109666.34,111162.59,109450.0,111116.03,3548.51055,1756238399999,391349262.89399800,569890,2212.50107000,244219208.03903890,0
2025-08-26 20:00:00,111116.03,112371.0,110918.26,111763.22,2426.69707,1756252799999,270883236.82058330,375616,1322.17330000,147556771.78951970,0
2025-08-27 00:00:00,111763.22,111825.16,110918.26,111418.15,2172.27313,1756267199999,241949639.30677750,410582,925.30522000,103068605.98792800,0
2025-08-27 04:00:00,111418.15,111737.26,110622.5,110725.18,1809.80294,1756281599999,201194156.60015460,370060,762.79756000,84846421.76324390,0
2025-08-27 08:00:00,110725.19,111374.45,110345.42,111322.07,1594.26753,1756295999999,176776430.32148620,317061,785.60547000,87145518.07569220,0
2025-08-27 12:00:00,111322.07,112625.0,111019.02,112000.0,3310.1006,1756310399999,369950416.97553700,824967,1672.05486000,186863860.89385300,0
2025-08-27 16:00:00,111999.99,112600.0,111541.23,112080.69,1902.42552,1756324799999,213222697.39975690,506775,907.01397000,101668324.69289520,0
2025-08-27 20:00:00,112080.68,112452.05,110921.79,111262.01,2603.73903,1756339199999,290681586.58711960,682051,1209.06842000,134993612.76386730,0
2025-08-28 00:00:00,111262.01,112042.04,110862.42,112000.01,1203.77782,1756353599999,134253218.26864630,375072,597.52028000,66649542.65631200,0
2025-08-28 04:00:00,112000.0,113360.0,111945.07,113114.11,2481.91862,1756367999999,280232965.37310330,395525,1238.58901000,139818288.77542760,0
2025-08-28 08:00:00,113114.11,113351.51,112826.22,112909.18,1419.04336,1756382399999,160395511.26407400,164734,540.02909000,61048034.11729170,0
2025-08-28 12:00:00,112909.18,113485.9,112391.56,112678.53,3088.9335,1756396799999,348792906.07042900,597709,1381.73513000,156076823.95085140,0
2025-08-28 16:00:00,112678.53,113186.56,111901.35,111901.36,1813.29699,1756411199999,203973679.42619300,360972,798.74966000,89870954.53001890,0
2025-08-28 20:00:00,111901.36,112575.98,111872.06,112566.9,1097.30715,1756425599999,123140201.54287620,172768,582.84192000,65402359.65391320,0
2025-08-29 00:00:00,112566.9,112638.64,111302.27,111704.23,2123.00621,1756439999999,237282218.20052350,405287,965.39965000,107902817.37234550,0
2025-08-29 04:00:00,111704.24,111850.56,109899.99,110019.38,4260.9718,1756454399999,472460597.88746470,499168,1929.05760000,213853323.43897240,0
2025-08-29 08:00:00,110019.38,110270.3,109414.18,110098.81,2848.31026,1756468799999,313002938.91835020,448903,1604.11242000,176286557.33932710,0
2025-08-29 12:00:00,110098.81,111517.07,108103.0,108386.23,7729.2804,1756483199999,845034516.96281830,1246052,3797.67907000,415295549.56517970,0
2025-08-29 16:00:00,108386.23,108832.0,107934.24,108212.01,2605.64538,1756497599999,282494047.12716180,591209,1064.08261000,115386931.30598950,0
2025-08-29 20:00:00,108212.01,108549.99,107463.9,108377.4,3013.0964,1756511999999,325218173.48121120,416340,1256.02509000,135596334.08264290,0
2025-08-30 00:00:00,108377.4,108436.21,107350.1,108436.2,3244.13736,1756526399999,350563966.56231610,430111,1572.81933000,169958646.69980130,0
2025-08-30 04:00:00,108436.21,108697.28,108120.0,108524.26,3052.32523,1756540799999,330960187.67573420,285923,1928.41443000,209129100.05219530,0
2025-08-30 08:00:00,108524.26,108777.43,108400.0,108680.01,1416.9539,1756555199999,153824302.46667540,167658,803.45769000,87222342.94688020,0
2025-08-30 12:00:00,108680.01,108926.15,108190.52,108869.98,1540.53972,1756569599999,167213327.05550190,272361,744.34436000,80816639.28406480,0
2025-08-30 16:00:00,108869.98,108900.0,108625.46,108828.33,677.58629,1756583999999,73708948.90090160,133138,358.75258000,39025143.87433790,0
2025-08-30 20:00:00,108828.32,108838.27,108468.77,108816.33,776.84909,1756598399999,84396040.07762310,121849,389.38944000,42305921.98612150,0
2025-08-31 00:00:00,108816.33,109480.02,108801.35,109223.84,1756.83146,1756612799999,191851864.51821470,262048,907.25205000,99101944.62700990,0
2025-08-31 04:00:00,109223.84,109231.41,108523.49,108708.26,1177.25929,1756627199999,128038261.11718590,168415,433.77972000,47170551.15249270,0
2025-08-31 08:00:00,108708.25,109100.0,108303.21,108389.76,1590.89462,1756641599999,172733411.24566250,234357,619.64134000,67289247.58149260,0
2025-08-31 12:00:00,108389.77,108858.43,108191.29,108818.69,2441.88905,1756655999999,264753055.11295950,277584,1270.38908000,137781179.95396140,0
2025-08-31 16:00:00,108818.69,109237.51,108555.0,108930.0,1232.50315,1756670399999,134226505.07892460,189011,701.32991000,76368930.44484660,0
2025-08-31 20:00:00,108930.0,109230.0,108076.93,108246.35,1290.13839,1756684799999,140203797.27838460,235218,641.21848000,69695034.40938510,0
2025-09-01 00:00:00,108246.36,108482.98,107393.0,107660.01,3206.34097,1756699199999,345784012.64506980,678736,1375.11859000,148293046.64138160,0
2025-09-01 04:00:00,107660.0,109432.99,107255.0,109432.99,2904.1728,1756713599999,314052268.67128990,493783,1561.84645000,169036237.61859190,0
2025-09-01 08:00:00,109432.99,109912.4,108186.41,108782.88,3111.29125,1756727999999,339723577.21505800,498993,1419.73877000,155028031.51873520,0
2025-09-01 12:00:00,108782.89,109520.0,108566.0,108784.33,2266.34513,1756742399999,247152798.24657160,411529,1002.90732000,109391704.18917580,0
2025-09-01 16:00:00,108784.33,109329.65,108391.3,109217.64,1553.15049,1756756799999,169171627.41311090,266402,729.82289000,79485942.09904600,0
2025-09-01 20:00:00,109217.65,109442.95,107459.49,109237.42,3012.30155,1756771199999,326632354.59003500,379941,1443.55699000,156495986.91750290,0
2025-09-02 00:00:00,109237.43,110623.97,108883.8,110322.18,3166.02008,1756785599999,347302857.09203740,400395,1758.40749000,192932933.82073590,0
2025-09-02 04:00:00,110322.19,110610.5,110000.0,110233.92,1952.71608,1756799999999,215347311.92848680,328089,994.93733000,109733095.59170230,0
2025-09-02 08:00:00,110233.91,110711.1,109563.87,109733.34,2462.01591,1756814399999,271307194.73283180,361037,1048.27551000,115579298.95149500,0
2025-09-02 12:00:00,109733.33,111771.52,108393.39,110829.17,6768.89317,1756828799999,747343925.58072980,880798,3315.12492000,366060490.73815770,0
2025-09-02 16:00:00,110829.16,111119.58,110200.0,110806.0,2585.23037,1756843199999,286198581.18941530,430929,1163.37175000,128803940.00837420,0
2025-09-02 20:00:00,110806.01,111538.17,110716.77,111240.01,1575.41195,1756857599999,175181581.37813730,195080,808.60027000,89923046.42633440,0
2025-09-03 00:00:00,111240.01,111782.21,110892.14,111054.01,2263.61693,1756871999999,251962277.51238080,400128,1035.13985000,115264434.13091300,0
2025-09-03 04:00:00,111054.0,111151.99,110528.71,111099.88,1539.69973,1756886399999,170595738.50876580,260732,572.85090000,63480328.84472480,0
2025-09-03 08:00:00,111099.87,111708.0,110889.29,111437.77,1514.83708,1756900799999,168636555.41170260,286651,811.07758000,90303943.38083840,0
2025-09-03 12:00:00,111437.77,112500.0,111031.61,112222.74,3550.00487,1756915199999,396916280.07101570,746472,1807.53585000,202109934.96599240,0
2025-09-03 16:00:00,112222.73,112575.27,111686.24,112193.74,1957.30873,1756929599999,219492588.71274140,351115,913.79838000,102476028.15755290,0
2025-09-03 20:00:00,112193.74,112250.0,111613.98,111705.71,948.2535,1756943999999,106159177.12705820,169151,398.89206000,44659007.02749640,0
2025-09-04 00:00:00,111705.72,112180.0,111136.0,111148.97,1484.75903,1756958399999,165748620.00623790,303729,652.02619000,72804148.40546280,0
2025-09-04 04:00:00,111148.97,111318.84,110279.68,110463.36,2293.72804,1756972799999,253892672.88128080,341359,895.54519000,99123553.26362450,0
2025-09-04 08:00:00,110463.36,111154.93,110415.72,110810.0,1251.00126,1756987199999,138632770.05667890,246423,668.87931000,74125292.96236330,0
2025-09-04 12:00:00,110810.0,111123.99,109329.12,109510.31,3057.95062,1757001599999,336674953.01896190,635685,1500.41170000,165173050.41215980,0
2025-09-04 16:00:00,109510.32,110218.39,109363.26,109799.99,2124.63495,1757015999999,233220356.07925450,376615,1370.88022000,150452129.13521630,0
2025-09-04 20:00:00,109800.0,111765.31,109755.59,110730.87,1991.06146,1757030399999,220861953.48967060,326444,983.03890000,109003011.64688340,0
2025-09-05 00:00:00,110730.87,111482.09,110435.75,111311.77,1665.5758,1757044799999,184903566.38100620,310264,896.56239000,99523095.37650180,0
2025-09-05 04:00:00,111311.78,112999.0,111144.51,112954.32,3481.17531,1757059199999,390189332.51001230,410628,1791.39517000,200892965.23502570,0
2025-09-05 08:00:00,112954.32,112985.0,112131.02,112354.0,1956.82884,1757073599999,220089308.29147490,280041,945.71148000,106345395.03086400,0
2025-09-05 12:00:00,112354.0,113384.62,110286.91,110716.82,9805.88987,1757087999999,1098894219.30964330,1310302,5024.28213000,563019857.17222220,0
2025-09-05 16:00:00,110716.82,111627.51,110206.96,111614.54,2167.09419,1757102399999,240396957.97819890,350335,1005.04190000,111487864.14964540,0
2025-09-05 20:00:00,111614.54,111700.0,110375.6,110659.99,2510.84487,1757116799999,278658816.15298940,308849,1124.81820000,124797084.26294190,0
2025-09-06 00:00:00,110660.0,111307.7,110552.56,111082.22,800.18218,1757131199999,88738263.42799800,140100,353.50927000,39209399.27270470,0
2025-09-06 04:00:00,111082.23,111082.23,110687.69,110825.6,687.98406,1757145599999,76249293.02100220,94842,247.55686000,27432976.90144220,0
2025-09-06 08:00:00,110825.59,110968.0,110675.58,110781.02,621.90211,1757159999999,68882709.44001820,93699,313.76931000,34752578.20476860,0
2025-09-06 12:00:00,110781.03,110999.83,110358.11,110384.15,886.00942,1757174399999,98108968.71789900,142658,460.89526000,51042181.36652530,0
2025-09-06 16:00:00,110384.16,110402.0,109977.0,110038.41,1391.66059,1757188799999,153326892.03409560,233868,605.91642000,66759272.27371200,0
2025-09-06 20:00:00,110038.42,110282.82,110034.44,110187.97,612.56061,1757203199999,67479809.90245690,90034,327.18585000,36041018.92685820,0
2025-09-07 00:00:00,110187.98,110733.12,110180.0,110629.15,948.63792,1757217599999,104787931.40718370,116828,389.49018000,43022071.94874020,0
2025-09-07 04:00:00,110629.15,110911.42,110463.1,110753.42,872.74711,1757231999999,96571750.76981000,108685,381.50211000,42229956.33231190,0
2025-09-07 08:00:00,110753.41,111377.19,110720.01,111292.13,1214.41306,1757246399999,134950562.86242730,190930,552.37185000,61369941.35678530,0
2025-09-07 12:00:00,111292.12,111412.0,111042.6,111329.99,837.52385,1757260799999,93137851.40595570,142417,344.09796000,38265361.05512750,0
2025-09-07 16:00:00,111329.99,111371.35,110861.2,111259.99,940.48526,1757275199999,104481951.63920650,147101,469.78447000,52170540.84610150,0
2025-09-07 20:00:00,111259.99,111600.0,111001.45,111137.34,867.49224,1757289599999,96517902.07428570,169000,433.60542000,48246052.00139590,0
2025-09-08 00:00:00,111137.35,111372.0,110621.78,111052.11,1701.47085,1757303999999,188935229.57061340,308906,836.79910000,92904009.12259770,0
2025-09-08 04:00:00,111052.11,111609.04,110899.69,111280.39,1330.12513,1757318399999,147913206.12595220,184140,701.81909000,78044546.82714720,0
2025-09-08 08:00:00,111280.4,112186.98,111252.9,112052.43,2723.68786,1757332799999,304673937.23712620,309105,1317.82578000,147374478.79212260,0
2025-09-08 12:00:00,112052.43,112924.37,111877.64,112631.75,3018.22348,1757347199999,339071513.52155890,466756,1572.71776000,176693309.59464820,0
2025-09-08 16:00:00,112631.74,112670.06,111978.67,112097.31,1681.81458,1757361599999,188910893.98617280,316939,615.64599000,69157804.79041590,0
2025-09-08 20:00:00,112097.31,112512.71,111896.0,112065.23,1127.08021,1757375999999,126399082.02353680,158752,486.85197000,54599126.23069910,0
2025-09-09 00:00:00,112065.23,112104.41,111111.0,111708.0,2091.77038,1757390399999,233281366.99759270,364708,1119.70716000,124850202.96638540,0
2025-09-09 04:00:00,111708.01,113293.29,111624.12,112991.11,2906.5944,1757404799999,327413687.28500880,352029,1393.69534000,156948740.48939340,0
2025-09-09 08:00:00,112991.11,113176.51,112403.91,112433.59,1848.92022,1757419199999,208676364.39617630,210918,778.05933000,87830424.61282960,0
2025-09-09 12:00:00,112433.59,112950.0,110766.66,110880.76,4662.13241,1757433599999,521744273.15140730,742791,2061.34504000,230751567.39885640,0
2025-09-09 16:00:00,110880.76,111388.04,110788.0,111301.53,2121.49527,1757447999999,235604707.70760970,252884,1219.72460000,135439035.79615950,0
2025-09-09 20:00:00,111301.53,111745.69,111090.07,111546.39,1748.3698,1757462399999,194745598.36857120,219912,1024.84891000,114153204.91394410,0
2025-09-10 00:00:00,111546.38,111586.26,110917.45,111545.88,1667.04272,1757476799999,185465386.61559640,285335,805.56444000,89625575.41568200,0
2025-09-10 04:00:00,111545.88,112602.35,111372.42,112553.65,2477.2586,1757491199999,277249952.52496740,275054,1291.20908000,144582430.69017270,0
2025-09-10 08:00:00,112553.65,112859.8,112097.2,112299.99,2579.59736,1757505599999,290014477.68668190,286707,1008.77698000,113415730.16324630,0
2025-09-10 12:00:00,112300.0,114313.13,112299.99,113853.99,6630.72074,1757519999999,752976102.98552950,774516,3390.81038000,384880932.48969830,0
2025-09-10 16:00:00,113853.99,114074.46,113155.03,113574.52,2628.46871,1757534399999,298513456.48038900,357649,953.94643000,108328664.73569500,0
2025-09-10 20:00:00,113574.53,114025.78,113528.01,113960.0,1534.3301,1757548799999,174615373.92914730,203273,824.33267000,93813363.98783810,0
2025-09-11 00:00:00,113960.0,114434.23,113669.82,114400.01,1596.62879,1757563199999,182015809.94844740,263136,961.52159000,109618338.08634040,0
2025-09-11 04:00:00,114400.01,114459.65,113957.2,114083.58,1954.14285,1757577599999,223126882.04170470,250844,925.38594000,105675000.56733420,0
2025-09-11 08:00:00,114083.58,114200.0,113776.0,113999.99,1512.60333,1757591999999,172426276.75729320,230229,687.23071000,78339092.89556980,0
2025-09-11 12:00:00,113999.99,114715.02,113430.0,114180.31,5143.69337,1757606399999,586732694.63006630,862926,2412.18460000,275257309.96635390,0
2025-09-11 16:00:00,114180.32,114605.54,114102.0,114419.99,1437.71411,1757620799999,164436578.72479370,279325,662.48431000,75761951.15958420,0
2025-09-11 20:00:00,114420.0,115488.09,114246.04,115482.69,2031.94874,1757635199999,233502902.85423570,279899,1095.49278000,125943730.01533880,0
2025-09-12 00:00:00,115482.69,116331.81,115045.45,115194.14,3703.00155,1757649599999,428356309.20896320,563995,1926.14769000,222855145.58434580,0
2025-09-12 04:00:00,115194.14,115656.87,115086.7,115086.7,1630.41759,1757663999999,188078296.73253520,252459,713.19737000,82280586.33433440,0
2025-09-12 08:00:00,115086.7,115273.12,114888.01,114913.45,1958.78975,1757678399999,225295701.80976550,242507,1059.45555000,121850301.85111830,0
2025-09-12 12:00:00,114913.45,115500.95,114740.99,115121.18,2042.13901,1757692799999,235016851.08326300,545024,1043.10430000,120057659.02116840,0
2025-09-12 16:00:00,115121.18,116665.63,115030.3,116632.51,3863.84437,1757707199999,448507362.63907920,485400,2325.63773000,269971516.79455820,0
2025-09-12 20:00:00,116632.51,116632.51,115752.68,116029.42,2125.91492,1757721599999,246867748.02825740,392106,928.03012000,107760180.27141450,0
2025-09-13 00:00:00,116029.41,116298.78,115576.26,115957.0,2254.31226,1757735999999,261424386.40744380,283017,797.29772000,92472022.51640340,0
2025-09-13 04:00:00,115957.0,115957.01,115657.81,115778.71,1062.2047,1757750399999,122972028.19498550,141293,452.32207000,52362368.88514660,0
2025-09-13 08:00:00,115778.72,116166.71,115767.33,115974.11,1228.90503,1757764799999,142484356.35699640,143877,653.86468000,75813012.04637850,0
2025-09-13 12:00:00,115974.11,116060.0,115603.98,115768.68,1373.33567,1757779199999,159057213.32081700,243380,622.10718000,72047224.87732550,0
2025-09-13 16:00:00,115768.68,115817.37,115127.27,115797.12,1589.96184,1757793599999,183620137.42837770,291478,742.20207000,85724072.03629970,0
2025-09-13 20:00:00,115797.12,115991.29,115797.11,115918.29,760.68444,1757807999999,88166098.94114070,120590,322.29987000,37354329.07779900,0
2025-09-14 00:00:00,115918.29,116109.0,115651.99,115679.98,879.64203,1757822399999,101912530.94192830,182719,448.54268000,51966994.55571050,0
2025-09-14 04:00:00,115679.99,115936.0,115449.59,115805.39,914.78349,1757836799999,105892525.68561350,131190,504.47234000,58398068.43394520,0
2025-09-14 08:00:00,115805.39,116165.19,115748.78,115794.91,840.40714,1757851199999,97461407.15320890,148132,364.91910000,42315741.29929630,0
2025-09-14 12:00:00,115794.92,115878.49,115141.8,115224.01,2036.51269,1757865599999,235055297.99864420,365569,1029.19419000,118798605.60387380,0
2025-09-14 16:00:00,115224.01,115657.5,115193.9,115634.99,869.12927,1757879999999,100365108.81303440,166241,529.68951000,61162930.28544920,0
2025-09-14 20:00:00,115634.99,116087.35,115135.0,115268.01,1167.12735,1757894399999,135075494.37616980,243367,530.08995000,61334719.12526710,0
2025-09-15 00:00:00,115268.01,115594.9,114825.0,115445.45,1291.49944,1757908799999,148755333.59167810,309719,645.87650000,74396767.24585490,0
2025-09-15 04:00:00,115445.46,116757.99,115400.0,115806.62,2645.45158,1757923199999,307301863.21300750,460919,1400.41903000,162689713.37340390,0
2025-09-15 08:00:00,115806.62,115806.62,114625.87,115070.0,3497.27876,1757937599999,402341170.19463320,597624,1627.73693000,187272169.64518180,0
2025-09-15 12:00:00,115070.01,115099.0,114384.0,114842.9,2995.41636,1757951999999,343782363.52896000,770538,1546.13431000,177457203.01098530,0
2025-09-15 16:00:00,114842.9,115570.0,114600.0,115307.78,1872.69025,1757966399999,215446534.44747110,524766,1032.15362000,118739803.15764560,0
2025-09-15 20:00:00,115307.78,115605.07,115200.07,115349.71,910.1751,1757980799999,105020970.24776540,194423,369.04321000,42582929.25195340,0
2025-09-16 00:00:00,115349.71,115520.0,114945.01,115307.25,864.47636,1757995199999,99591672.05962510,245700,315.94643000,36392856.36049060,0
2025-09-16 04:00:00,115307.26,116009.62,114930.0,115840.0,1899.99942,1758009599999,219806608.63743820,299283,925.54470000,107072896.84875460,0
2025-09-16 08:00:00,115839.99,115981.17,115206.15,115287.83,1345.53241,1758023999999,155508383.82022350,239032,642.66269000,74263269.63666950,0
2025-09-16 12:00:00,115287.84,115905.89,114737.11,115905.88,2622.65829,1758038399999,302186446.59042710,530203,1256.64052000,144829750.86593250,0
2025-09-16 16:00:00,115905.88,116870.76,115608.28,116800.12,2955.38019,1758052799999,343968787.58147110,534667,1561.23821000,181675574.32735700,0
2025-09-16 20:00:00,116800.13,116964.27,116584.45,116788.96,1238.86273,1758067199999,144717388.82774170,198173,590.15110000,68948220.95271430,0
2025-09-17 00:00:00,116788.96,117077.16,116371.81,116372.04,1657.75299,1758081599999,193491339.81008770,290146,815.63490000,95235176.22922890,0
2025-09-17 04:00:00,116372.05,117286.73,116160.22,117162.48,2485.03317,1758095999999,290584490.39789000,331949,1244.97129000,145570415.80491210,0
2025-09-17 08:00:00,117162.48,117189.86,116253.27,116258.13,1655.0881,1758110399999,193052633.85378710,275626,616.39614000,71876604.82226690,0
2025-09-17 12:00:00,116258.12,116516.93,115432.0,115875.32,2848.33061,1758124799999,330110290.72195140,580758,1431.82591000,165929205.94850880,0
2025-09-17 16:00:00,115875.33,116333.33,114720.81,115652.02,5738.81221,1758139199999,663313189.17896010,1271634,2797.54671000,323392837.82956480,0
2025-09-17 20:00:00,115652.02,116990.68,115307.33,116447.59,2369.22832,1758153599999,275531760.65906940,477305,1068.62695000,124277870.19859750,0
2025-09-18 00:00:00,116447.6,117896.0,116092.76,117581.66,3081.68078,1758167999999,360962395.08196600,545534,1552.10912000,181734851.19817400,0
2025-09-18 04:00:00,117581.67,117750.0,116888.02,117086.01,1789.62789,1758182399999,209885864.13961750,336315,688.09658000,80699444.82398450,0
2025-09-18 08:00:00,117086.01,117413.04,117010.59,117063.4,1165.75229,1758196799999,136644267.16767080,265319,615.10674000,72102169.69079360,0
2025-09-18 12:00:00,117063.41,117843.83,116977.59,117583.56,2416.33194,1758211199999,283846467.09226430,482957,1302.94828000,153061674.61871160,0
2025-09-18 16:00:00,117583.56,117900.0,117196.33,117450.21,1828.6235,1758225599999,215116042.78037830,374290,981.62432000,115472670.55768360,0
2025-09-18 20:00:00,117450.21,117657.17,116612.03,117073.53,1375.21725,1758239999999,161058311.22461250,248239,577.46034000,67629742.04538040,0
2025-09-19 00:00:00,117073.53,117459.99,116871.61,116977.58,1326.38784,1758254399999,155402024.03295700,312981,533.62089000,62517867.86585390,0
2025-09-19 04:00:00,116977.58,117100.0,116633.86,116909.97,1538.09106,1758268799999,179715411.02232820,281722,576.66272000,67382362.12074040,0
2025-09-19 08:00:00,116909.98,117090.36,116300.0,116394.72,1243.82831,1758283199999,145090230.80511020,210628,486.01225000,56690954.63572180,0
2025-09-19 12:00:00,116394.72,116529.08,115464.19,115884.03,2657.87565,1758297599999,308378000.22729850,466145,1293.13634000,150024130.86997050,0
2025-09-19 16:00:00,115884.03,116136.0,115112.58,115125.12,1413.65495,1758311999999,163452273.25479540,290425,676.66257000,78251783.94873560,0
2025-09-19 20:00:00,115125.13,115657.28,115100.0,115632.38,812.25284,1758326399999,93754462.11074960,170570,454.72006000,52478883.63765770,0
2025-09-20 00:00:00,115632.39,115730.41,115408.47,115445.0,717.06298,1758340799999,82888500.38146520,124296,346.11885000,40008333.14995570,0
2025-09-20 04:00:00,115445.0,115985.2,115409.08,115968.56,759.46126,1758355199999,87855071.45374150,110606,467.47497000,54074433.54654270,0
2025-09-20 08:00:00,115968.56,115968.57,115664.11,115894.06,793.04586,1758369599999,91828050.91084840,136003,360.32496000,41724695.46654950,0
2025-09-20 12:00:00,115894.05,116121.81,115804.47,115986.69,836.91424,1758383999999,97054572.13504620,133819,365.84809000,42427792.07254300,0
2025-09-20 16:00:00,115986.7,116079.46,115698.08,115702.0,898.20806,1758398399999,104049061.31061800,121605,392.98161000,45522079.38976900,0
2025-09-20 20:00:00,115702.0,115944.7,115603.42,115685.63,670.23512,1758412799999,77589017.04997010,114122,343.41635000,39754136.21789890,0
2025-09-21 00:00:00,115685.63,115732.94,115441.83,115669.41,919.05922,1758427199999,106244847.86826770,138632,382.21256000,44187619.19627150,0
2025-09-21 04:00:00,115669.42,115815.98,115487.56,115815.97,806.9398,1758441599999,93317224.35886330,135618,396.77304000,45885341.45019600,0
2025-09-21 08:00:00,115815.98,115819.06,115329.03,115603.45,786.85295,1758455999999,90947602.10522750,168670,343.18454000,39664581.11508440,0
2025-09-21 12:00:00,115603.45,115747.23,115473.19,115531.61,671.3204,1758470399999,77628802.41639730,148679,286.47799000,33124406.79987650,0
2025-09-21 16:00:00,115531.62,115665.52,115209.02,115480.05,781.11646,1758484799999,90162089.93084310,192628,363.97115000,42014901.11311980,0
2025-09-21 20:00:00,115480.05,115545.43,115188.0,115232.29,546.23336,1758499199999,62999184.47081070,161738,244.10561000,28154689.07244490,0
2025-09-22 00:00:00,115232.29,115379.25,114150.0,114649.89,3078.59053,1758513599999,352684754.11777710,736906,1425.26822000,163246716.89603170,0
2025-09-22 04:00:00,114649.89,114649.9,111800.0,112519.99,7290.80289,1758527999999,823530281.51200680,728222,3253.38510000,367502330.86163850,0
2025-09-22 08:00:00,112520.0,112976.02,112173.52,112876.97,3052.23045,1758542399999,343444834.82094120,432429,1529.16275000,172070503.33346660,0
2025-09-22 12:00:00,112876.97,113432.76,112380.0,112815.5,3313.50245,1758556799999,374108351.03113050,540240,1462.92194000,165183779.00933880,0
2025-09-22 16:00:00,112815.5,112888.0,111936.4,112122.9,2731.51753,1758571199999,307062428.91799760,394676,1008.47504000,113372531.37514730,0
2025-09-22 20:00:00,112122.9,112977.41,111975.28,112650.99,1315.06971,1758585599999,148041861.29902190,213403,633.14472000,71308405.42256470,0
2025-09-23 00:00:00,112650.99,112833.09,111478.0,112339.99,2398.09582,1758599999999,269043870.04109740,423585,1029.92621000,115566420.27788150,0
2025-09-23 04:00:00,112339.99,113114.01,111876.15,113090.13,2504.81638,1758614399999,282369160.46170410,475088,1192.47496000,134434490.33527400,0
2025-09-23 08:00:00,113090.13,113281.5,112683.33,112975.99,1814.57634,1758628799999,205068866.18582340,305733,821.37518000,92832278.57402130,0
2025-09-23 12:00:00,112975.99,113290.5,112496.61,112882.19,1948.83266,1758643199999,219993237.52754170,451279,823.53111000,92978126.21790460,0
2025-09-23 16:00:00,112882.2,112958.58,111540.2,111655.29,2394.18192,1758657599999,268491504.71853940,575584,1073.49522000,120384847.72395070,0
2025-09-23 20:00:00,111655.29,112220.54,111458.73,111998.8,1240.81718,1758671999999,138903161.33899710,224460,602.55822000,67469495.59100070,0
2025-09-24 00:00:00,111998.8,112500.0,111683.09,111683.09,2848.03309,1758686399999,319231715.78306920,450413,1269.95521000,142335429.33395300,0
2025-09-24 04:00:00,111683.1,112779.37,111042.66,112583.54,2905.68984,1758700799999,325878156.69843920,422986,1541.70360000,172928360.70714090,0
2025-09-24 08:00:00,112583.54,113162.17,112405.62,113029.46,1567.72874,1758715199999,176833681.46212980,250830,860.06127000,97021284.84561540,0
2025-09-24 12:00:00,113029.45,113890.0,112808.0,113346.41,2535.05067,1758729599999,287303312.80478710,552852,1318.87422000,149507527.40252870,0
2025-09-24 16:00:00,113346.4,113940.0,113163.21,113420.01,1318.69585,1758743999999,149795073.91134420,322583,604.02160000,68627497.35902840,0
2025-09-24 20:00:00,113420.0,113647.58,113204.71,113307.0,1194.06148,1758758399999,135428687.84281250,230173,506.07897000,57406181.57221060,0
2025-09-25 00:00:00,113307.01,113510.23,112214.74,112546.21,3049.61418,1758772799999,344005575.81568140,658203,1427.22747000,160957165.18388540,0
2025-09-25 04:00:00,112546.22,112614.43,111450.42,111766.72,2930.2095,1758787199999,327663142.00683150,596111,1372.57018000,153492918.47400550,0
2025-09-25 08:00:00,111766.73,112246.46,111283.63,111348.0,2287.76235,1758801599999,255646380.39669940,406141,980.94778000,109635663.45243120,0
2025-09-25 12:00:00,111347.99,111729.52,110629.99,111580.77,4734.75828,1758815999999,527008326.88953170,1120064,2052.45708000,228443277.30341460,0
2025-09-25 16:00:00,111580.77,111672.58,108631.51,109360.0,6129.42446,1758830399999,672975159.27256590,1060870,2585.28818000,283641411.30006550,0
2025-09-25 20:00:00,109360.0,109685.72,108765.0,108994.49,2099.3808,1758844799999,229341105.54390470,568564,1092.58868000,119357100.05464250,0
2025-09-26 00:00:00,108994.49,109798.84,108809.24,109580.01,2323.19574,1758859199999,254245438.68470750,534083,1052.66880000,115195891.11143690,0
2025-09-26 04:00:00,109580.0,109625.94,108913.0,109320.02,3055.89804,1758873599999,333796210.85090300,475637,1727.78782000,188665223.80385670,0
2025-09-26 08:00:00,109320.02,109690.98,108620.07,109133.5,2675.46214,1758887999999,291980121.86979700,532784,991.18565000,108189935.86158570,0
2025-09-26 12:00:00,109133.5,109779.73,108764.76,109027.78,3241.9244,1758902399999,354169754.92829400,961751,1645.14827000,179782119.84430670,0
2025-09-26 16:00:00,109027.79,110300.0,109027.78,109172.2,2093.42859,1758916799999,229566570.70964500,543828,1090.71555000,119610460.27671280,0
2025-09-26 20:00:00,109172.21,109687.69,109087.57,109643.46,853.107,1758931199999,93340818.89591310,209072,470.78424000,51511811.85450120,0
2025-09-27 00:00:00,109643.46,109743.91,109324.42,109553.77,1041.65919,1758945599999,114071463.21404600,170335,510.68488000,55917374.07404540,0
2025-09-27 04:00:00,109553.77,109742.27,109332.02,109411.2,908.84116,1758959999999,99561610.80098340,118897,406.08444000,44487440.48758670,0
2025-09-27 08:00:00,109411.19,109477.69,109064.4,109310.21,1356.29029,1758974399999,148229649.56176290,194483,596.20681000,65164372.50049190,0
2025-09-27 12:00:00,109310.22,109477.59,109193.0,109402.24,1151.38343,1758988799999,125875777.06509470,178012,511.03924000,55871636.53244890,0
2025-09-27 16:00:00,109402.25,109440.0,109243.89,109424.2,590.81859,1759003199999,64619444.69863240,145696,234.92135000,25691898.22871310,0
2025-09-27 20:00:00,109424.21,109699.98,109362.72,109635.85,452.79377,1759017599999,49589643.65655710,112171,264.32214000,28947779.17090940,0
2025-09-28 00:00:00,109635.85,109787.75,109325.05,109436.0,822.14827,1759031999999,90044713.87016250,223878,412.28027000,45150225.50851850,0
2025-09-28 04:00:00,109436.0,109537.8,109260.0,109513.06,569.05076,1759046399999,62257046.29739510,92356,294.31340000,32198424.27673750,0
2025-09-28 08:00:00,109513.06,109585.39,109250.0,109369.02,862.93461,1759060799999,94420289.04633350,183426,420.99379000,46061702.51652680,0
2025-09-28 12:00:00,109369.02,110037.93,109189.99,110037.93,1349.20291,1759075199999,147898941.38906380,288876,555.96741000,60956478.86828100,0
2025-09-28 16:00:00,110037.92,110393.63,110008.54,110337.6,1215.77694,1759089599999,134010225.16023950,241509,612.71660000,67540466.26410240,0
2025-09-28 20:00:00,110337.61,112350.0,110294.78,112163.95,2723.21811,1759103999999,303623728.55714090,454821,1485.60459000,165588459.73518380,0
2025-09-29 00:00:00,112163.96,112310.0,111588.07,111857.51,2297.47362,1759118399999,257214538.02497690,442060,1048.98960000,117456642.63784110,0
2025-09-29 04:00:00,111857.51,111904.34,111560.65,111865.95,1831.36016,1759132799999,204592458.62763950,299499,1004.26408000,112180456.46137010,0
2025-09-29 08:00:00,111865.96,112421.99,111865.95,112100.0,2126.24195,1759147199999,238342829.85522600,324984,1077.07667000,120736060.17852760,0
2025-09-29 12:00:00,112100.0,114231.56,111901.26,113815.57,5064.79852,1759161599999,573716293.18183780,789340,2663.77606000,301574004.71322660,0
2025-09-29 16:00:00,113815.57,114390.93,113449.74,114265.55,2716.40525,1759175999999,309483410.94878900,354517,1227.93720000,139934824.24231550,0
2025-09-29 20:00:00,114265.56,114400.0,114020.0,114311.96,1504.84055,1759190399999,171898105.23266680,232253,814.64407000,93052999.33547210,0
2025-09-30 00:00:00,114311.97,114792.0,114040.35,114376.39,2494.38118,1759204799999,285442214.86781880,444227,1122.69104000,128499719.71322000,0
2025-09-30 04:00:00,114376.39,114376.4,113585.0,113699.23,2326.82117,1759219199999,265116049.17012070,334134,947.88151000,107991936.52511960,0
2025-09-30 08:00:00,113699.24,113741.37,112656.27,113055.01,2869.29172,1759233599999,324570286.34938870,462307,1534.32514000,173519351.10107890,0
2025-09-30 12:00:00,113055.0,113677.23,112866.11,113106.16,2840.28661,1759247999999,321540741.98797550,878794,1300.30916000,147218631.20985640,0
2025-09-30 16:00:00,113106.15,114563.46,112800.0,114359.99,2535.88761,1759262399999,288029255.11497640,512164,1287.09650000,146251134.04037590,0
2025-09-30 20:00:00,114359.99,114754.87,113765.42,114048.93,1977.48804,1759276799999,226014719.63981540,386705,993.41819000,113563688.68053070,0
2025-10-01 00:00:00,114048.94,114551.76,113966.67,114176.92,2042.57116,1759291199999,233499606.04922240,365189,973.35718000,111273026.30331280,0
2025-10-01 04:00:00,114176.93,114740.0,114151.0,114539.02,1996.43364,1759305599999,228584340.51596940,453781,805.82104000,92262770.03152040,0
2025-10-01 08:00:00,114539.02,116795.85,114484.43,116789.58,5217.93036,1759319999999,604751911.29038270,730334,2969.42682000,343980662.63906420,0
2025-10-01 12:00:00,116789.57,117649.99,116363.38,117423.73,4518.346,1759334399999,528495971.58234100,849968,2190.22932000,256223578.84746030,0
2025-10-01 16:00:00,117423.73,118199.0,116724.56,117439.53,3814.32316,1759348799999,448255889.93332880,583662,1823.08956000,214253035.20857870,0
2025-10-01 20:00:00,117439.53,118649.1,117163.25,118594.99,2446.79084,1759363199999,288509261.89468920,447409,1309.11700000,154429584.37658100,0
2025-10-02 00:00:00,118594.99,119456.92,118368.05,118733.99,4187.34775,1759377599999,497627797.11437860,736652,2192.53340000,260588560.74015300,0
2025-10-02 04:00:00,118733.99,118930.29,118279.31,118489.76,1772.36438,1759391999999,210107178.01584700,347710,665.88412000,78943010.65534770,0
2025-10-02 08:00:00,118489.76,118926.49,118354.61,118765.73,1460.00845,1759406399999,173263672.07406360,264264,747.60980000,88726117.37654980,0
2025-10-02 12:00:00,118765.72,119910.79,118516.39,119910.78,5099.16626,1759420799999,608427409.90587330,967574,2836.67768000,338496859.04429270,0
2025-10-02 16:00:00,119910.78,121022.07,119359.63,120836.49,4869.11141,1759435199999,585412473.74573860,780175,2457.56897000,295486797.20501880,0
2025-10-02 20:00:00,120836.49,120914.0,120072.46,120529.35,2282.83678,1759449599999,275022596.48867940,375698,852.80451000,102745078.96844550,0
2025-10-03 00:00:00,120529.35,120550.9,119820.0,120225.89,2268.65523,1759463999999,272710904.27956340,425555,853.57434000,102601163.44525290,0
2025-10-03 04:00:00,120225.88,120324.53,119610.59,119640.21,2293.91523,1759478399999,274941005.21233860,319426,763.91801000,91596948.73996820,0
2025-10-03 08:00:00,119640.22,120515.89,119248.3,120334.5,3467.40526,1759492799999,416272468.78557710,428903,1447.39533000,173798057.30156550,0
2025-10-03 12:00:00,120334.51,122366.0,119881.24,122258.05,4929.42106,1759507199999,596531230.46443710,1074937,2734.65596000,331036842.48699540,0
2025-10-03 16:00:00,122258.04,123894.99,121466.25,122660.99,9447.66952,1759521599999,1159833334.65435830,1647932,4768.99657000,585662876.94861530,0
2025-10-03 20:00:00,122661.0,122734.92,121999.33,122232.0,1529.2617,1759535999999,187092133.28504430,350067,720.08334000,88096718.69122410,0
2025-10-04 00:00:00,122232.21,122325.6,121684.97,122243.99,1730.5772,1759550399999,211099963.95431260,424870,816.50953000,99613426.53432030,0
2025-10-04 04:00:00,122243.99,122800.0,122219.3,122324.08,1516.17531,1759564799999,185707032.54270780,298681,710.92006000,87079947.34376070,0
2025-10-04 08:00:00,122324.08,122539.83,121962.81,121973.26,1268.73633,1759579199999,155133843.53270200,219801,623.33043000,76223673.62505060,0
2025-10-04 12:00:00,121973.26,122509.52,121698.88,121791.31,1464.05666,1759593599999,178686185.50319400,361807,623.71437000,76136650.14428400,0
2025-10-04 16:00:00,121791.31,121964.95,121510.0,121959.25,1443.23464,1759607999999,175708446.32154880,245128,615.43498000,74935077.83484410,0
2025-10-04 20:00:00,121959.25,122410.0,121871.01,122391.0,785.38664,1759622399999,95937431.49018200,153303,377.89398000,46165657.64140220,0
2025-10-05 00:00:00,122390.99,124362.28,122136.0,123776.22,4212.02615,1759636799999,520334194.48993320,691499,2464.54974000,304379319.50981660,0
2025-10-05 04:00:00,123776.23,125708.42,123734.0,124713.63,7342.549203,1759651199999,918195583.57300200,999184,4023.05115300,503093246.96551080,0
2025-10-05 08:00:00,124713.63,124838.37,122520.24,123464.64,4455.30964,1759665599999,550076667.52752170,798480,2105.16480000,259759835.85968740,0
2025-10-05 12:00:00,123464.64,123464.65,122675.0,122803.17,2233.09004,1759679999999,274872969.06457120,362179,1132.83436000,139463431.11552050,0
2025-10-05 16:00:00,122803.17,123464.0,122301.63,122591.79,2386.1605,1759694399999,293327214.60724370,500385,1262.23472000,155197705.07311310,0
2025-10-05 20:00:00,122591.8,123548.83,122473.62,123482.31,1413.96202,1759708799999,174010841.67729220,338943,792.83763000,97584862.38734790,0
2025-10-06 00:00:00,123482.32,124358.46,123084.0,123839.09,3025.28443,1759723199999,374435028.79986240,822567,1514.54440000,187472078.53372990,0
2025-10-06 04:00:00,123839.09,124165.56,123280.49,123390.47,2210.62835,1759737599999,273410254.40127530,473306,912.42819000,112855684.84648900,0
2025-10-06 08:00:00,123390.47,124531.66,123390.46,124215.0,2768.21181,1759751999999,343203564.65059130,423106,1659.13306000,205727617.78519450,0
2025-10-06 12:00:00,124215.0,125408.29,124178.0,125000.0,4567.6948,1759766399999,570039253.68215230,1183562,2348.48905000,293097929.81617900,0
2025-10-06 16:00:00,125000.0,126199.63,124800.0,125410.81,4722.172353,1759780799999,592646648.27343420,853093,2580.04856300,323906136.90161590,0
2025-10-06 20:00:00,125410.8,125534.0,124511.15,124658.54,2200.63705,1759795199999,275094202.45800280,450533,948.36489000,118565681.83451000,0
2025-10-07 00:00:00,124658.54,125082.27,124101.26,124329.74,1773.60979,1759809599999,220920573.76823910,491779,864.88818000,107758799.10802200,0
2025-10-07 04:00:00,124329.74,124654.47,123567.6,123667.99,2455.2259,1759823999999,304622336.04908810,470777,978.62711000,121447489.71830410,0
2025-10-07 08:00:00,123668.0,124509.6,123322.9,124453.38,2444.73415,1759838399999,303046034.76347480,452817,1222.21828000,151582526.91055010,0
2025-10-07 12:00:00,124453.37,125126.0,121172.89,121846.01,7360.01455,1759852799999,905286859.80157790,1464124,3253.15942000,400336339.53722110,0
2025-10-07 16:00:00,121846.01,122084.14,120574.94,121637.17,5726.896,1759867199999,695188027.58233990,1000405,2550.82405000,309673616.05836590,0
2025-10-07 20:00:00,121637.18,122292.62,121258.08,121332.95,1873.51346,1759881599999,228341967.90582880,510883,829.63395000,101148970.36644260,0
2025-10-08 00:00:00,121332.96,122229.66,121200.0,121374.75,2406.76826,1759895999999,293072607.11187850,691439,1164.40966000,141825662.06698160,0
2025-10-08 04:00:00,121374.76,121910.24,121066.14,121597.06,2670.85944,1759910399999,324564761.87183740,585514,1288.46007000,156576311.28406210,0
2025-10-08 08:00:00,121597.05,123200.0,121524.01,122884.14,3408.74044,1759924799999,417698564.08653910,681423,2059.58628000,252263865.08248720,0
2025-10-08 12:00:00,122884.14,123350.0,121649.68,122189.72,3373.3683,1759939199999,413472933.84703670,1039222,1761.36381000,215957082.10997720,0
2025-10-08 16:00:00,122189.72,124197.25,122110.08,123450.0,3795.53021,1759953599999,468725361.06308990,896830,2110.11538000,260570178.91050690,0
2025-10-08 20:00:00,123450.01,123737.0,122794.4,123306.0,1357.35135,1759967999999,167308614.46123530,290569,655.12702000,80783165.24084460,0
2025-10-09 00:00:00,123306.01,123348.32,121475.98,122038.01,2319.17839,1759982399999,283578287.06055600,548381,1061.61448000,129742045.29798820,0
2025-10-09 04:00:00,122038.01,122264.0,121724.71,121906.1,1451.1479,1759996799999,177032613.48002480,351374,678.82991000,82810764.94710660,0
2025-10-09 08:00:00,121906.09,122833.02,121145.49,122737.57,2689.44106,1760011199999,327913491.37966740,614086,1321.39836000,161086013.21581150,0
2025-10-09 12:00:00,122737.56,123762.94,120673.99,121147.14,6566.062,1760025599999,802158864.04645970,1257871,3132.48226000,382886650.71182700,0
2025-10-09 16:00:00,121147.15,121481.9,119651.47,120951.72,6174.05969,1760039999999,744428050.47005680,1020022,2595.55881000,312958583.58452960,0
2025-10-09 20:00:00,120951.72,121900.0,120838.0,121662.4,2359.47103,1760054399999,286326781.12996840,439433,1354.26982000,164398775.80697600,0
2025-10-10 00:00:00,121662.41,121874.13,120900.0,121026.01,2094.68145,1760068799999,254275035.70168650,516650,955.65412000,116026684.80004380,0
2025-10-10 04:00:00,121026.0,121754.34,120855.41,120932.05,2566.54979,1760083199999,311351111.01304550,596873,1052.11332000,127707284.61349640,0
2025-10-10 08:00:00,120932.05,121777.07,120916.44,121554.55,1553.83694,1760097599999,188695320.93428830,445775,835.88684000,101510363.65615800,0
2025-10-10 12:00:00,121554.55,122550.0,118500.0,119018.98,7767.59253,1760111999999,934592515.31947690,1732958,3669.89821000,441938383.39794500,0
2025-10-10 16:00:00,119018.99,119456.28,115952.47,116661.5,8454.54427,1760126399999,994807629.57088090,2022673,3793.97209000,446619279.93523020,0
2025-10-10 20:00:00,116661.5,117214.64,102000.0,112774.5,41734.73429,1760140799999,4666029292.50177920,6089593,20194.61839000,2259496456.44313430,0
2025-10-11 00:00:00,112774.49,113322.39,111019.43,112300.01,11533.52669,1760155199999,1293681040.67509890,2026502,5110.80551000,573335130.39242580,0
2025-10-11 04:00:00,112300.0,112991.16,110090.29,110384.61,7142.76272,1760169599999,797960337.70062370,1228503,3044.40272000,340310800.09882880,0
2025-10-11 08:00:00,110384.6,112359.67,110162.23,112280.0,5929.13992,1760183999999,661351285.92256900,1017523,2692.80191000,300419021.08388840,0
2025-10-11 12:00:00,112280.01,112500.0,111793.2,111793.2,3681.24351,1760198399999,412916020.17511150,650037,1364.49025000,153067514.69771550,0
2025-10-11 16:00:00,111793.21,112185.53,110865.82,111178.31,3138.91159,1760212799999,350434516.21946350,678020,1392.25845000,155445077.55367720,0
2025-10-11 20:00:00,111178.3,111368.29,109561.59,110644.4,4022.93209,1760227199999,444726272.53826970,1061344,1771.18912000,195852055.74041650,0
2025-10-12 00:00:00,110644.4,111368.14,109565.06,110676.0,4785.58424,1760241599999,527734464.99480780,1108600,2476.96052000,273173790.56971350,0
2025-10-12 04:00:00,110676.0,112125.51,110617.1,111525.2,2731.29761,1760255999999,304716749.81612510,607932,1477.25750000,164825649.67710120,0
2025-10-12 08:00:00,111525.19,112133.33,111139.87,111848.36,2810.82095,1760270399999,313927758.07705480,603209,1642.22975000,183428181.66277760,0
2025-10-12 12:00:00,111848.35,113745.84,111177.75,113198.2,9020.41664,1760284799999,1014104335.29719340,1362515,4653.69522000,523225849.13482730,0
2025-10-12 16:00:00,113198.2,114700.0,113198.2,114342.28,6635.34892,1760299199999,756389128.24520870,1144133,3685.75078000,420151541.27759350,0
2025-10-12 20:00:00,114342.28,115770.0,114217.75,114958.8,6271.83436,1760313599999,721674092.30976600,1222186,2979.55156000,342871466.85523780,0
2025-10-13 00:00:00,114958.81,115963.81,114619.45,114821.12,4123.60858,1760327999999,475323620.27149950,1164854,2174.32736000,250632301.02132630,0
2025-10-13 04:00:00,114821.13,115554.83,114398.24,115399.67,3437.01313,1760342399999,394916947.33842730,736105,1463.28676000,168265163.29489260,0
2025-10-13 08:00:00,115399.66,115438.17,113616.5,114180.0,4560.86246,1760356799999,523095735.56426370,873810,1919.26850000,220015762.35308800,0
2025-10-13 12:00:00,114180.0,115530.0,113800.01,114312.1,5538.12887,1760371199999,634545221.89615510,1607879,2528.50751000,289748367.09501470,0
2025-10-13 16:00:00,114312.09,115891.3,114215.79,115792.84,3368.92301,1760385599999,387384812.75319190,929742,1926.78270000,221567028.23752510,0
2025-10-13 20:00:00,115792.84,115868.0,115005.44,115166.0,1528.70428,1760399999999,176565323.16221170,426962,698.72440000,80721961.84061980,0
2025-10-14 00:00:00,115166.0,115409.96,113279.76,113500.0,3456.84461,1760414399999,394674575.75338980,805132,1323.21364000,150943873.64252020,0
2025-10-14 04:00:00,113500.0,113691.0,111355.01,111724.41,6286.29915,1760428799999,707088652.31309020,1394120,2719.93617000,305898644.00992760,0
2025-10-14 08:00:00,111724.41,112140.0,110012.24,111313.98,5281.83478,1760443199999,587216179.59909420,1285881,2512.77526000,279377550.88687940,0
2025-10-14 12:00:00,111313.98,112943.82,109866.0,112900.43,7186.98731,1760457599999,799750593.43009110,1807844,3813.50177000,424684587.78846380,0
2025-10-14 16:00:00,112900.44,113544.53,111692.31,112613.7,7436.01163,1760471999999,838223618.24299450,1608065,3642.46928000,410719177.73103840,0
2025-10-14 20:00:00,112613.69,113577.0,112230.46,113028.14,2222.35226,1760486399999,251187159.46983890,524600,932.29585000,105387558.57555130,0
2025-10-15 00:00:00,113028.13,113612.35,111825.93,112024.29,3526.54912,1760500799999,397532853.03578300,952530,1322.04541000,149048214.45436080,0
2025-10-15 04:00:00,112024.3,112680.0,111746.76,112584.5,3442.20374,1760515199999,386508741.52025990,684213,1626.18854000,182636474.79341180,0
2025-10-15 08:00:00,112584.49,113520.88,111693.26,111905.73,3699.08334,1760529599999,416606520.08440720,682792,1814.49868000,204405905.07585880,0
2025-10-15 12:00:00,111905.72,112238.41,110400.0,110798.01,6590.50038,1760543999999,733692945.28886140,1400159,3070.62390000,341849663.57600090,0
2025-10-15 16:00:00,110798.01,111557.7,110164.0,111271.73,3317.74779,1760558399999,367768608.86049960,900352,1590.42532000,176349438.25173040,0
2025-10-15 20:00:00,111271.73,111556.27,110500.0,110763.28,2410.40374,1760572799999,267529972.56295750,623095,1075.53646000,119389098.76941120,0
2025-10-16 00:00:00,110763.28,111867.17,110361.0,111329.48,2715.42468,1760587199999,301615168.74998910,687631,1221.15877000,135759727.12809650,0
2025-10-16 04:00:00,111329.48,111773.7,110553.19,110584.2,3097.1426,1760601599999,344138789.93560110,607552,1467.52379000,163043206.55192590,0
2025-10-16 08:00:00,110584.21,111728.7,109635.15,111404.72,5282.11808,1760615999999,585711124.99510880,846206,2170.84547000,240725496.97367200,0
2025-10-16 12:00:00,111404.73,111982.45,108361.69,108549.21,8252.81169,1760630399999,908795953.14954920,1477274,3577.93392000,394363524.07099250,0
2025-10-16 16:00:00,108549.21,109254.0,107577.57,108197.66,8255.26892,1760644799999,893885761.44353560,1758203,3666.66106000,397060507.69159610,0
2025-10-16 20:00:00,108197.67,108500.0,107427.0,108194.28,2254.40655,1760659199999,243449696.48813560,750228,1022.82818000,110464412.71009410,0
2025-10-17 00:00:00,108194.27,109240.0,107934.4,109176.74,2417.89309,1760673599999,262915949.64678930,657181,1309.43949000,142426417.46825860,0
2025-10-17 04:00:00,109176.74,109236.01,105542.09,105633.75,8020.07533,1760687999999,857923296.86673990,1248905,3466.17504000,370683205.32271730,0
2025-10-17 08:00:00,105633.75,106651.22,103528.23,105683.72,13908.33322,1760702399999,1461210664.78745070,2109169,6475.98178000,680680009.37603140,0
2025-10-17 12:00:00,105683.71,106852.14,104533.21,106803.53,7847.34313,1760716799999,828727762.14203950,1868165,3982.71375000,420695579.78051330,0
2025-10-17 16:00:00,106803.52,107575.6,106071.42,106454.72,3916.46744,1760731199999,418155597.41056440,1193604,1951.77304000,208397224.00649760,0
2025-10-17 20:00:00,106457.24,107440.02,106342.47,106431.68,1810.55617,1760745599999,193712364.36761810,493661,810.91636000,86772051.50220260,0
2025-10-18 00:00:00,106431.68,107306.06,106322.2,107070.4,2668.3034,1760759999999,285143227.21919690,488768,1167.19239000,124722456.75520810,0
2025-10-18 04:00:00,107070.41,107499.0,106439.38,106665.0,2976.33507,1760774399999,318150467.67952250,378449,1207.02099000,129059224.78808610,0
2025-10-18 08:00:00,106665.01,107222.0,106605.93,107208.6,2336.72819,1760788799999,249659994.42995920,363923,996.76784000,106514411.98271140,0
2025-10-18 12:00:00,107208.61,107300.0,106739.33,106948.75,1425.61863,1760803199999,152511346.81025600,365786,659.35452000,70540224.50488860,0
2025-10-18 16:00:00,106948.75,107091.87,106484.0,107080.14,911.25891,1760817599999,97309012.85446310,268451,409.53078000,43731737.45734410,0
2025-10-18 20:00:00,107080.14,107339.03,106851.84,107185.01,804.94346,1760831999999,86228950.14971530,240073,405.98989000,43497661.17357460,0
2025-10-19 00:00:00,107185.0,107367.16,106734.17,107275.78,1058.1121,1760846399999,113246566.50249440,305193,572.41603000,61273472.66982330,0
2025-10-19 04:00:00,107275.79,107290.0,106558.61,106786.0,1247.19589,1760860799999,133330673.61976110,272779,361.59131000,38656942.27153640,0
2025-10-19 08:00:00,106786.0,108260.5,106103.36,107783.47,5059.55867,1760875199999,542791265.76612820,948083,2432.26809000,261073470.30236680,0
2025-10-19 12:00:00,107783.47,108621.68,107355.02,108486.7,3636.47308,1760889599999,392685804.18583840,731160,1585.52233000,171308469.11391470,0
2025-10-19 16:00:00,108486.71,109450.07,108240.0,108908.43,2430.56297,1760903999999,264893608.88442130,535349,1325.22838000,144435789.74854060,0
2025-10-19 20:00:00,108908.43,109370.99,108471.1,108642.78,2048.76152,1760918399999,223126160.62159090,413076,823.28399000,89675391.71155600,0
2025-10-20 00:00:00,108642.77,110427.86,107402.52,110145.44,3683.55508,1760932799999,400176360.51037360,862320,1992.32352000,216654841.64830770,0
2025-10-20 04:00:00,110145.45,111445.67,109951.96,111169.92,3967.97672,1760947199999,439977425.89974130,790304,1907.72918000,211492108.07026680,0
2025-10-20 08:00:00,111169.91,111679.25,110608.27,111016.75,3452.86704,1760961599999,383080871.95537960,590987,1486.07636000,164926436.98444480,0
2025-10-20 12:00:00,111016.75,111705.56,110588.23,111144.55,3006.20504,1760975999999,334068083.14582060,771423,1648.65176000,183249326.62701760,0
2025-10-20 16:00:00,111144.55,111303.05,109855.83,110803.22,3716.65669,1760990399999,411207595.25859160,889862,1643.19253000,181822061.23186200,0
2025-10-20 20:00:00,110803.22,111272.0,110418.25,110532.09,1366.18103,1761004799999,151401848.82356160,378646,602.52740000,66781014.15980020,0
2025-10-21 00:00:00,110532.09,110532.09,109052.09,109059.22,2405.81342,1761019199999,264127437.21169580,608324,963.84762000,105811746.73016580,0
2025-10-21 04:00:00,109059.23,109059.23,107473.72,108086.37,4930.3268,1761033599999,532321148.44264440,940512,2446.76182000,264160920.63192270,0
2025-10-21 08:00:00,108086.38,108811.47,107484.22,108580.01,2989.72657,1761047999999,322984406.77116010,559059,1544.84835000,166933622.99076850,0
2025-10-21 12:00:00,108580.0,113557.62,107922.06,113422.61,10002.10737,1761062399999,1110813673.19708970,1543981,5298.66251000,588737592.25422460,0
2025-10-21 16:00:00,113422.6,114000.0,111324.29,111780.39,10731.47816,1761076799999,1207361848.57936080,1252490,4129.02854000,464925674.40134800,0
2025-10-21 20:00:00,111780.4,111801.41,108045.81,108297.67,6168.56427,1761091199999,676869335.73010330,1099697,2650.92271000,290758194.32618320,0
2025-10-22 00:00:00,108297.66,108678.21,107841.2,108216.02,4851.56459,1761105599999,524908590.84702240,840507,2194.03944000,237412756.45514790,0
2025-10-22 04:00:00,108216.03,108638.99,107610.0,108321.63,3883.15964,1761119999999,419961683.11696630,613952,1887.78021000,204123537.55507380,0
2025-10-22 08:00:00,108321.64,108358.76,106708.18,107555.05,4012.65986,1761134399999,432338324.06202630,727719,1930.54933000,208061542.90295110,0
2025-10-22 12:00:00,107555.04,109163.88,107443.01,108416.5,7925.67327,1761148799999,857769493.46711660,1583429,4129.73038000,447004110.56004140,0
2025-10-22 16:00:00,108416.5,108796.42,107463.29,107870.35,4008.05438,1761163199999,433349013.24843580,1045907,1834.81673000,198388126.94250520,0
2025-10-22 20:00:00,107870.35,108069.93,106666.69,107567.44,3929.67277,1761177599999,421964601.70241430,736389,1789.67252000,192189829.18425940,0
2025-10-23 00:00:00,107567.45,108720.39,107500.0,108377.96,2373.50317,1761191999999,256864135.28960750,464589,1373.58763000,148679711.22645820,0
2025-10-23 04:00:00,108377.96,110298.29,108350.36,109269.9,3314.78585,1761206399999,362892986.84639030,570401,1722.12985000,188470327.31864090,0
2025-10-23 08:00:00,109269.9,109903.83,109100.4,109253.89,2204.01103,1761220799999,241264711.48125920,502649,923.15956000,101051716.92231110,0
2025-10-23 12:00:00,109253.88,109650.01,108685.72,109390.38,2225.11331,1761235199999,242889784.91403270,431495,1058.45317000,115582114.50136740,0
