OpenTime,Open,High,Low,Close,Volume,CloseTime,QuoteAssetVolume,NumberOfTrades,TakerBuyBaseVolume,TakerBuyQuoteVolume,Ignore
2025-10-22 21:19:00,107170.0,107197.93,107170.0,107186.8,3.81575,1761167999999,408982.18553520,1735,2.68042000,287286.64971410,0
2025-10-22 21:20:00,107186.79,107270.03,107172.71,107270.02,9.07574,1761168059999,972946.18737380,3513,4.40464000,472275.34504860,0
2025-10-22 21:21:00,107270.02,107305.12,107231.86,107272.04,10.48202,1761168119999,1124421.75735010,3554,4.07066000,436641.40703190,0
2025-10-22 21:22:00,107272.04,107272.04,107152.44,107152.44,17.88795,1761168179999,1917591.71627870,4432,4.98947000,534778.60557140,0
2025-10-22 21:23:00,107152.44,107152.44,106875.0,106883.84,40.37424,1761168239999,4318866.89611990,7938,13.96370000,1493593.71043270,0
2025-10-22 21:24:00,106883.84,106900.53,106829.35,106868.75,23.25643,1761168299999,2485440.81415610,5541,9.08098000,970494.34781500,0
2025-10-22 21:25:00,106868.75,106894.56,106760.2,106865.51,22.29397,1761168359999,2381747.94940180,6771,7.92044000,846263.48942380,0
2025-10-22 21:26:00,106865.51,106931.75,106855.57,106855.57,17.27486,1761168419999,1846667.04229500,4795,4.28350000,457910.56577940,0
2025-10-22 21:27:00,106855.57,106855.57,106790.13,106834.76,10.44402,1761168479999,1115575.74151870,2980,6.35736000,679036.81879160,0
2025-10-22 21:28:00,106834.76,106834.76,106734.57,106734.99,8.58115,1761168539999,916336.79247360,3546,3.07698000,328544.92636710,0
2025-10-22 21:29:00,106735.0,106820.24,106734.99,106785.59,21.055,1761168599999,2248397.42823590,5121,14.95246000,1596689.54637130,0
2025-10-22 21:30:00,106785.59,106820.93,106746.52,106804.83,13.23117,1761168659999,1412960.44390140,4984,5.02909000,537037.95715560,0
2025-10-22 21:31:00,106804.83,106909.41,106804.83,106876.1,13.27185,1761168719999,1418447.50812240,4343,5.65791000,604692.34977150,0
2025-10-22 21:32:00,106876.1,106901.44,106811.49,106901.43,7.22273,1761168779999,771697.79448620,2673,3.53047000,377199.06728930,0
2025-10-22 21:33:00,106901.44,107061.33,106901.43,107029.13,32.91467,1761168839999,3522097.66288640,4054,24.30386000,2600606.13041600,0
2025-10-22 21:34:00,107029.12,107048.79,106868.61,106868.62,17.77394,1761168899999,1900835.71111960,4971,9.45423000,1011038.62999060,0
2025-10-22 21:35:00,106868.62,106992.45,106860.0,106970.36,10.70877,1761168959999,1144830.39041580,2902,4.23945000,453245.30056670,0
2025-10-22 21:36:00,106970.37,106970.37,106834.0,106910.42,7.86514,1761169019999,840640.62737900,4328,2.29006000,244696.30015420,0
2025-10-22 21:37:00,106910.43,106966.92,106910.42,106966.4,7.24916,1761169079999,775300.09445590,1245,2.94625000,315088.52409260,0
2025-10-22 21:38:00,106966.4,106966.41,106857.21,106884.95,11.59552,1761169139999,1239772.97804270,2709,1.98986000,212644.18655550,0
2025-10-22 21:39:00,106884.95,106956.26,106884.94,106947.2,5.45042,1761169199999,582831.01439140,1787,1.95450000,208969.04283450,0
2025-10-22 21:40:00,106947.2,107019.81,106905.69,106970.19,18.08107,1761169259999,1934167.67923420,4087,9.10468000,973903.42467220,0
2025-10-22 21:41:00,106970.19,107086.37,106970.19,107086.37,8.48166,1761169319999,907828.32511210,1641,7.11883000,761968.77808020,0
2025-10-22 21:42:00,107086.37,107126.02,107030.63,107030.64,6.52167,1761169379999,698328.38930860,2444,0.78350000,83911.82041030,0
2025-10-22 21:43:00,107030.63,107035.99,106961.25,106962.58,18.74184,1761169439999,2005527.36892490,2399,5.25374000,562130.16041740,0
2025-10-22 21:44:00,106962.59,106962.59,106942.72,106942.72,2.67655,1761169499999,286258.34695510,759,0.99278000,106170.93875260,0
2025-10-22 21:45:00,106942.73,107059.22,106942.72,107059.22,4.91353,1761169559999,525813.46984000,1958,4.10375000,439162.74632690,0
2025-10-22 21:46:00,107059.22,107098.6,107000.0,107039.56,15.25463,1761169619999,1632825.83945510,3581,3.76207000,402590.63961680,0
2025-10-22 21:47:00,107039.55,107155.62,107039.55,107148.91,7.73977,1761169679999,829002.74453080,1562,6.34753000,679890.86913350,0
2025-10-22 21:48:00,107148.9,107214.91,107108.29,107161.81,23.49887,1761169739999,2518266.09703730,6566,10.04800000,1076678.91606360,0
2025-10-22 21:49:00,107161.81,107168.32,107101.11,107165.87,3.29454,1761169799999,352950.23823220,1907,0.59906000,64178.18518450,0
2025-10-22 21:50:00,107165.86,107187.95,107082.12,107123.33,13.17689,1761169859999,1411754.75378130,4013,7.33460000,785869.93448600,0
2025-10-22 21:51:00,107123.33,107181.96,107112.42,107181.95,3.65575,1761169919999,391647.44034110,2312,2.49105000,266877.93286230,0
2025-10-22 21:52:00,107181.95,107186.59,107170.17,107186.59,4.73471,1761169979999,507463.16304270,922,1.24700000,133655.49874030,0
2025-10-22 21:53:00,107186.59,107332.98,107186.58,107308.93,16.73522,1761170039999,1795302.52783660,4098,9.59145000,1028723.56041610,0
2025-10-22 21:54:00,107308.94,107308.94,107269.64,107269.65,3.62064,1761170099999,388505.07873130,1304,0.21387000,22949.79736970,0
2025-10-22 21:55:00,107269.65,107297.3,107202.01,107297.3,17.11673,1761170159999,1835621.98875540,3935,11.05623000,1185589.03796700,0
2025-10-22 21:56:00,107297.31,107321.76,107253.0,107253.0,8.70623,1761170219999,934138.20560980,1729,1.87611000,201301.23168920,0
2025-10-22 21:57:00,107252.99,107252.99,107188.67,107188.68,5.2056,1761170279999,558116.27254080,1338,0.54891000,58837.19084060,0
2025-10-22 21:58:00,107188.68,107188.68,107082.11,107083.19,9.23189,1761170339999,989228.30135500,2819,1.82963000,196009.32764330,0
2025-10-22 21:59:00,107083.19,107207.99,107082.11,107207.98,16.60115,1761170399999,1779009.29255040,3515,6.06996000,650409.73103680,0
2025-10-22 22:00:00,107207.98,107268.0,107156.43,107268.0,25.89021,1761170459999,2775318.18584960,3333,14.21535000,1523697.83972120,0
2025-10-22 22:01:00,107267.99,107311.32,107267.99,107311.31,6.73991,1761170519999,723199.65181990,1611,1.92981000,207038.56564260,0
2025-10-22 22:02:00,107311.32,107519.0,107311.31,107510.79,46.64606,1761170579999,5010237.02796920,6069,34.60837000,3716977.52540020,0
2025-10-22 22:03:00,107510.8,107510.8,107402.84,107414.01,18.35325,1761170639999,1971865.62226060,3741,3.04193000,326754.86453760,0
2025-10-22 22:04:00,107414.0,107429.6,107353.76,107371.56,6.1909,1761170699999,664786.42910000,2402,3.24037000,347921.55876990,0
2025-10-22 22:05:00,107371.56,107371.56,107282.31,107289.39,12.61136,1761170759999,1353398.06089410,3402,2.62905000,282124.57188860,0
2025-10-22 22:06:00,107289.4,107615.38,107289.39,107589.67,44.68341,1761170819999,4804130.48227330,7492,36.26342000,3898349.70981690,0
2025-10-22 22:07:00,107589.66,107683.25,107540.58,107540.59,30.44563,1761170879999,3276211.90765610,5365,14.98218000,1612210.34114470,0
2025-10-22 22:08:00,107540.59,107544.33,107427.67,107427.67,13.50018,1761170939999,1450923.40071500,2948,2.21843000,238405.92707060,0
2025-10-22 22:09:00,107427.67,107562.89,107427.67,107532.07,12.26619,1761170999999,1318617.14819150,3395,8.85374000,951684.27968440,0
2025-10-22 22:10:00,107532.08,107532.08,107434.3,107504.57,8.13964,1761171059999,874784.07364880,3447,2.09541000,225179.52981630,0
2025-10-22 22:11:00,107504.56,107504.56,107452.42,107472.21,21.1577,1761171119999,2274087.52873510,2032,4.33348000,465779.86070770,0
2025-10-22 22:12:00,107472.21,107472.21,107352.94,107429.36,16.70232,1761171179999,1793969.32768270,3282,8.28705000,890082.81145900,0
2025-10-22 22:13:00,107429.35,107437.56,107366.81,107431.89,6.15312,1761171239999,660862.49607370,2854,4.18560000,449513.18215890,0
2025-10-22 22:14:00,107431.9,107457.48,107412.48,107426.99,4.69068,1761171299999,503933.28254150,1501,2.30166000,247257.74551910,0
2025-10-22 22:15:00,107426.99,107443.99,107297.39,107334.33,7.96612,1761171359999,855356.55764420,3877,1.63912000,175950.85720900,0
2025-10-22 22:16:00,107334.32,107354.87,107303.74,107354.86,4.6796,1761171419999,502267.35488580,1825,1.75373000,188212.71513790,0
2025-10-22 22:17:00,107354.86,107386.61,107326.64,107386.61,5.45074,1761171479999,585152.73734840,1617,3.01251000,323388.95100400,0
2025-10-22 22:18:00,107386.61,107390.71,107342.91,107370.29,2.27118,1761171539999,243837.36973720,1780,1.02111000,109621.43650430,0
2025-10-22 22:19:00,107370.29,107395.12,107325.34,107325.35,6.34962,1761171599999,681740.95150230,2352,1.39567000,149849.24319290,0
2025-10-22 22:20:00,107325.35,107325.35,107220.95,107220.96,11.6136,1761171659999,1245686.59387980,3957,0.65467000,70204.55682110,0
2025-10-22 22:21:00,107220.95,107220.95,106917.57,106945.91,39.47322,1761171719999,4224501.65055250,8084,3.35207000,358509.42630060,0
2025-10-22 22:22:00,106945.91,107151.89,106923.21,107146.85,13.76516,1761171779999,1473467.91552840,5562,10.08682000,1079506.62112000,0
2025-10-22 22:23:00,107146.85,107192.06,107128.11,107179.99,11.99927,1761171839999,1285868.25723670,2386,5.46724000,585828.46196890,0
2025-10-22 22:24:00,107179.99,107180.0,107045.26,107102.29,9.05708,1761171899999,969968.00332290,5364,4.66396000,499354.45398810,0
2025-10-22 22:25:00,107102.28,107128.71,107045.26,107128.71,3.46107,1761171959999,370556.12012030,3367,2.40784000,257789.86349920,0
2025-10-22 22:26:00,107128.71,107128.72,107045.26,107045.27,7.92795,1761172019999,848892.21698220,3952,0.82431000,88266.90943070,0
2025-10-22 22:27:00,107045.26,107045.27,107007.09,107045.27,9.92369,1761172079999,1062004.16952730,3736,4.99175000,534176.52430390,0
2025-10-22 22:28:00,107045.27,107088.71,107028.08,107069.91,5.25912,1761172139999,563090.31072800,2909,2.48356000,265919.80579560,0
2025-10-22 22:29:00,107069.92,107069.92,106979.95,107055.55,19.06139,1761172199999,2039912.81496970,4394,5.31121000,568356.58231080,0
2025-10-22 22:30:00,107055.54,107170.48,107052.33,107157.05,23.86209,1761172259999,2556442.54799310,4263,12.43351000,1331920.00838440,0
2025-10-22 22:31:00,107157.06,107157.06,107014.83,107123.36,15.90849,1761172319999,1703625.66422900,4527,6.77405000,725157.90924140,0
2025-10-22 22:32:00,107123.36,107180.97,107123.35,107165.86,12.43873,1761172379999,1332847.43739370,3827,4.13533000,443150.50773220,0
2025-10-22 22:33:00,107165.86,107193.14,107074.38,107172.81,8.12409,1761172439999,870460.61796780,3784,4.03985000,432867.61815090,0
2025-10-22 22:34:00,107172.81,107193.14,107056.95,107133.99,15.07317,1761172499999,1614613.74515320,4158,2.98616000,319830.78529220,0
2025-10-22 22:35:00,107133.99,107154.15,107095.5,107149.3,4.07617,1761172559999,436697.18334440,2330,1.28878000,138052.32424450,0
2025-10-22 22:36:00,107149.29,107149.29,107094.0,107133.0,5.77142,1761172619999,618231.28966170,1991,3.33060000,356732.48464500,0
2025-10-22 22:37:00,107132.99,107192.68,107023.99,107023.99,20.42862,1761172679999,2188461.61969880,5484,4.38548000,469901.94536990,0
2025-10-22 22:38:00,107024.0,107037.64,107000.0,107026.41,13.64827,1761172739999,1460549.96537600,3441,8.04817000,861253.53587490,0
2025-10-22 22:39:00,107026.42,107060.02,107026.41,107055.74,2.79618,1761172799999,299315.03641760,1978,1.07446000,115002.78638770,0
2025-10-22 22:40:00,107055.73,107162.98,107055.73,107156.02,7.45755,1761172859999,798974.44267340,2738,6.26404000,671089.06365840,0
2025-10-22 22:41:00,107156.01,107193.14,107156.01,107193.14,8.14726,1761172919999,873142.69598710,548,5.90042000,632341.41285930,0
2025-10-22 22:42:00,107193.13,107296.88,107193.13,107290.56,16.19315,1761172979999,1736619.46732920,3383,11.65545000,1249842.82511660,0
2025-10-22 22:43:00,107290.56,107323.27,107290.56,107320.02,4.40728,1761173039999,472989.52293900,1058,1.50467000,161477.20188440,0
2025-10-22 22:44:00,107320.01,107326.7,107290.57,107312.42,4.77373,1761173099999,512277.99709400,1560,1.95948000,210257.55995650,0
2025-10-22 22:45:00,107312.42,107319.43,107205.12,107245.65,12.09265,1761173159999,1297039.34033280,3023,4.36803000,468425.21830140,0
2025-10-22 22:46:00,107245.65,107305.59,107245.64,107286.41,4.26837,1761173219999,457851.64914850,2044,3.23609000,347108.86172170,0
2025-10-22 22:47:00,107286.4,107345.05,107226.68,107264.85,18.68637,1761173279999,2004514.52426170,3485,8.57705000,919961.93847500,0
2025-10-22 22:48:00,107264.85,107296.81,107140.35,107143.56,22.55323,1761173339999,2418051.48771990,6054,2.98936000,320397.63886980,0
2025-10-22 22:49:00,107143.56,107143.56,107071.99,107118.8,12.75644,1761173399999,1366045.33962630,3210,2.58535000,276841.12990930,0
2025-10-22 22:50:00,107118.8,107118.8,106996.16,107076.38,15.10243,1761173459999,1616766.37406270,5047,5.32178000,569604.94514670,0
2025-10-22 22:51:00,107076.38,107151.0,107064.14,107126.29,15.55885,1761173519999,1666438.96138970,3221,8.61023000,922141.35064310,0
2025-10-22 22:52:00,107126.3,107126.3,107045.95,107097.99,7.95951,1761173579999,852260.00514820,2533,4.48982000,480720.75282790,0
2025-10-22 22:53:00,107098.0,107098.0,107052.39,107052.57,6.10722,1761173639999,653934.27158880,2837,1.74639000,186964.81883190,0
2025-10-22 22:54:00,107052.57,107092.59,107037.45,107092.58,6.67788,1761173699999,714949.46816420,2073,3.65026000,390807.10152650,0
2025-10-22 22:55:00,107092.59,107123.37,107066.34,107077.54,5.10228,1761173759999,546394.17420090,2543,2.37792000,254635.77964110,0
2025-10-22 22:56:00,107077.54,107158.85,107077.54,107154.0,7.43137,1761173819999,796193.68736930,2050,4.65626000,498837.96707560,0
2025-10-22 22:57:00,107154.01,107179.26,107139.03,107179.26,5.08844,1761173879999,545232.85623890,1941,3.63499000,389497.36685950,0
2025-10-22 22:58:00,107179.25,107196.08,107179.25,107196.07,3.28077,1761173939999,351652.55032360,821,2.06475000,221308.61110330,0
2025-10-22 22:59:00,107196.08,107207.55,107196.07,107196.82,4.12733,1761173999999,442438.05069870,815,2.43291000,260800.43159970,0
2025-10-22 23:00:00,107196.82,107293.04,107169.69,107293.04,8.34692,1761174059999,894992.52998270,3882,5.86718000,629136.85338550,0
2025-10-22 23:01:00,107293.04,107414.53,107293.04,107414.53,18.38592,1761174119999,1974106.59035370,3703,15.00934000,1611662.74288970,0
2025-10-22 23:02:00,107414.52,107485.79,107389.97,107401.11,15.34459,1761174179999,1648813.03375990,5807,5.74482000,617276.71716380,0
2025-10-22 23:03:00,107401.1,107449.33,107365.18,107409.36,4.26044,1761174239999,457597.61434620,2471,2.13016000,228780.10568070,0
2025-10-22 23:04:00,107409.37,107469.87,107409.37,107455.35,6.77609,1761174299999,727954.94063240,2797,5.77315000,620187.88746810,0
2025-10-22 23:05:00,107455.35,107488.02,107413.83,107463.1,8.99396,1761174359999,966374.68740750,3241,4.91178000,527703.01137380,0
2025-10-22 23:06:00,107463.09,107466.0,107411.5,107426.23,5.28617,1761174419999,567965.51200620,3038,2.77085000,297687.31956190,0
2025-10-22 23:07:00,107426.23,107436.98,107370.01,107390.0,9.12337,1761174479999,979841.86854060,2679,2.60503000,279752.78411750,0
2025-10-22 23:08:00,107390.0,107494.61,107390.0,107465.93,5.20392,1761174539999,559206.12326410,2781,3.32164000,356898.23557390,0
2025-10-22 23:09:00,107465.93,107483.85,107453.97,107469.08,3.98475,1761174599999,428216.49257160,1001,0.51131000,54947.11311570,0
2025-10-22 23:10:00,107469.38,107545.69,107469.38,107536.54,8.30929,1761174659999,893468.71845540,2710,5.66211000,608797.73366470,0
2025-10-22 23:11:00,107536.54,107577.62,107533.7,107547.75,5.64158,1761174719999,606746.14068520,2476,4.60892000,495684.21619010,0
2025-10-22 23:12:00,107547.75,107580.64,107507.5,107517.68,14.64155,1761174779999,1574649.01632930,2508,4.43627000,477148.58662610,0
2025-10-22 23:13:00,107517.68,107517.69,107398.01,107405.43,36.27536,1761174839999,3897573.54519760,3501,9.54343000,1025370.14014680,0
2025-10-22 23:14:00,107405.44,107457.35,107389.69,107400.16,27.59039,1761174899999,2963776.04213540,2468,13.74107000,1476070.79069380,0
2025-10-22 23:15:00,107400.16,107483.76,107391.35,107483.76,9.23077,1761174959999,991614.14650690,1759,8.56861000,920469.65434380,0
2025-10-22 23:16:00,107483.76,107483.76,107447.96,107481.59,7.66635,1761175019999,823855.30770880,1348,3.13850000,337245.38016550,0
2025-10-22 23:17:00,107481.6,107588.16,107481.6,107588.16,14.31148,1761175079999,1539068.81154930,1667,13.39387000,1440421.08673420,0
2025-10-22 23:18:00,107588.15,107630.39,107561.86,107615.26,15.97205,1761175139999,1718689.52070880,3207,10.46895000,1126489.19004720,0
2025-10-22 23:19:00,107615.25,107630.4,107563.58,107630.39,4.40828,1761175199999,474397.72549830,1660,3.01313000,324250.23992150,0
2025-10-22 23:20:00,107630.4,107630.4,107595.1,107595.1,7.22613,1761175259999,777551.40226020,1265,2.00861000,216119.91127680,0
2025-10-22 23:21:00,107595.11,107657.12,107572.76,107604.91,10.98198,1761175319999,1181807.29912140,2855,4.58564000,493490.20634030,0
2025-10-22 23:22:00,107604.91,107608.46,107575.25,107600.3,5.01616,1761175379999,539713.56115220,2033,3.26047000,350808.96168840,0
2025-10-22 23:23:00,107600.2,107607.71,107586.92,107607.71,5.68559,1761175439999,611713.46503520,2013,4.14502000,445955.81802100,0
2025-10-22 23:24:00,107607.71,107650.6,107607.71,107630.38,8.27018,1761175499999,890144.77069980,2553,3.57569000,384829.25711910,0
2025-10-22 23:25:00,107630.38,107650.0,107599.99,107644.13,36.10526,1761175559999,3885533.12106100,2294,15.14476000,1629700.00340480,0
2025-10-22 23:26:00,107642.87,107922.69,107642.87,107838.99,71.8921,1761175619999,7748142.28983820,8482,48.53406000,5230219.39647310,0
2025-10-22 23:27:00,107838.99,107838.99,107766.93,107781.86,14.6561,1761175679999,1579820.69387600,3550,6.85270000,738639.26954440,0
2025-10-22 23:28:00,107781.86,107794.46,107700.58,107743.72,13.66148,1761175739999,1471866.72864260,2140,4.45714000,480262.72307400,0
2025-10-22 23:29:00,107743.72,107810.14,107743.72,107796.09,8.43469,1761175799999,908974.17037550,2159,6.75463000,727910.34014800,0
2025-10-22 23:30:00,107796.09,107873.45,107796.09,107871.98,26.61885,1761175859999,2870417.91214800,3634,17.56613000,1894070.45592150,0
2025-10-22 23:31:00,107871.98,107946.15,107871.98,107880.78,21.85848,1761175919999,2359069.81992250,4189,12.97654000,1400443.22915010,0
2025-10-22 23:32:00,107880.78,107899.62,107782.62,107796.33,9.41455,1761175979999,1015379.87548120,2928,4.21872000,454944.45334390,0
2025-10-22 23:33:00,107796.33,107895.77,107760.0,107876.17,33.30307,1761176039999,3591159.18983370,3574,21.90509000,2362077.77205180,0
2025-10-22 23:34:00,107876.17,107876.17,107819.22,107819.22,8.30806,1761176099999,895914.31511840,2260,3.91939000,422643.40273790,0
2025-10-22 23:35:00,107819.23,107873.66,107815.99,107873.65,5.69048,1761176159999,613606.65673500,1388,3.97905000,429063.27320860,0
2025-10-22 23:36:00,107873.65,107894.0,107864.02,107864.03,4.52565,1761176219999,488254.53771510,1123,2.24775000,242496.10018140,0
2025-10-22 23:37:00,107864.02,107864.03,107804.46,107804.46,3.3636,1761176279999,362723.27946010,1385,0.68099000,73434.20847280,0
2025-10-22 23:38:00,107804.45,107804.45,107758.63,107779.39,1.77351,1761176339999,191162.94364930,1572,0.44353000,47800.33462370,0
2025-10-22 23:39:00,107779.39,107798.04,107779.39,107788.32,4.84693,1761176399999,522410.39128700,675,4.44931000,479548.75828270,0
2025-10-22 23:40:00,107788.32,107788.32,107695.99,107695.99,3.33687,1761176459999,359502.11154920,2108,0.10230000,11020.01550320,0
2025-10-22 23:41:00,107695.99,107730.67,107687.0,107730.67,6.96668,1761176519999,750288.35641200,944,4.18676000,450899.12320970,0
2025-10-22 23:42:00,107730.66,107730.66,107686.99,107687.0,2.32184,1761176579999,250055.47473110,1513,0.56720000,61084.26266880,0
2025-10-22 23:43:00,107687.0,107687.0,107650.0,107650.01,9.55897,1761176639999,1029183.67036840,2094,3.65854000,393849.23337610,0
2025-10-22 23:44:00,107650.01,107654.31,107643.01,107643.01,2.67641,1761176699999,288117.00124500,653,1.43191000,154145.19859490,0
2025-10-22 23:45:00,107643.02,107686.66,107643.01,107655.9,5.15063,1761176759999,554522.05826150,1846,3.21192000,345777.03308330,0
2025-10-22 23:46:00,107655.9,107698.0,107643.0,107679.05,3.86626,1761176819999,416280.73307260,1491,3.26999000,352070.28492100,0
2025-10-22 23:47:00,107679.06,107679.06,107574.96,107603.47,14.3485,1761176879999,1544110.49881520,3229,3.84993000,414273.30583700,0
2025-10-22 23:48:00,107603.46,107603.47,107582.12,107600.86,0.91083,1761176939999,97997.43408130,644,0.69783000,75078.77382080,0
2025-10-22 23:49:00,107600.87,107638.58,107600.86,107627.71,3.55211,1761176999999,382251.58809160,1437,3.08456000,331929.50622980,0
2025-10-22 23:50:00,107627.71,107627.71,107609.13,107616.5,0.87515,1761177059999,94184.90737490,864,0.37810000,40691.80327520,0
2025-10-22 23:51:00,107616.49,107616.5,107584.19,107584.2,4.6252,1761177119999,497701.03974360,691,3.54802000,381792.30422610,0
2025-10-22 23:52:00,107584.21,107627.72,107584.2,107618.56,5.27305,1761177179999,567352.45839430,1397,3.91050000,420751.12570770,0
2025-10-22 23:53:00,107618.57,107618.57,107589.23,107617.32,0.67913,1761177239999,73077.00164580,1008,0.31291000,33668.80190360,0
2025-10-22 23:54:00,107617.32,107617.33,107581.96,107617.33,2.35957,1761177299999,253911.90940200,1083,0.78756000,84743.67598230,0
2025-10-22 23:55:00,107617.33,107617.33,107612.8,107612.8,1.70706,1761177359999,183708.19849770,613,0.24695000,26575.84186750,0
2025-10-22 23:56:00,107612.81,107612.81,107602.96,107602.96,2.25465,1761177419999,242628.85145790,594,1.35607000,145930.45230300,0
2025-10-22 23:57:00,107602.96,107727.6,107562.16,107696.47,26.11167,1761177479999,2810995.20137800,4009,21.92726000,2360508.00176360,0
2025-10-22 23:58:00,107696.47,107696.47,107620.18,107620.18,4.13513,1761177539999,445222.28738730,1592,1.04355000,112330.91183580,0
2025-10-22 23:59:00,107620.18,107620.18,107567.44,107567.44,3.43854,1761177599999,369961.73481870,2056,0.40770000,43860.04690890,0
2025-10-23 00:00:00,107567.45,107578.21,107528.13,107528.14,4.69869,1761177659999,505321.40955420,1878,0.72663000,78158.23989810,0
2025-10-23 00:01:00,107528.14,107589.68,107528.14,107581.24,6.26748,1761177719999,674123.24860750,2476,2.87262000,308970.61079160,0
2025-10-23 00:02:00,107581.23,107583.15,107524.05,107583.15,9.76635,1761177779999,1050421.17447720,2178,7.31045000,786273.44749590,0
2025-10-23 00:03:00,107583.15,107613.99,107518.0,107518.01,17.09845,1761177839999,1839444.12117010,2720,2.65828000,285968.27833700,0
2025-10-23 00:04:00,107518.0,107621.55,107500.0,107588.52,7.52321,1761177899999,809194.81314120,3560,4.18111000,449683.55610610,0
2025-10-23 00:05:00,107588.52,107630.4,107550.92,107625.33,8.42638,1761177959999,906762.12801110,2612,5.68227000,611447.17667130,0
2025-10-23 00:06:00,107625.32,107643.81,107577.96,107643.8,7.13668,1761178019999,768073.60891050,1945,3.71451000,399776.96161260,0
2025-10-23 00:07:00,107643.81,107709.36,107643.8,107665.22,10.0657,1761178079999,1083894.16676340,2979,8.32737000,896696.77725870,0
2025-10-23 00:08:00,107665.22,107665.22,107611.96,107626.43,7.31258,1761178139999,787134.86890560,2166,2.09260000,225216.28840510,0
2025-10-23 00:09:00,107626.44,107635.4,107626.43,107635.4,4.85612,1761178199999,522682.28685390,524,3.01125000,324114.69937100,0
2025-10-23 00:10:00,107635.4,107676.0,107631.42,107676.0,4.40593,1761178259999,474259.15444350,1456,3.44540000,370859.23868840,0
2025-10-23 00:11:00,107676.0,107676.0,107603.22,107603.23,4.1375,1761178319999,445420.22508430,1861,0.38026000,40922.27035320,0
2025-10-23 00:12:00,107603.22,107695.66,107603.22,107695.66,3.34087,1761178379999,359579.28258960,1600,3.28913000,354009.23164870,0
2025-10-23 00:13:00,107695.65,107695.69,107695.65,107695.69,2.71577,1761178439999,292476.70424160,520,2.65006000,285400.02254430,0
2025-10-23 00:14:00,107695.68,107695.69,107684.96,107684.97,2.38546,1761178499999,256899.70682550,888,0.74289000,80005.53047270,0
2025-10-23 00:15:00,107684.97,107690.74,107650.16,107650.18,9.38784,1761178559999,1010785.41652270,1833,6.38959000,687954.88209350,0
2025-10-23 00:16:00,107650.17,107732.59,107650.17,107723.17,2.67953,1761178619999,288636.48269160,2457,1.75556000,189099.01302320,0
2025-10-23 00:17:00,107723.16,107736.75,107716.27,107736.74,5.29193,1761178679999,570098.20066240,873,4.18565000,450911.86925850,0
2025-10-23 00:18:00,107736.74,107736.75,107732.45,107736.75,0.69684,1761178739999,75075.08628300,481,0.27515000,29643.63917850,0
2025-10-23 00:19:00,107736.75,107819.4,107734.57,107819.4,12.41968,1761178799999,1338312.28737160,3057,9.07347000,977747.25309440,0
2025-10-23 00:20:00,107819.4,107819.94,107770.44,107770.45,8.22412,1761178859999,886579.16655560,1679,5.24604000,565537.52603610,0
2025-10-23 00:21:00,107770.44,107770.45,107627.38,107627.38,16.44764,1761178919999,1771264.99870200,4637,1.92471000,207212.04472330,0
2025-10-23 00:22:00,107627.38,107627.38,107546.07,107609.69,6.91732,1761178979999,744232.41301750,3625,2.39507000,257640.11744350,0
2025-10-23 00:23:00,107609.69,107611.57,107568.79,107595.6,4.60837,1761179039999,495841.17497160,1515,1.48821000,160108.25042080,0
2025-10-23 00:24:00,107595.59,107638.58,107578.63,107634.36,2.9048,1761179099999,312560.27238480,2154,2.31355000,248938.00203470,0
2025-10-23 00:25:00,107634.36,107634.36,107528.14,107549.92,6.07789,1761179159999,653752.52065970,2465,1.00464000,108042.41310150,0
2025-10-23 00:26:00,107549.91,107578.0,107528.14,107560.29,7.82797,1761179219999,841979.65006630,1624,2.85206000,306746.59334680,0
2025-10-23 00:27:00,107560.0,107578.0,107539.14,107577.99,3.14623,1761179279999,338426.39327540,1189,0.58925000,63380.82984310,0
2025-10-23 00:28:00,107577.99,107590.99,107571.54,107571.55,3.25643,1761179339999,350339.50751110,1320,1.38589000,149091.91491990,0
2025-10-23 00:29:00,107571.55,107597.05,107571.54,107597.04,0.60556,1761179399999,65152.46792340,535,0.34638000,37266.21642490,0
2025-10-23 00:30:00,107597.04,107627.66,107568.64,107627.66,5.83489,1761179459999,627824.04755810,2188,4.17441000,449170.12489460,0
2025-10-23 00:31:00,107627.66,107711.09,107627.66,107698.45,9.79215,1761179519999,1054286.59483960,3739,7.61886000,820259.83089200,0
2025-10-23 00:32:00,107698.45,107698.46,107623.07,107623.07,4.02863,1761179579999,433728.58122910,2162,0.70082000,75439.50465040,0
2025-10-23 00:33:00,107623.08,107717.0,107623.08,107716.99,2.48492,1761179639999,267522.33762300,2562,1.93435000,208235.84828370,0
2025-10-23 00:34:00,107717.0,107820.0,107716.99,107819.99,12.68709,1761179699999,1367149.76252550,2988,10.98820000,1184069.45138520,0
2025-10-23 00:35:00,107820.0,107820.0,107778.47,107786.46,3.43722,1761179759999,370509.49801990,1393,1.90738000,205590.48390160,0
2025-10-23 00:36:00,107786.45,107786.46,107739.3,107739.58,4.38921,1761179819999,472959.50739810,2886,1.64530000,177271.64149420,0
2025-10-23 00:37:00,107739.57,107779.06,107739.57,107779.06,2.16341,1761179879999,233127.01552900,993,1.58569000,170880.67704560,0
2025-10-23 00:38:00,107779.07,107779.07,107743.64,107749.02,6.08738,1761179939999,656017.39299770,1033,1.34516000,144934.45699390,0
2025-10-23 00:39:00,107749.01,107786.0,107749.01,107786.0,8.29551,1761179999999,893964.31138540,1890,1.47084000,158512.41752590,0
2025-10-23 00:40:00,107786.0,107786.0,107745.33,107745.33,3.33109,1761180059999,359013.65559070,752,0.37544000,40464.72230520,0
2025-10-23 00:41:00,107745.33,107779.97,107725.71,107754.34,10.99369,1761180119999,1184608.38230280,2232,7.74543000,834560.21286590,0
2025-10-23 00:42:00,107754.34,107757.72,107692.0,107708.43,8.16717,1761180179999,879705.48559280,2730,5.11787000,551180.31451960,0
2025-10-23 00:43:00,107708.43,107735.59,107708.43,107715.05,1.9015,1761180239999,204839.03176860,1131,0.37358000,40241.08480250,0
2025-10-23 00:44:00,107715.05,107736.75,107712.58,107712.59,4.12094,1761180299999,443931.63440460,1043,0.78824000,84908.63240790,0
2025-10-23 00:45:00,107712.59,107736.75,107712.59,107736.75,2.00917,1761180359999,216437.77083230,1127,0.66269000,71390.46693580,0
2025-10-23 00:46:00,107736.74,107736.75,107668.35,107689.65,3.97383,1761180419999,427958.06889840,2494,1.78070000,191744.26700870,0
2025-10-23 00:47:00,107689.66,107736.75,107686.28,107736.74,3.70858,1761180479999,399439.81801430,1809,2.52484000,271937.64216490,0
2025-10-23 00:48:00,107736.75,107827.38,107736.74,107827.36,5.07543,1761180539999,547099.16729720,2172,3.83431000,413291.62978390,0
2025-10-23 00:49:00,107827.37,107827.37,107792.12,107792.13,8.33973,1761180599999,899073.12175400,2233,0.27248000,29374.50578880,0
2025-10-23 00:50:00,107792.12,107803.05,107785.96,107803.05,3.31953,1761180659999,357845.05378990,1002,2.78853000,300603.11869920,0
2025-10-23 00:51:00,107803.05,107877.58,107803.05,107868.22,8.91288,1761180719999,961177.92625950,1984,7.85068000,846594.62629160,0
2025-10-23 00:52:00,107868.22,107877.58,107868.22,107873.27,4.51375,1761180779999,486920.32447970,698,1.63389000,176252.91891990,0
2025-10-23 00:53:00,107873.27,107980.52,107873.27,107945.98,17.03209,1761180839999,1838349.12329520,2785,14.24552000,1537505.23954700,0
2025-10-23 00:54:00,107945.98,107945.98,107906.29,107935.09,7.93438,1761180899999,856337.02531110,2091,3.55836000,383998.56592470,0
2025-10-23 00:55:00,107935.09,107935.09,107888.58,107895.06,4.47071,1761180959999,482437.21907470,2238,1.35399000,146100.97367230,0
2025-10-23 00:56:00,107895.06,107895.06,107868.0,107882.68,3.09104,1761181019999,333443.51870280,966,1.50613000,162466.64479680,0
2025-10-23 00:57:00,107882.69,107893.47,107846.99,107847.0,9.81935,1761181079999,1059308.39697400,1505,5.62527000,606873.87026940,0
2025-10-23 00:58:00,107847.0,107859.45,107829.4,107829.41,6.16945,1761181139999,665309.67638820,1381,1.10458000,119129.53453540,0
2025-10-23 00:59:00,107829.41,107845.3,107829.4,107845.3,29.34616,1761181199999,3164404.39161200,812,28.80063000,3105578.98331790,0
2025-10-23 01:00:00,107845.3,107859.45,107836.92,107859.44,2.65008,1761181259999,285794.21234710,1400,0.65990000,71167.02474930,0
2025-10-23 01:01:00,107859.44,107859.45,107829.3,107856.0,2.63634,1761181319999,284326.34596480,1549,0.52529000,56650.20215470,0
2025-10-23 01:02:00,107855.99,107856.0,107836.8,107836.81,3.29981,1761181379999,355876.50130950,934,0.52484000,56604.73814920,0
2025-10-23 01:03:00,107836.81,107836.81,107827.05,107827.06,2.54955,1761181439999,274919.65311070,456,1.43371000,154596.43032010,0
2025-10-23 01:04:00,107827.06,107914.97,107813.2,107897.29,17.71872,1761181499999,1910793.20661350,3498,10.79384000,1163996.75045510,0
2025-10-23 01:05:00,107897.28,107897.28,107849.69,107883.52,3.69061,1761181559999,398110.75662610,3550,1.42334000,153524.20370950,0
2025-10-23 01:06:00,107883.52,107900.0,107868.19,107877.55,7.25968,1761181619999,783191.80220900,1586,4.29825000,463711.00042240,0
2025-10-23 01:07:00,107877.54,107905.93,107877.54,107905.93,3.51058,1761181679999,378760.08978240,1015,3.26163000,351899.71204500,0
2025-10-23 01:08:00,107905.93,107930.0,107905.91,107906.0,5.39621,1761181739999,582338.13339490,1927,2.47204000,266757.96119810,0
2025-10-23 01:09:00,107906.01,107946.62,107897.43,107897.43,7.21719,1761181799999,778874.83175240,2888,2.27464000,245472.28622510,0
2025-10-23 01:10:00,107897.43,108116.43,107882.3,108093.59,78.51728,1761181859999,8481404.54799920,8353,55.28805000,5971559.30529690,0
2025-10-23 01:11:00,108093.59,108200.0,108093.59,108197.72,34.22302,1761181919999,3701952.48523570,5880,23.22245000,2511895.55988750,0
2025-10-23 01:12:00,108197.72,108443.09,108170.44,108305.7,82.32422,1761181979999,8915647.49031280,8394,49.43713000,5354026.12336810,0
2025-10-23 01:13:00,108305.69,108308.91,108201.47,108246.34,30.22454,1761182039999,3271982.52324220,5049,14.84071000,1606371.75416250,0
2025-10-23 01:14:00,108246.34,108394.55,108246.34,108311.35,28.83956,1761182099999,3123968.23412940,5543,19.16902000,2076300.97253240,0
2025-10-23 01:15:00,108311.35,108342.33,108249.8,108274.29,34.31293,1761182159999,3716214.77627470,5584,19.20532000,2080004.48410900,0
2025-10-23 01:16:00,108274.3,108500.0,108274.29,108481.79,88.65094,1761182219999,9611465.36091500,8230,55.47562000,6014088.73603310,0
2025-10-23 01:17:00,108481.78,108481.79,108331.96,108369.57,32.03418,1761182279999,3471525.64464220,4457,22.28209000,2414520.74731980,0
2025-10-23 01:18:00,108369.57,108475.69,108362.63,108426.39,23.23382,1761182339999,2519154.52423300,4172,14.75077000,1599191.32582270,0
2025-10-23 01:19:00,108426.38,108432.85,108366.6,108412.03,6.93626,1761182399999,752007.41233960,3186,2.49261000,270218.02903920,0
2025-10-23 01:20:00,108412.03,108412.03,108356.01,108374.81,7.49604,1761182459999,812483.19339450,2553,1.52118000,164865.00036340,0
2025-10-23 01:21:00,108374.82,108437.64,108291.81,108294.7,31.25172,1761182519999,3387033.07792960,5021,8.42873000,913465.97701030,0
2025-10-23 01:22:00,108294.71,108316.32,108220.29,108252.23,32.74608,1761182579999,3545110.29349100,4255,13.39356000,1449859.59121520,0
2025-10-23 01:23:00,108252.22,108268.47,108065.31,108096.75,83.39925,1761182639999,9018605.57362880,4826,28.48246000,3079748.23216790,0
2025-10-23 01:24:00,108096.75,108180.0,108032.08,108174.8,37.23709,1761182699999,4024437.19183770,4917,25.10070000,2712749.71808510,0
2025-10-23 01:25:00,108174.79,108183.31,108138.32,108177.02,10.1227,1761182759999,1094897.72912910,2267,5.84118000,631783.06074180,0
2025-10-23 01:26:00,108177.02,108191.3,108177.02,108191.3,4.55047,1761182819999,492311.42522650,468,2.64908000,286598.60112490,0
2025-10-23 01:27:00,108191.29,108214.0,108186.87,108205.25,11.97568,1761182879999,1295796.57459480,1687,7.04689000,762457.40237700,0
2025-10-23 01:28:00,108205.25,108205.25,108104.79,108124.66,14.49042,1761182939999,1566939.53711660,3013,5.07891000,549105.80864130,0
2025-10-23 01:29:00,108124.66,108188.76,108124.65,108188.76,10.41367,1761182999999,1126379.83964360,1850,10.18067000,1101177.55779400,0
2025-10-23 01:30:00,108188.76,108273.33,108167.13,108187.39,25.61465,1761183059999,2772124.96806030,3876,18.13597000,1962636.12232250,0
2025-10-23 01:31:00,108187.39,108263.81,108185.03,108247.4,12.96306,1761183119999,1403094.60602810,2716,7.20526000,779831.95670220,0
2025-10-23 01:32:00,108247.4,108311.86,108247.39,108309.04,26.0537,1761183179999,2821480.41601950,2742,11.94870000,1293802.27488170,0
2025-10-23 01:33:00,108309.05,108330.93,108309.04,108309.33,14.50391,1761183239999,1571006.45239080,1817,11.48066000,1243525.79824760,0
2025-10-23 01:34:00,108309.34,108327.74,108304.9,108317.36,4.24956,1761183299999,460278.30206560,1336,2.83159000,306681.79618230,0
2025-10-23 01:35:00,108317.36,108317.36,108227.72,108238.71,8.72849,1761183359999,944976.38758950,2357,2.17107000,235049.07917980,0
2025-10-23 01:36:00,108238.72,108259.07,108222.17,108222.61,5.73519,1761183419999,620785.87517120,1760,3.87369000,419282.35135150,0
2025-10-23 01:37:00,108222.61,108222.61,108188.77,108208.1,12.60923,1761183479999,1364363.07103500,2160,4.35100000,470751.68338590,0
2025-10-23 01:38:00,108208.1,108222.18,108188.78,108222.17,12.19408,1761183539999,1319452.20475390,1343,10.39390000,1124662.04796420,0
2025-10-23 01:39:00,108222.17,108222.56,108188.77,108209.84,17.44663,1761183599999,1888041.07570740,1124,10.96553000,1186664.86790500,0
2025-10-23 01:40:00,108209.84,108209.85,108161.0,108161.01,8.68827,1761183659999,939968.14874710,2497,1.10733000,119822.21985090,0
2025-10-23 01:41:00,108161.0,108194.67,108139.28,108194.66,8.85591,1761183719999,957803.34003310,1832,4.06980000,440190.05376190,0
2025-10-23 01:42:00,108194.66,108194.67,108154.18,108175.06,3.11484,1761183779999,336944.52264360,1273,0.92001000,99509.71369690,0
2025-10-23 01:43:00,108175.05,108277.86,108173.21,108258.36,16.8341,1761183839999,1821809.25881270,2378,13.04362000,1411484.60336200,0
2025-10-23 01:44:00,108258.37,108258.37,108231.7,108232.78,2.50729,1761183899999,271389.79945820,1070,0.58075000,62860.73399640,0
2025-10-23 01:45:00,108232.79,108242.92,108210.72,108242.92,9.57133,1761183959999,1035914.10421450,1830,6.13790000,664308.22812670,0
2025-10-23 01:46:00,108242.92,108250.44,108236.43,108236.44,5.49657,1761184019999,594980.13038900,1293,1.70261000,184295.75102140,0
2025-10-23 01:47:00,108236.44,108236.44,108236.43,108236.43,1.16483,1761184079999,126077.04811880,154,0.73619000,79682.58476360,0
2025-10-23 01:48:00,108236.43,108236.44,108207.4,108230.82,10.01856,1761184139999,1084317.31285060,1749,0.68562000,74195.52713630,0
2025-10-23 01:49:00,108230.82,108230.83,108153.17,108177.88,13.68454,1761184199999,1480433.00228090,1569,4.29823000,464906.83558870,0
2025-10-23 01:50:00,108177.87,108177.89,108163.9,108177.89,10.03092,1761184259999,1085047.12074050,1282,6.32881000,684570.66630020,0
2025-10-23 01:51:00,108177.88,108197.48,108173.39,108178.73,4.5435,1761184319999,491518.84777220,1441,2.81381000,304399.94977520,0
2025-10-23 01:52:00,108178.73,108197.48,108139.29,108139.3,9.99099,1761184379999,1080719.53946100,2641,1.76380000,190773.93150320,0
2025-10-23 01:53:00,108139.3,108173.35,108139.28,108173.34,6.71646,1761184439999,726424.27770530,784,5.09241000,550748.58122590,0
2025-10-23 01:54:00,108173.34,108173.35,108166.85,108166.85,0.90582,1761184499999,97981.12791410,345,0.42247000,45697.32109980,0
2025-10-23 01:55:00,108166.86,108166.86,108166.85,108166.85,0.85655,1761184559999,92650.31794990,185,0.25824000,27933.00992640,0
2025-10-23 01:56:00,108166.85,108166.86,108139.93,108166.66,5.30777,1761184619999,574066.53303760,1169,3.35157000,362484.51653980,0
2025-10-23 01:57:00,108166.67,108166.67,108156.8,108156.81,5.19753,1761184679999,562186.94818080,779,0.30332000,32808.09490750,0
2025-10-23 01:58:00,108156.8,108162.45,108143.23,108162.44,7.17419,1761184739999,775871.92513430,1337,6.50621000,703628.54435360,0
2025-10-23 01:59:00,108162.44,108162.45,108150.0,108150.0,2.51843,1761184799999,272380.36836890,639,0.16622000,17976.95327390,0
2025-10-23 02:00:00,108150.01,108150.01,108090.0,108090.01,12.28701,1761184859999,1328561.11418080,1983,0.77688000,84015.50686830,0
2025-10-23 02:01:00,108090.0,108143.23,108090.0,108143.22,6.8773,1761184919999,743540.09091520,1583,5.82259000,629499.27432650,0
2025-10-23 02:02:00,108143.22,108143.23,108123.11,108123.12,2.60275,1761184979999,281450.44084640,776,1.17167000,126704.86850670,0
2025-10-23 02:03:00,108123.11,108123.11,108088.82,108113.68,4.91869,1761185039999,531726.56869310,1513,1.45433000,157210.67548440,0
2025-10-23 02:04:00,108113.67,108113.68,108081.0,108113.68,7.8627,1761185099999,850000.91741660,1701,2.81745000,304573.59544560,0
2025-10-23 02:05:00,108113.68,108113.68,108058.66,108071.4,6.85524,1761185159999,740919.38231970,1956,0.54504000,58899.82255950,0
2025-10-23 02:06:00,108071.4,108092.48,108071.39,108081.64,4.6682,1761185219999,504532.92600290,1747,4.29324000,464006.67016630,0
2025-10-23 02:07:00,108081.64,108081.65,108059.5,108059.51,3.91098,1761185279999,422663.14246190,910,0.10789000,11658.64956010,0
2025-10-23 02:08:00,108059.51,108073.66,108059.5,108073.65,2.66017,1761185339999,287468.58633340,445,2.51030000,271271.88668990,0
2025-10-23 02:09:00,108073.66,108139.29,108073.66,108139.28,12.51457,1761185399999,1352905.22079250,2334,11.38941000,1231242.68772240,0
2025-10-23 02:10:00,108139.28,108172.29,108139.28,108157.08,5.68923,1761185459999,615362.46836360,1593,1.26906000,137247.07876580,0
2025-10-23 02:11:00,108157.08,108157.09,108123.14,108123.15,3.35896,1761185519999,363256.23788920,799,0.33726000,36472.77843260,0
2025-10-23 02:12:00,108123.15,108123.15,108121.73,108121.74,0.69314,1761185579999,74943.68065130,198,0.15767000,17047.67465220,0
2025-10-23 02:13:00,108121.73,108139.29,108113.69,108139.28,2.93429,1761185639999,317264.97178130,788,2.74376000,296664.43723280,0
2025-10-23 02:14:00,108139.29,108155.52,108139.28,108145.9,3.23292,1761185699999,349641.22851930,951,1.68849000,182606.62413440,0
2025-10-23 02:15:00,108145.9,108182.0,108145.9,108180.55,3.49774,1761185759999,378314.57685110,1270,2.56298000,277191.00282870,0
2025-10-23 02:16:00,108180.55,108218.0,108180.55,108217.99,5.89738,1761185819999,638134.53690210,1870,5.10517000,552406.68340140,0
2025-10-23 02:17:00,108217.99,108305.97,108217.99,108305.97,13.76249,1761185879999,1489950.68162010,2316,12.94670000,1401619.84237490,0
2025-10-23 02:18:00,108305.97,108305.98,108280.0,108280.0,2.07184,1761185939999,224365.59439060,879,0.59463000,64388.57448110,0
2025-10-23 02:19:00,108280.0,108307.99,108280.0,108307.98,4.2906,1761185999999,464674.98753700,1054,2.29804000,248865.72680360,0
2025-10-23 02:20:00,108307.98,108358.83,108307.98,108358.82,14.28626,1761186059999,1547733.89113660,2394,11.04620000,1196681.11702200,0
2025-10-23 02:21:00,108358.82,108393.32,108358.82,108390.13,4.22228,1761186119999,457596.28702610,1161,3.07526000,333279.62335850,0
2025-10-23 02:22:00,108390.13,108390.14,108356.54,108356.54,6.63896,1761186179999,719531.44738160,1785,2.29013000,248190.81353930,0
2025-10-23 02:23:00,108356.54,108377.96,108351.87,108366.98,5.45687,1761186239999,591315.66733880,1381,4.39427000,476160.47347860,0
2025-10-23 02:24:00,108366.97,108366.98,108349.49,108349.5,2.77701,1761186299999,300907.31226720,627,0.25753000,27905.84974420,0
2025-10-23 02:25:00,108349.5,108349.5,108322.0,108322.01,7.68382,1761186359999,832470.05990840,1152,1.32452000,143478.45958280,0
2025-10-23 02:26:00,108322.02,108322.02,108263.81,108263.81,5.45364,1761186419999,590570.69638350,1915,1.83906000,199107.29857750,0
2025-10-23 02:27:00,108263.81,108263.82,108230.06,108238.66,8.5341,1761186479999,923776.19016190,1103,0.43041000,46587.99513700,0
2025-10-23 02:28:00,108238.67,108257.39,108238.67,108240.78,4.54544,1761186539999,492014.67079500,786,2.93873000,318088.80506770,0
2025-10-23 02:29:00,108240.78,108280.82,108206.31,108206.32,14.62637,1761186599999,1583253.00619530,1678,3.12460000,338233.95158250,0
2025-10-23 02:30:00,108206.32,108266.0,108206.31,108265.99,5.69506,1761186659999,616396.37081930,1211,4.60061000,497928.63176810,0
2025-10-23 02:31:00,108265.99,108266.0,108221.04,108221.05,3.89793,1761186719999,421905.87308760,1423,1.96286000,212432.10608650,0
2025-10-23 02:32:00,108221.04,108221.05,108194.24,108194.25,5.76234,1761186779999,623509.74581470,1113,0.56291000,60908.41522960,0
2025-10-23 02:33:00,108194.25,108263.81,108187.87,108263.81,2.84046,1761186839999,307373.89365170,1640,2.54672000,275592.14341320,0
2025-10-23 02:34:00,108263.81,108291.37,108263.81,108279.69,2.82949,1761186899999,306387.38429720,1023,1.30306000,141090.50064620,0
2025-10-23 02:35:00,108279.7,108284.0,108242.0,108284.0,4.90832,1761186959999,531354.88464210,1868,3.33325000,360849.28963810,0
2025-10-23 02:36:00,108284.0,108325.0,108283.61,108325.0,2.4104,1761187019999,261035.72721860,1464,1.51312000,163864.04501910,0
2025-10-23 02:37:00,108325.0,108325.0,108282.06,108282.07,2.88832,1761187079999,312857.28128290,946,0.67173000,72761.00521140,0
2025-10-23 02:38:00,108282.07,108282.07,108229.09,108243.06,1.24594,1761187139999,134882.55623780,1674,0.17334000,18761.81773050,0
2025-10-23 02:39:00,108243.05,108286.61,108237.84,108237.84,5.94377,1761187199999,643448.76869890,2072,2.92489000,316615.06136480,0
2025-10-23 02:40:00,108237.85,108263.81,108237.85,108263.8,1.54758,1761187259999,167527.36722810,583,1.49202000,161512.80938840,0
2025-10-23 02:41:00,108263.8,108263.81,108251.91,108251.91,1.81139,1761187319999,196103.96440950,467,0.05198000,5626.94657270,0
2025-10-23 02:42:00,108251.91,108281.22,108230.05,108251.78,5.94176,1761187379999,643215.46858890,2232,2.80913000,304085.49629210,0
2025-10-23 02:43:00,108251.77,108259.47,108244.28,108259.47,0.90557,1761187439999,98025.73398970,445,0.83873000,90790.29525850,0
2025-10-23 02:44:00,108259.46,108274.32,108259.46,108274.32,2.16741,1761187499999,234655.91304240,513,2.09177000,226466.46015550,0
2025-10-23 02:45:00,108274.32,108280.0,108215.69,108215.7,11.21914,1761187559999,1214616.47262250,1942,4.35451000,471379.11479100,0
2025-10-23 02:46:00,108215.7,108243.06,108215.69,108219.93,2.25948,1761187619999,244530.68284400,1242,0.85045000,92036.24333690,0
2025-10-23 02:47:00,108219.92,108234.26,108215.69,108227.78,5.35008,1761187679999,579013.48840190,1440,2.51167000,271805.88035860,0
2025-10-23 02:48:00,108227.78,108263.81,108227.77,108263.8,4.5445,1761187739999,491894.76016400,702,2.44376000,264499.06536570,0
2025-10-23 02:49:00,108263.81,108263.81,108263.8,108263.81,1.68656,1761187799999,182593.39624170,440,0.17137000,18553.16911970,0
2025-10-23 02:50:00,108263.81,108263.81,108216.0,108248.03,9.19437,1761187859999,995252.87176620,2762,3.87351000,419266.30493740,0
2025-10-23 02:51:00,108248.04,108263.81,108218.67,108240.1,7.59595,1761187919999,822167.66436060,2276,4.94907000,535652.22863530,0
2025-10-23 02:52:00,108240.1,108243.06,108217.0,108243.05,2.69825,1761187979999,292041.75417060,1236,1.34636000,145720.82379740,0
2025-10-23 02:53:00,108243.06,108243.06,108237.45,108239.7,5.57756,1761188039999,603715.41730420,741,3.81825000,413282.75871310,0
2025-10-23 02:54:00,108239.7,108241.21,108230.38,108230.39,5.91291,1761188099999,640000.34873500,870,5.54421000,600093.95649580,0
2025-10-23 02:55:00,108230.39,108306.0,108214.0,108306.0,21.58392,1761188159999,2336251.28140570,1939,12.13863000,1313989.54139720,0
2025-10-23 02:56:00,108306.0,108349.99,108300.0,108349.98,13.49798,1761188219999,1462128.13297730,2340,9.71388000,1052227.63622780,0
2025-10-23 02:57:00,108349.99,108369.81,108349.98,108367.62,9.9268,1761188279999,1075623.62127190,1219,8.67417000,939884.69520400,0
2025-10-23 02:58:00,108367.62,108375.72,108363.84,108375.72,8.15092,1761188339999,883323.82540690,1255,7.03984000,762914.62609770,0
2025-10-23 02:59:00,108375.72,108410.3,108375.71,108410.29,15.95191,1761188399999,1729008.86802010,1487,14.31523000,1551591.42584930,0
2025-10-23 03:00:00,108410.29,108413.22,108380.01,108380.01,12.3402,1761188459999,1337699.96015750,2514,9.00670000,976346.18710380,0
2025-10-23 03:01:00,108380.01,108383.5,108363.84,108363.85,11.94708,1761188519999,1294775.83231870,1495,8.08581000,876296.06816360,0
2025-10-23 03:02:00,108363.84,108366.56,108350.0,108366.55,17.09747,1761188579999,1852646.01986870,1360,10.00996000,1084649.16186580,0
2025-10-23 03:03:00,108366.56,108447.03,108366.55,108447.03,9.46406,1761188639999,1026049.71094770,3198,6.51886000,706704.81188750,0
2025-10-23 03:04:00,108447.03,108487.96,108447.03,108475.4,7.7374,1761188699999,839279.15411210,2051,5.88226000,638025.37750210,0
2025-10-23 03:05:00,108475.4,108498.91,108475.39,108486.29,11.53447,1761188759999,1251377.16010560,1438,9.17145000,994999.30159500,0
2025-10-23 03:06:00,108486.3,108532.16,108486.29,108527.98,17.62028,1761188819999,1911939.32939330,2015,14.65759000,1590399.21474620,0
2025-10-23 03:07:00,108527.98,108554.37,108523.62,108531.75,13.55341,1761188879999,1470999.21320940,2152,9.78393000,1061871.98614360,0
2025-10-23 03:08:00,108531.75,108560.36,108531.74,108560.36,8.21785,1761188939999,891986.60332980,1970,7.74351000,840502.24236220,0
2025-10-23 03:09:00,108560.36,108593.41,108527.83,108527.84,14.26702,1761188999999,1548903.61773850,3547,10.02876000,1088783.93605450,0
2025-10-23 03:10:00,108527.83,108527.84,108500.02,108500.03,5.7037,1761189059999,618985.52903110,1069,3.67159000,398457.40779730,0
2025-10-23 03:11:00,108500.03,108544.59,108478.16,108544.59,11.13712,1761189119999,1208597.96698920,2788,7.85932000,852926.14514200,0
2025-10-23 03:12:00,108544.59,108550.01,108501.61,108501.62,13.30344,1761189179999,1443849.93220230,1769,7.57209000,821763.94525830,0
2025-10-23 03:13:00,108501.62,108529.41,108496.8,108529.4,6.99978,1761189239999,759563.50812180,1767,6.11622000,663684.21001210,0
2025-10-23 03:14:00,108529.4,108537.93,108496.81,108496.82,12.52092,1761189299999,1358828.30900070,1834,8.73848000,948366.58115500,0
2025-10-23 03:15:00,108496.82,108552.65,108496.81,108552.65,24.54802,1761189359999,2664308.98066970,2688,24.40424000,2648706.08495290,0
2025-10-23 03:16:00,108552.65,108552.65,108524.24,108524.25,6.65145,1761189419999,721936.05080480,1857,4.86832000,528400.48857520,0
2025-10-23 03:17:00,108524.25,108554.36,108509.0,108510.08,13.57574,1761189479999,1473419.02714570,1992,7.33548000,796080.95527340,0
2025-10-23 03:18:00,108510.09,108574.0,108510.09,108573.99,12.64307,1761189539999,1372241.13689100,2229,11.46143000,1243972.27863950,0
2025-10-23 03:19:00,108574.0,108590.0,108567.87,108589.99,17.73436,1761189599999,1925451.58085310,1294,15.05583000,1634634.30828070,0
2025-10-23 03:20:00,108590.0,108641.74,108590.0,108641.74,14.02765,1761189659999,1523472.07350770,2716,13.83032000,1502040.36881930,0
2025-10-23 03:21:00,108641.74,108684.0,108618.0,108645.91,21.81106,1761189719999,2369707.02696870,3989,18.47705000,2007443.10893800,0
2025-10-23 03:22:00,108645.91,108700.0,108645.91,108698.92,9.20436,1761189779999,1000334.47482140,2053,8.35905000,908459.76100850,0
2025-10-23 03:23:00,108698.91,108698.92,108650.9,108650.9,9.69415,1761189839999,1053540.24115940,1718,6.16070000,669494.91771170,0
2025-10-23 03:24:00,108650.9,108650.91,108628.45,108647.79,6.97535,1761189899999,757821.93501330,2235,5.85548000,636155.61186230,0
2025-10-23 03:25:00,108647.79,108696.78,108647.79,108692.68,10.08433,1761189959999,1095847.42656110,2563,8.68717000,944004.89433820,0
2025-10-23 03:26:00,108692.69,108716.15,108692.68,108698.39,8.14113,1761190019999,884995.95565020,2479,7.45954000,810901.27592660,0
2025-10-23 03:27:00,108698.39,108708.86,108680.36,108707.4,17.89855,1761190079999,1945446.09517470,1792,15.81848000,1719356.95477200,0
2025-10-23 03:28:00,108707.4,108720.39,108701.3,108704.7,9.60514,1761190139999,1044160.36180690,1442,8.01573000,871366.57233290,0
2025-10-23 03:29:00,108704.71,108705.76,108704.7,108705.76,14.59308,1761190199999,1586344.04611110,677,14.51172000,1577499.78889970,0
2025-10-23 03:30:00,108705.76,108706.44,108651.18,108651.18,16.41195,1761190259999,1783676.97898610,2627,9.70546000,1054831.22352790,0
2025-10-23 03:31:00,108651.19,108651.19,108600.0,108600.0,15.12756,1761190319999,1643284.30340340,1935,6.02896000,654953.34053540,0
2025-10-23 03:32:00,108600.0,108686.56,108600.0,108628.53,13.75492,1761190379999,1494254.47936700,3959,8.94509000,971625.95759320,0
2025-10-23 03:33:00,108628.53,108644.9,108628.53,108644.9,6.08215,1761190439999,660773.55533580,795,2.03753000,221352.06858800,0
2025-10-23 03:34:00,108644.9,108644.9,108611.98,108631.4,10.96726,1761190499999,1191319.77473410,1884,5.66375000,615233.47936790,0
2025-10-23 03:35:00,108631.41,108700.0,108631.41,108699.99,4.18294,1761190559999,454565.85318390,1456,2.61708000,284408.19208860,0
2025-10-23 03:36:00,108700.0,108714.78,108699.63,108714.78,9.99298,1761190619999,1086257.44467570,756,8.44743000,918247.97750590,0
2025-10-23 03:37:00,108714.78,108714.78,108628.86,108628.87,13.81798,1761190679999,1501701.64308510,3433,2.15201000,233867.91651670,0
2025-10-23 03:38:00,108628.86,108646.14,108622.64,108622.64,3.8543,1761190739999,418711.02805740,2767,2.17574000,236353.84088990,0
2025-10-23 03:39:00,108622.64,108622.64,108579.77,108581.61,4.58853,1761190799999,498299.84957010,1935,0.24917000,27059.27329920,0
2025-10-23 03:40:00,108581.61,108581.61,108565.31,108565.31,4.5188,1761190859999,490624.01750380,360,0.44576000,48400.68508170,0
2025-10-23 03:41:00,108565.31,108565.32,108512.3,108512.3,11.66273,1761190919999,1265757.82898180,1995,2.24715000,243870.27356250,0
2025-10-23 03:42:00,108512.3,108512.31,108500.0,108500.0,4.63274,1761190979999,502687.01836060,1260,0.41806000,45362.08018560,0
2025-10-23 03:43:00,108500.0,108500.01,108462.0,108465.58,4.77048,1761191039999,517494.73749380,1849,1.26888000,137634.43901240,0
2025-10-23 03:44:00,108465.58,108492.11,108402.74,108427.74,30.57969,1761191099999,3316338.25104410,3520,13.71994000,1488081.49713590,0
2025-10-23 03:45:00,108427.74,108427.74,108402.73,108402.73,3.56227,1761191159999,386178.96949180,916,1.57797000,171066.54557430,0
2025-10-23 03:46:00,108402.74,108402.74,108390.77,108390.78,10.75688,1761191219999,1166001.34557030,801,0.78821000,85437.72246420,0
2025-10-23 03:47:00,108390.77,108390.78,108340.0,108364.48,7.64071,1761191279999,827884.35817800,2619,3.92427000,425176.20746500,0
2025-10-23 03:48:00,108364.89,108371.94,108346.15,108371.94,2.0017,1761191339999,216891.48131540,839,1.34476000,145705.00734900,0
2025-10-23 03:49:00,108371.94,108388.79,108371.93,108371.95,4.82224,1761191399999,522629.22067990,1006,2.88598000,312774.73368050,0
2025-10-23 03:50:00,108371.94,108371.94,108323.59,108368.02,3.18548,1761191459999,345149.22844240,2086,2.35601000,255277.69689790,0
2025-10-23 03:51:00,108368.02,108417.34,108368.01,108417.33,4.96836,1761191519999,538490.09214350,2187,4.67017000,506168.49782380,0
2025-10-23 03:52:00,108417.33,108417.34,108389.06,108389.06,5.07496,1761191579999,550144.33642460,2133,1.25136000,135667.34627910,0
2025-10-23 03:53:00,108389.07,108420.27,108389.06,108408.0,3.89384,1761191639999,422111.23059000,1446,2.80519000,304097.93388900,0
2025-10-23 03:54:00,108407.99,108419.45,108407.99,108419.45,8.89926,1761191699999,964841.98352340,853,7.93507000,860305.15716260,0
2025-10-23 03:55:00,108419.45,108419.45,108382.78,108391.71,14.10656,1761191759999,1529064.64080890,1420,5.93549000,643383.03754510,0
2025-10-23 03:56:00,108391.7,108399.45,108391.7,108399.44,2.99132,1761191819999,324250.82881810,499,1.95709000,212143.64937330,0
2025-10-23 03:57:00,108399.44,108399.45,108381.42,108381.43,1.36879,1761191879999,148374.27226060,468,0.21000000,22763.86287600,0
2025-10-23 03:58:00,108381.42,108381.43,108360.24,108360.24,1.65709,1761191939999,179570.79593760,1513,0.11161000,12094.11421380,0
2025-10-23 03:59:00,108360.24,108377.96,108328.12,108377.96,3.9943,1761191999999,432766.59952370,1556,1.80595000,195663.19914950,0
2025-10-23 04:00:00,108377.96,108422.0,108377.96,108422.0,4.10362,1761192059999,444831.77365630,1323,2.62552000,284606.00935020,0
2025-10-23 04:01:00,108422.0,108426.92,108399.23,108426.92,6.05062,1761192119999,655938.03462960,1549,3.83523000,415757.98383800,0
2025-10-23 04:02:00,108426.91,108437.32,108401.91,108436.07,2.25412,1761192179999,244396.31595700,1486,0.41932000,45462.02727780,0
2025-10-23 04:03:00,108436.08,108495.0,108436.07,108489.72,10.08549,1761192239999,1093973.29681790,1546,7.22452000,783605.72271910,0
2025-10-23 04:04:00,108489.72,108489.72,108451.8,108451.8,4.95754,1761192299999,537731.12522080,1609,1.46440000,158839.10043830,0
2025-10-23 04:05:00,108451.8,108451.81,108396.22,108414.12,5.57543,1761192359999,604414.47428050,1784,1.62144000,175763.32680690,0
2025-10-23 04:06:00,108414.11,108458.0,108411.86,108457.99,5.29216,1761192419999,573844.10377470,1254,2.14353000,232436.36222440,0
2025-10-23 04:07:00,108457.99,108458.0,108417.94,108417.94,6.80918,1761192479999,738422.34356740,1249,4.73385000,513368.60282820,0
2025-10-23 04:08:00,108417.94,108417.94,108373.55,108379.23,12.39624,1761192539999,1343618.78367820,1830,2.42124000,262440.28485850,0
2025-10-23 04:09:00,108379.23,108379.24,108357.89,108361.24,3.06525,1761192599999,332200.90876430,612,0.65758000,71264.70924370,0
2025-10-23 04:10:00,108361.24,108394.23,108361.24,108394.23,5.76301,1761192659999,624638.54342040,1446,2.16646000,234807.46244160,0
2025-10-23 04:11:00,108394.23,108394.23,108387.72,108387.73,2.21398,1761192719999,239972.30502920,590,1.24562000,135010.62693900,0
2025-10-23 04:12:00,108387.73,108387.73,108357.36,108357.36,3.84725,1761192779999,416970.85624090,616,2.20239000,238696.49400460,0
2025-10-23 04:13:00,108357.36,108366.58,108350.36,108366.57,3.58569,1761192839999,388551.11279080,636,1.66929000,180881.65990020,0
2025-10-23 04:14:00,108366.57,108371.27,108360.43,108371.27,2.54952,1761192899999,276279.76604740,511,2.04839000,221973.62636840,0
2025-10-23 04:15:00,108371.26,108377.96,108371.26,108377.96,2.35373,1761192959999,255084.56750660,400,1.78820000,193794.87159080,0
2025-10-23 04:16:00,108377.96,108377.96,108377.95,108377.96,1.55608,1761193019999,168644.76827620,142,0.78402000,84970.48819920,0
2025-10-23 04:17:00,108377.96,108405.99,108377.95,108405.99,3.62272,1761193079999,392656.82781500,1106,3.09464000,335418.52514320,0
2025-10-23 04:18:00,108405.99,108412.01,108400.16,108400.16,3.44135,1761193139999,373055.98312390,817,0.90762000,98391.11986050,0
2025-10-23 04:19:00,108400.17,108465.83,108400.16,108465.82,7.2573,1761193199999,786876.00033420,1734,6.40519000,694491.37612910,0
2025-10-23 04:20:00,108465.83,108560.36,108465.82,108560.35,8.38106,1761193259999,909471.19377980,2034,7.84122000,850890.46870830,0
2025-10-23 04:21:00,108560.36,108583.55,108553.79,108553.79,11.4049,1761193319999,1238221.19731240,1924,4.65495000,505370.35343510,0
2025-10-23 04:22:00,108553.8,108594.87,108553.79,108594.86,4.86765,1761193379999,528562.90989220,1256,4.58079000,497417.03353600,0
2025-10-23 04:23:00,108594.87,108606.25,108585.63,108585.63,2.94329,1761193439999,319640.39324980,1313,1.37540000,149366.57242640,0
2025-10-23 04:24:00,108585.64,108585.65,108585.63,108585.63,1.91966,1761193499999,208447.50493950,451,0.55513000,60279.14832410,0
2025-10-23 04:25:00,108585.64,108585.64,108580.1,108580.1,3.32447,1761193559999,360977.16774920,275,1.26675000,137546.70605290,0
2025-10-23 04:26:00,108580.1,108580.11,108561.37,108561.38,4.62631,1761193619999,502270.10655010,1095,0.97290000,105628.42572960,0
2025-10-23 04:27:00,108561.37,108561.47,108561.37,108561.39,3.47183,1761193679999,376906.67806640,415,3.16712000,343826.93997320,0
2025-10-23 04:28:00,108561.39,108572.65,108561.38,108572.64,3.46977,1761193739999,376693.44846530,487,3.41126000,370341.35991510,0
2025-10-23 04:29:00,108572.65,108572.73,108561.87,108561.87,6.16093,1761193799999,668897.99009030,712,2.44417000,265369.30578020,0
2025-10-23 04:30:00,108561.88,108561.88,108546.2,108551.36,3.43671,1761193859999,373068.23685050,1386,1.19045000,129222.52446040,0
2025-10-23 04:31:00,108551.35,108572.64,108551.35,108572.63,1.5308,1761193919999,166178.73555490,464,1.30861000,142057.66851620,0
2025-10-23 04:32:00,108572.63,108572.64,108508.78,108508.78,5.20762,1761193979999,565268.09020340,2009,0.21892000,23763.59679920,0
2025-10-23 04:33:00,108508.79,108516.04,108476.51,108476.51,2.67381,1761194039999,290090.98793180,1188,1.92926000,209309.44716870,0
2025-10-23 04:34:00,108476.52,108513.45,108464.26,108485.9,8.94181,1761194099999,970093.21809550,1493,2.25076000,244167.17789170,0
2025-10-23 04:35:00,108485.9,108530.31,108485.9,108524.79,2.09309,1761194159999,227104.10292180,1817,1.91489000,207764.55668920,0
2025-10-23 04:36:00,108524.78,108524.79,108493.24,108505.18,0.76719,1761194219999,83244.13570550,1253,0.36786000,39913.66026950,0
2025-10-23 04:37:00,108505.18,108587.23,108505.18,108587.23,4.42956,1761194279999,480804.51349250,3359,4.31987000,468897.86999320,0
2025-10-23 04:38:00,108587.23,108606.25,108587.22,108606.24,1.68284,1761194339999,182741.16746370,421,1.49929000,162808.72505970,0
2025-10-23 04:39:00,108606.25,108693.9,108606.24,108691.97,10.92406,1761194399999,1186946.05819620,2030,7.92049000,860615.57630920,0
2025-10-23 04:40:00,108691.97,108819.89,108688.84,108819.89,30.83189,1761194459999,3353648.04863090,4298,29.35675000,3193176.78136120,0
2025-10-23 04:41:00,108819.89,108873.74,108811.75,108836.93,28.00195,1761194519999,3047769.83930960,4744,17.07318000,1858299.42861550,0
2025-10-23 04:42:00,108836.93,108880.0,108836.93,108865.85,10.50411,1761194579999,1143545.22130390,2632,9.24149000,1006083.63670830,0
2025-10-23 04:43:00,108865.86,108929.45,108860.21,108929.44,13.73608,1761194639999,1495851.13586080,2974,9.49876000,1034361.90147700,0
2025-10-23 04:44:00,108929.45,108940.33,108892.71,108892.71,19.59535,1761194699999,2134256.30802090,2271,5.09818000,555293.72044170,0
2025-10-23 04:45:00,108892.71,108892.72,108832.15,108832.15,12.00995,1761194759999,1307472.29517490,1781,3.60470000,392361.20072900,0
2025-10-23 04:46:00,108832.16,108832.16,108802.37,108816.4,9.18717,1761194819999,999674.65192230,1318,4.88014000,530982.70091110,0
2025-10-23 04:47:00,108816.41,108816.41,108775.12,108804.44,8.81886,1761194879999,959505.53265400,1798,3.20050000,348189.53840850,0
2025-10-23 04:48:00,108804.44,108804.45,108795.33,108795.33,2.0223,1761194939999,220024.44234690,271,0.61934000,67382.22352590,0
2025-10-23 04:49:00,108795.34,108795.34,108761.9,108761.91,3.55856,1761194999999,387083.25024880,1541,2.79601000,304133.63055960,0
2025-10-23 04:50:00,108761.91,108777.64,108761.91,108761.93,9.60648,1761195059999,1044833.72938790,853,9.15244000,995447.08128840,0
2025-10-23 04:51:00,108761.93,108806.33,108761.92,108806.32,6.07343,1761195119999,660662.07146230,1391,5.84334000,635633.65417520,0
2025-10-23 04:52:00,108806.33,108833.54,108785.09,108785.1,14.48092,1761195179999,1575806.00489360,1737,7.79718000,848475.10396410,0
2025-10-23 04:53:00,108785.09,108792.72,108758.7,108758.7,3.70623,1761195239999,403168.17685710,1287,1.16044000,126241.40944120,0
2025-10-23 04:54:00,108758.7,108758.7,108734.97,108734.98,6.48949,1761195299999,705719.62534710,1104,5.51759000,600025.49322190,0
2025-10-23 04:55:00,108734.98,108734.98,108728.97,108728.98,2.8332,1761195359999,308057.33444260,551,1.63523000,177799.77198170,0
2025-10-23 04:56:00,108728.97,108728.98,108728.97,108728.98,1.77904,1761195419999,193433.19509170,125,0.83029000,90276.58480420,0
2025-10-23 04:57:00,108728.98,108751.85,108728.97,108751.85,9.50668,1761195479999,1033684.54168750,805,8.70168000,946148.06127800,0
2025-10-23 04:58:00,108751.85,108751.85,108688.85,108688.86,7.19703,1761195539999,782470.38953660,1623,0.70086000,76195.22246880,0
2025-10-23 04:59:00,108688.86,108688.86,108644.31,108644.32,5.84373,1761195599999,634994.01136070,1238,0.33296000,36182.17286950,0
2025-10-23 05:00:00,108644.31,108680.78,108644.31,108672.93,8.07766,1761195659999,877677.15229250,1433,6.34959000,689877.00553560,0
2025-10-23 05:01:00,108672.92,108740.51,108666.24,108715.24,6.95951,1761195719999,756631.29567660,2717,3.87240000,420957.25870770,0
2025-10-23 05:02:00,108715.23,108720.41,108706.02,108706.02,2.03287,1761195779999,221009.09736010,876,1.06488000,115772.78783240,0
2025-10-23 05:03:00,108706.02,108720.38,108706.01,108707.31,0.99303,1761195839999,107956.49642440,616,0.58852000,63979.00131360,0
2025-10-23 05:04:00,108707.31,108707.31,108650.17,108650.18,4.22241,1761195899999,458870.73705310,2984,0.17392000,18899.15800710,0
2025-10-23 05:05:00,108650.18,108650.18,108628.0,108628.01,2.64836,1761195959999,287729.80716340,1058,0.07534000,8184.91076890,0
2025-10-23 05:06:00,108628.01,108686.0,108622.05,108686.0,14.1335,1761196019999,1535670.26549900,2815,13.94491000,1515184.15524440,0
2025-10-23 05:07:00,108685.99,108713.13,108685.99,108713.12,6.61385,1761196079999,718930.96275570,865,5.71950000,621706.29120750,0
2025-10-23 05:08:00,108713.13,108734.0,108712.53,108720.39,4.88249,1761196139999,530820.33781480,1560,2.80412000,304854.38053820,0
2025-10-23 05:09:00,108720.4,108755.18,108720.39,108755.18,12.81811,1761196199999,1393895.38518930,3545,5.59952000,608894.90523660,0
2025-10-23 05:10:00,108755.18,108812.04,108755.18,108794.76,10.06347,1761196259999,1094765.75031870,2067,8.54906000,929989.85043400,0
2025-10-23 05:11:00,108794.75,108815.93,108794.75,108815.93,4.84199,1761196319999,526844.60901090,1047,3.06085000,333039.45694490,0
2025-10-23 05:12:00,108815.92,108825.83,108784.81,108784.81,6.77343,1761196379999,737009.16604490,1732,3.35922000,365534.28703180,0
2025-10-23 05:13:00,108784.82,108806.91,108772.25,108789.24,6.67573,1761196439999,726256.04193700,1938,3.82325000,415915.07615840,0
2025-10-23 05:14:00,108789.25,108821.77,108789.24,108821.76,16.05846,1761196499999,1747242.01316140,1364,15.60611000,1698022.83812940,0
2025-10-23 05:15:00,108821.77,108836.49,108821.76,108826.24,18.43167,1761196559999,2005925.11576220,1692,13.16135000,1432340.48463730,0
2025-10-23 05:16:00,108826.25,108826.25,108776.0,108798.36,12.83275,1761196619999,1396305.27201270,2061,4.54149000,494171.92861040,0
2025-10-23 05:17:00,108798.36,108827.38,108798.36,108827.38,7.92673,1761196679999,862425.25018200,680,5.11288000,556278.91763370,0
2025-10-23 05:18:00,108827.37,108827.38,108827.37,108827.37,1.94324,1761196739999,211477.70502090,198,0.65421000,71195.96026980,0
2025-10-23 05:19:00,108827.38,108827.38,108827.37,108827.37,0.88968,1761196799999,96821.53573510,141,0.11935000,12988.54780300,0
2025-10-23 05:20:00,108827.38,108827.38,108807.82,108807.84,2.15838,1761196859999,234872.60829180,573,0.58717000,63889.72878000,0
2025-10-23 05:21:00,108807.84,108807.84,108782.58,108782.59,4.56325,1761196919999,496475.30018480,1502,1.05122000,114368.03875490,0
2025-10-23 05:22:00,108782.58,108782.59,108782.57,108782.57,1.71712,1761196979999,186792.75210800,227,0.91766000,99825.43131110,0
2025-10-23 05:23:00,108782.57,108782.58,108774.81,108774.82,1.67744,1761197039999,182470.78774740,553,0.26667000,29007.87558940,0
2025-10-23 05:24:00,108774.82,108775.9,108774.81,108775.9,13.73947,1761197099999,1494514.22333980,793,9.05450000,984902.46110410,0
2025-10-23 05:25:00,108775.9,108775.9,108775.65,108775.65,10.86188,1761197159999,1181510.01614550,735,0.16094000,17506.38550820,0
2025-10-23 05:26:00,108775.66,108795.57,108775.65,108775.85,5.04825,1761197219999,549159.74802940,1307,3.13494000,341009.27019620,0
2025-10-23 05:27:00,108775.85,108795.58,108775.85,108795.57,2.46476,1761197279999,268124.74665990,601,2.13257000,231985.39660320,0
2025-10-23 05:28:00,108795.57,108795.58,108743.52,108761.91,19.72834,1761197339999,2145787.80439500,1546,6.24960000,679624.70410170,0
2025-10-23 05:29:00,108761.9,108771.15,108761.9,108766.8,6.59665,1761197399999,717500.84748480,770,2.60413000,283234.66018490,0
2025-10-23 05:30:00,108766.79,108766.8,108760.27,108760.27,5.04492,1761197459999,548719.26702640,878,0.27549000,29964.13104560,0
2025-10-23 05:31:00,108760.28,108760.28,108760.27,108760.28,5.0772,1761197519999,552197.65678950,350,1.39455000,151671.64847400,0
2025-10-23 05:32:00,108760.28,108794.74,108728.73,108729.85,20.2926,1761197579999,2207233.36665730,1362,10.15197000,1104233.75363400,0
2025-10-23 05:33:00,108729.85,108759.07,108729.85,108739.55,3.68979,1761197639999,401222.42145810,1114,2.27937000,247847.33524960,0
2025-10-23 05:34:00,108739.54,108739.55,108731.57,108734.28,3.01184,1761197699999,327486.36448350,340,2.34223000,254676.15766950,0
2025-10-23 05:35:00,108734.28,108734.29,108714.07,108714.07,3.04036,1761197759999,330575.21054660,687,0.97355000,105856.71225800,0
2025-10-23 05:36:00,108714.07,108714.08,108714.07,108714.08,1.42046,1761197819999,154423.99050910,149,0.26369000,28666.81575520,0
2025-10-23 05:37:00,108714.08,108714.08,108714.07,108714.08,0.58911,1761197879999,64044.54771270,114,0.19350000,21036.17448000,0
2025-10-23 05:38:00,108714.08,108714.08,108712.53,108712.54,0.81141,1761197939999,88211.38273020,455,0.09719000,10565.87415200,0
2025-10-23 05:39:00,108712.54,108712.54,108690.07,108690.07,4.66977,1761197999999,507619.73706440,937,0.43998000,47828.76751160,0
2025-10-23 05:40:00,108690.08,108690.08,108664.66,108667.39,11.79995,1761198059999,1282296.07089970,1613,7.27348000,790383.95597460,0
2025-10-23 05:41:00,108667.38,108685.81,108667.38,108685.8,10.24876,1761198119999,1113819.68369480,780,8.52433000,926402.48458670,0
2025-10-23 05:42:00,108685.81,108693.35,108685.8,108693.35,2.12061,1761198179999,230494.58296190,326,0.42366000,46047.42289110,0
2025-10-23 05:43:00,108693.34,108693.35,108683.51,108684.4,12.68562,1761198239999,1378757.56721760,661,0.19333000,21012.24057050,0
2025-10-23 05:44:00,108684.4,108684.41,108658.13,108658.14,4.74289,1761198299999,515433.19153730,575,0.08802000,9565.47425770,0
2025-10-23 05:45:00,108658.14,108684.71,108651.13,108683.95,8.32058,1761198359999,904155.60784000,1114,6.06557000,659133.30254380,0
2025-10-23 05:46:00,108683.94,108708.0,108683.94,108707.99,12.23737,1761198419999,1330040.40170830,839,6.15401000,668874.73560400,0
2025-10-23 05:47:00,108707.99,108805.0,108707.99,108804.99,8.29102,1761198479999,901836.47988300,2387,7.23468000,786941.66958560,0
2025-10-23 05:48:00,108804.99,108805.0,108778.64,108779.91,23.27307,1761198539999,2532094.80698600,762,0.81503000,88672.03368480,0
2025-10-23 05:49:00,108779.92,108827.38,108779.92,108822.9,8.9021,1761198599999,968656.82819760,1505,5.95003000,647401.36047000,0
2025-10-23 05:50:00,108822.9,108822.9,108791.85,108811.99,11.05091,1761198659999,1202297.32551950,1105,9.46024000,1029229.28808290,0
2025-10-23 05:51:00,108811.98,108888.01,108811.98,108885.59,9.5539,1761198719999,1039958.05232230,2183,8.43707000,918394.31710630,0
2025-10-23 05:52:00,108885.59,108892.72,108868.28,108889.92,6.64281,1761198779999,723302.30409940,1189,3.50575000,381706.66290390,0
2025-10-23 05:53:00,108889.92,108889.92,108868.32,108872.51,6.68153,1761198839999,727459.75577680,1026,3.00569000,327227.89141390,0
2025-10-23 05:54:00,108872.71,108943.82,108872.7,108943.81,3.57631,1761198899999,389506.36476860,1574,3.23275000,352091.46030260,0
2025-10-23 05:55:00,108943.82,108943.82,108918.64,108918.64,3.1287,1761198959999,340798.94761670,1480,1.54354000,168124.81711990,0
2025-10-23 05:56:00,108918.63,108948.7,108909.39,108948.69,8.99053,1761199019999,979262.21298420,1561,3.64099000,396600.01392100,0
2025-10-23 05:57:00,108948.69,108974.53,108948.69,108966.72,6.08368,1761199079999,662900.63062430,2023,2.67825000,291812.12846680,0
2025-10-23 05:58:00,108966.73,108991.81,108966.72,108970.03,17.38655,1761199139999,1894706.70727070,1716,15.43174000,1681659.62222760,0
2025-10-23 05:59:00,108970.02,108970.02,108940.57,108940.58,6.706,1761199199999,730626.07188110,1434,4.01272000,437159.93879510,0
2025-10-23 06:00:00,108940.58,108959.12,108940.57,108956.73,7.82552,1761199259999,852615.61914490,1497,4.27267000,465511.16778380,0
2025-10-23 06:01:00,108956.74,108956.74,108938.72,108938.72,2.5765,1761199319999,280700.22578760,1369,1.08492000,118195.39093540,0
2025-10-23 06:02:00,108938.73,108938.73,108856.97,108860.49,16.75917,1761199379999,1825079.75800960,2279,0.94688000,103111.80172030,0
2025-10-23 06:03:00,108860.48,108860.49,108849.07,108854.1,9.68307,1761199439999,1054044.55515790,1185,4.60368000,501119.51322600,0
2025-10-23 06:04:00,108854.11,108889.9,108854.1,108887.74,3.98446,1761199499999,433774.80275780,1200,2.92591000,318518.17406650,0
2025-10-23 06:05:00,108887.75,108911.08,108887.74,108911.08,13.83565,1761199559999,1506727.08440320,1343,5.73404000,624408.71919990,0
2025-10-23 06:06:00,108911.08,108974.0,108911.07,108970.48,15.56163,1761199619999,1695598.07457020,2550,9.82120000,1070076.99615270,0
2025-10-23 06:07:00,108970.49,108970.49,108956.31,108970.49,8.93936,1761199679999,974045.93394560,782,7.29457000,794816.74974190,0
2025-10-23 06:08:00,108970.49,109052.63,108970.48,109035.44,27.7323,1761199739999,3023336.28867540,3950,21.32699000,2325006.41600380,0
2025-10-23 06:09:00,109035.44,109035.61,109010.54,109020.0,15.36734,1761199799999,1675370.92714110,1423,8.89394000,969571.89591450,0
2025-10-23 06:10:00,109019.99,109034.51,109019.98,109034.51,4.94161,1761199859999,538738.79038520,703,2.87171000,313075.71041120,0
2025-10-23 06:11:00,109034.51,109034.51,109009.1,109009.11,7.2542,1761199919999,790815.19055240,1395,2.03428000,221764.86426500,0
2025-10-23 06:12:00,109009.11,109009.11,108987.61,109006.93,8.92754,1761199979999,973071.13283840,1776,5.89966000,643018.18209130,0
2025-10-23 06:13:00,109006.93,109063.24,109006.93,109034.69,11.88552,1761200039999,1295987.11882340,1929,7.11104000,775336.18522020,0
2025-10-23 06:14:00,109034.68,109100.0,108960.0,109079.0,26.94762,1761200099999,2938031.54316980,4024,17.98600000,1960935.97429530,0
2025-10-23 06:15:00,109079.0,109761.88,109068.78,109565.67,276.6352,1761200159999,30291232.36002680,20808,178.83281000,19582970.14575830,0
2025-10-23 06:16:00,109565.68,109915.44,109565.67,109821.36,101.5516,1761200219999,11147794.71094670,12616,67.12418000,7368096.48959480,0
2025-10-23 06:17:00,109821.37,110000.0,109821.36,109983.2,66.70834,1761200279999,7332787.93915760,11768,36.61335000,4024449.61280460,0
2025-10-23 06:18:00,109983.2,110084.0,109893.81,109959.99,101.85149,1761200339999,11204346.76398000,14165,56.45607000,6210782.59413850,0
2025-10-23 06:19:00,109960.0,109960.0,109789.01,109855.29,44.004,1761200399999,4834066.89630320,7305,22.55505000,2477844.59762690,0
2025-10-23 06:20:00,109855.29,109951.17,109826.62,109835.15,25.55725,1761200459999,2807795.73703320,6358,10.96906000,1204997.98160790,0
2025-10-23 06:21:00,109835.15,109918.85,109750.0,109839.99,33.10349,1761200519999,3635695.71616950,6584,16.38722000,1799576.19392680,0
2025-10-23 06:22:00,109840.0,109999.0,109825.01,109998.99,23.22528,1761200579999,2552419.43264980,3586,16.95940000,1863885.29300990,0
2025-10-23 06:23:00,109998.99,110137.72,109983.25,110137.72,50.42328,1761200639999,5548491.63924210,7392,27.93669000,3073976.37379090,0
2025-10-23 06:24:00,110137.73,110188.38,109946.24,109968.21,45.66592,1761200699999,5028324.91695870,8736,26.33095000,2899793.84089370,0
2025-10-23 06:25:00,109968.21,110042.41,109968.2,110036.3,13.00313,1761200759999,1430613.17294100,2973,5.40610000,594760.00343100,0
2025-10-23 06:26:00,110036.3,110082.31,110000.0,110075.99,12.31279,1761200819999,1355003.13198530,6036,5.23895000,576445.97275460,0
2025-10-23 06:27:00,110075.98,110075.99,109923.08,109939.25,16.39167,1761200879999,1802780.71514330,4034,2.57124000,282736.14208410,0
2025-10-23 06:28:00,109939.25,109955.44,109881.32,109934.53,17.43867,1761200939999,1916920.24544800,3637,4.80200000,527802.37553440,0
2025-10-23 06:29:00,109934.54,109934.54,109881.05,109881.05,7.82073,1761200999999,859465.83708860,1817,2.79083000,306676.83624860,0
2025-10-23 06:30:00,109881.05,110031.21,109881.05,110019.0,21.18546,1761201059999,2329546.10223280,5221,15.45258000,1698953.83779870,0
2025-10-23 06:31:00,110019.01,110030.01,109845.87,109880.4,18.92077,1761201119999,2080486.99032280,6662,7.10393000,781126.17053400,0
2025-10-23 06:32:00,109880.4,109893.92,109846.35,109867.34,13.85685,1761201179999,1522477.07710640,2945,4.53252000,497987.56270510,0
2025-10-23 06:33:00,109867.34,109867.35,109793.24,109806.11,8.67308,1761201239999,952584.65041190,3679,3.74555000,411378.62518250,0
2025-10-23 06:34:00,109806.11,109824.84,109795.11,109796.87,7.94765,1761201299999,872691.45632670,1716,4.67647000,513472.48825790,0
2025-10-23 06:35:00,109796.87,109881.16,109778.08,109881.15,12.51602,1761201359999,1374762.47191770,4184,6.42176000,705501.02162550,0
2025-10-23 06:36:00,109881.15,109914.29,109855.44,109893.02,15.2681,1761201419999,1677722.58975410,2665,7.42406000,815785.86464630,0
2025-10-23 06:37:00,109893.02,109893.03,109856.37,109873.47,8.4568,1761201479999,929127.74528620,1840,6.00089000,659281.77960160,0
2025-10-23 06:38:00,109873.47,109970.79,109873.47,109950.0,11.38919,1761201539999,1252051.42382880,3095,8.65619000,951656.37142530,0
2025-10-23 06:39:00,109950.0,109950.01,109893.04,109894.8,10.35072,1761201599999,1137659.51447960,2106,5.49696000,604118.78866710,0
2025-10-23 06:40:00,109894.8,109957.19,109894.8,109957.19,7.30867,1761201659999,803450.01873580,1836,5.78108000,635510.17860080,0
2025-10-23 06:41:00,109957.18,110019.05,109957.18,110016.73,11.10944,1761201719999,1221894.07977100,3069,8.75093000,962470.33910150,0
2025-10-23 06:42:00,110016.74,110096.45,110016.73,110026.47,23.95549,1761201779999,2636337.71010440,3981,14.34465000,1578616.26007880,0
2025-10-23 06:43:00,110026.48,110033.01,109978.35,109980.48,8.72866,1761201839999,960184.01138670,2736,3.16247000,347848.47670930,0
2025-10-23 06:44:00,109980.48,110022.96,109980.48,110019.99,8.57343,1761201899999,943115.05725540,2136,4.79639000,527589.23612850,0
2025-10-23 06:45:00,110019.99,110095.64,110019.99,110095.64,13.82075,1761201959999,1521232.82813970,2534,9.82037000,1080889.78491950,0
2025-10-23 06:46:00,110095.65,110099.2,110069.2,110069.21,11.53789,1761202019999,1270189.12666440,2064,1.33866000,147359.89281890,0
2025-10-23 06:47:00,110069.2,110203.03,110069.2,110203.03,18.69349,1761202079999,2058922.48651810,3252,16.07532000,1770509.61897540,0
2025-10-23 06:48:00,110203.02,110204.65,110142.9,110157.22,19.69439,1761202139999,2169859.47329620,3990,10.45256000,1151581.71359020,0
2025-10-23 06:49:00,110157.21,110157.22,110079.53,110079.54,6.9325,1761202199999,763393.37857710,2433,0.94749000,104339.45228730,0
2025-10-23 06:50:00,110079.53,110137.81,110035.48,110137.81,8.34418,1761202259999,918464.95079270,3830,5.83429000,642231.66834120,0
2025-10-23 06:51:00,110137.8,110207.16,110110.96,110198.97,19.43651,1761202319999,2141066.08251370,3750,9.18670000,1012002.98731400,0
2025-10-23 06:52:00,110198.97,110298.29,110185.93,110185.93,36.03574,1761202379999,3972590.18607380,6399,14.52382000,1601295.69838950,0
2025-10-23 06:53:00,110185.93,110214.0,110163.19,110174.72,12.36426,1761202439999,1362324.64306020,3159,5.78893000,637818.74824180,0
2025-10-23 06:54:00,110174.72,110205.82,110132.01,110132.01,13.57374,1761202499999,1495554.85495050,3252,1.85821000,204755.50210620,0
2025-10-23 06:55:00,110132.02,110142.24,110028.0,110142.0,34.67614,1761202559999,3817698.85461580,6010,13.04660000,1436197.81474520,0
2025-10-23 06:56:00,110141.99,110190.51,110134.97,110167.72,32.99314,1761202619999,3634507.74762530,4302,20.30930000,2237169.28849640,0
2025-10-23 06:57:00,110167.73,110167.73,110144.71,110144.72,12.56642,1761202679999,1384221.35602960,1424,1.85512000,204343.08212160,0
2025-10-23 06:58:00,110144.71,110200.01,110144.71,110200.0,4.44675,1761202739999,489933.45379640,1423,2.53367000,279151.12806660,0
2025-10-23 06:59:00,110200.01,110267.49,110200.0,110246.94,21.03184,1761202799999,2318792.33437010,2497,14.20480000,1566014.02690960,0
2025-10-23 07:00:00,110246.93,110273.48,110162.03,110162.03,13.55063,1761202859999,1493501.20855160,4513,3.21776000,354723.21851940,0
2025-10-23 07:01:00,110162.03,110162.04,110056.58,110056.59,23.08821,1761202919999,2542083.02788670,4192,5.38309000,592529.80199880,0
2025-10-23 07:02:00,110056.58,110074.0,110007.45,110073.99,15.73534,1761202979999,1731380.55457130,4040,8.60408000,946624.10921730,0
2025-10-23 07:03:00,110073.99,110074.0,109951.14,109951.14,66.17638,1761203039999,7279021.82988110,4415,25.66259000,2822432.10022290,0
2025-10-23 07:04:00,109951.14,109975.07,109917.07,109975.07,31.04494,1761203099999,3413027.11422710,3486,5.83736000,641813.51102090,0
2025-10-23 07:05:00,109975.07,110085.99,109975.06,110050.38,46.53313,1761203159999,5120926.79321530,3774,32.69664000,3597997.09737640,0
2025-10-23 07:06:00,110050.38,110095.62,110050.38,110083.74,21.2735,1761203219999,2341827.78764280,2449,3.66456000,403366.80033750,0
2025-10-23 07:07:00,110083.73,110088.69,110044.32,110044.32,17.06794,1761203279999,1878671.94962110,1391,4.91655000,541180.07574690,0
2025-10-23 07:08:00,110044.33,110086.96,109953.75,109957.46,43.21491,1761203339999,4755133.43069190,4147,6.96578000,766494.10532210,0
2025-10-23 07:09:00,109957.47,110003.01,109952.7,109980.01,11.22777,1761203399999,1234800.40940750,2225,4.71169000,518135.38867100,0
2025-10-23 07:10:00,109980.01,109980.01,109917.08,109918.68,19.42805,1761203459999,2136019.85218650,2979,3.36707000,370132.04334480,0
2025-10-23 07:11:00,109918.68,109918.69,109875.82,109884.64,13.03168,1761203519999,1432246.23887440,1889,0.96616000,106171.45164810,0
2025-10-23 07:12:00,109884.65,109950.79,109884.64,109950.78,13.19215,1761203579999,1450056.27662630,1532,9.27412000,1019356.28720280,0
2025-10-23 07:13:00,109950.78,109950.78,109857.05,109857.05,14.17555,1761203639999,1557947.39643390,2036,1.47111000,161674.29610310,0
2025-10-23 07:14:00,109857.05,109868.05,109770.43,109795.05,32.54951,1761203699999,3574542.70876410,3725,8.32296000,913917.20690650,0
2025-10-23 07:15:00,109795.04,109795.05,109748.88,109781.71,15.49251,1761203759999,1700531.93794600,3739,8.07472000,886297.37903370,0
2025-10-23 07:16:00,109781.71,109865.28,109781.71,109865.28,12.87282,1761203819999,1413771.83981080,2280,9.28831000,1020114.09308090,0
2025-10-23 07:17:00,109865.28,109875.82,109832.48,109832.48,4.56076,1761203879999,501013.75168060,1851,1.45682000,160029.32169890,0
2025-10-23 07:18:00,109832.49,109866.41,109832.48,109845.72,4.17813,1761203939999,458942.54116710,827,2.13220000,234212.93203440,0
2025-10-23 07:19:00,109845.72,109845.73,109750.48,109750.48,10.73437,1761203999999,1178589.48285240,3941,0.44621000,48991.66898920,0
2025-10-23 07:20:00,109750.48,109814.97,109749.9,109800.91,13.28712,1761204059999,1458568.28833540,1884,8.72260000,957508.11646070,0
2025-10-23 07:21:00,109800.9,109818.67,109750.0,109753.98,11.72717,1761204119999,1287406.95977160,1647,3.06265000,336149.49672580,0
2025-10-23 07:22:00,109753.97,109772.97,109741.88,109741.88,15.11572,1761204179999,1659008.10329500,2184,8.84671000,971013.55362550,0
2025-10-23 07:23:00,109741.88,109741.89,109589.4,109589.4,28.05932,1761204239999,3077067.11226630,6130,6.07236000,665870.13475210,0
2025-10-23 07:24:00,109589.41,109589.41,109387.34,109434.8,63.05048,1761204299999,6902376.28019540,11822,21.72990000,2378520.39368080,0
2025-10-23 07:25:00,109434.8,109459.63,109421.39,109448.52,35.20203,1761204359999,3852681.12583510,3650,26.62991000,2914496.46362030,0
2025-10-23 07:26:00,109448.53,109498.53,109433.44,109444.95,28.1238,1761204419999,3078780.98304630,2806,21.76996000,2383201.61227500,0
2025-10-23 07:27:00,109444.95,109521.97,109443.97,109501.25,13.93622,1761204479999,1525926.11347280,1926,9.29277000,1017432.44619080,0
2025-10-23 07:28:00,109501.25,109518.18,109482.46,109513.79,4.3372,1761204539999,474945.29254480,1094,0.86512000,94731.88689050,0
2025-10-23 07:29:00,109513.79,109560.41,109513.78,109546.35,5.9452,1761204599999,651242.43210410,2098,3.56489000,390486.16513050,0
2025-10-23 07:30:00,109546.35,109605.0,109546.35,109586.5,11.23438,1761204659999,1231083.65767080,3385,7.09229000,777159.15339730,0
2025-10-23 07:31:00,109586.49,109596.08,109492.06,109529.34,13.15922,1761204719999,1441661.99191640,3625,4.19855000,460003.69955960,0
2025-10-23 07:32:00,109529.33,109564.0,109506.0,109545.35,9.06822,1761204779999,993283.30212160,2121,6.36319000,696996.86408710,0
2025-10-23 07:33:00,109545.35,109545.35,109452.74,109471.68,8.73817,1761204839999,956556.19209610,2843,1.91046000,209123.53903550,0
2025-10-23 07:34:00,109471.68,109479.99,109454.07,109466.68,3.44147,1761204899999,376727.46586750,1252,1.77814000,194636.80950410,0
2025-10-23 07:35:00,109466.68,109479.98,109453.29,109455.15,3.62437,1761204959999,396739.22704760,1214,1.63246000,178684.72211020,0
2025-10-23 07:36:00,109456.01,109456.03,109400.0,109400.0,9.61235,1761205019999,1051806.45401380,2249,1.16999000,128029.84570100,0
2025-10-23 07:37:00,109400.01,109400.01,109314.94,109326.34,8.91676,1761205079999,975021.50582100,3368,2.96916000,324613.47478590,0
2025-10-23 07:38:00,109326.33,109334.57,109270.0,109287.05,12.80665,1761205139999,1399845.11317240,5592,3.47341000,379652.18751720,0
2025-10-23 07:39:00,109287.05,109306.23,109278.29,109287.14,2.7391,1761205199999,299359.72014300,1454,0.45814000,50069.69751410,0
2025-10-23 07:40:00,109287.13,109334.57,109280.11,109280.12,5.84328,1761205259999,638774.80782090,2159,2.62545000,287005.90206890,0
2025-10-23 07:41:00,109280.11,109295.7,109207.75,109257.0,23.0846,1761205319999,2521925.27455020,4129,4.96713000,542619.50173880,0
2025-10-23 07:42:00,109256.99,109369.57,109256.99,109369.57,28.14867,1761205379999,3077928.77825320,2423,24.24061000,2650555.97555170,0
2025-10-23 07:43:00,109369.57,109393.49,109369.56,109384.2,6.23459,1761205439999,681999.70499960,1914,3.38408000,370183.01905260,0
2025-10-23 07:44:00,109384.19,109453.24,109384.19,109422.7,31.70516,1761205499999,3468956.57546700,2832,28.17383000,3082534.41358090,0
2025-10-23 07:45:00,109422.7,109546.45,109422.7,109514.99,28.5833,1761205559999,3129802.27077700,3385,24.84955000,2720944.38258030,0
2025-10-23 07:46:00,109514.98,109547.75,109486.45,109527.4,12.52312,1761205619999,1371432.30566180,1914,7.99045000,875048.32569750,0
2025-10-23 07:47:00,109527.4,109527.41,109466.62,109497.4,16.51116,1761205679999,1807644.25608360,2359,0.74950000,82054.96628860,0
2025-10-23 07:48:00,109497.39,109536.8,109462.78,109462.79,4.33288,1761205739999,474450.21030000,2431,0.64257000,70363.92169280,0
2025-10-23 07:49:00,109462.78,109546.2,109461.51,109461.51,12.79334,1761205799999,1401099.66389340,3700,6.65905000,729317.22692410,0
2025-10-23 07:50:00,109461.51,109461.51,109411.76,109419.26,8.0288,1761205859999,878614.05807270,2054,4.11462000,450238.53818780,0
2025-10-23 07:51:00,109419.25,109420.0,109360.0,109419.99,11.43196,1761205919999,1250439.68020200,2190,4.60490000,503678.78463960,0
2025-10-23 07:52:00,109419.99,109427.55,109390.52,109425.15,3.57365,1761205979999,391007.23045470,1878,0.85125000,93134.23679690,0
2025-10-23 07:53:00,109425.15,109425.15,109349.13,109349.13,3.91226,1761206039999,427889.89529830,2555,1.30308000,142513.15426700,0
2025-10-23 07:54:00,109349.13,109354.43,109270.65,109270.66,12.66569,1761206099999,1384596.28921510,3045,1.54014000,168348.50271400,0
2025-10-23 07:55:00,109270.65,109281.59,109225.6,109264.01,16.462,1761206159999,1798412.31596550,3515,9.05259000,988907.43969670,0
2025-10-23 07:56:00,109264.01,109335.26,109264.0,109332.09,14.04231,1761206219999,1534859.62938890,2213,10.44383000,1141480.19890600,0
2025-10-23 07:57:00,109332.09,109332.09,109305.66,109322.17,9.34613,1761206279999,1021655.61368320,1643,5.26689000,575734.78926820,0
2025-10-23 07:58:00,109322.18,109322.18,109223.01,109253.07,13.32243,1761206339999,1455718.43593200,3379,2.85558000,311974.30639430,0
2025-10-23 07:59:00,109253.08,109269.91,109235.07,109269.9,5.41997,1761206399999,592137.57866460,1299,1.73678000,189740.81858840,0
2025-10-23 08:00:00,109269.9,109309.6,109245.48,109309.6,12.63667,1761206459999,1380775.79394920,2573,7.44124000,813085.37814740,0
2025-10-23 08:01:00,109309.59,109367.07,109309.59,109367.06,14.7415,1761206519999,1611867.76722460,3073,6.62465000,724338.82935250,0
2025-10-23 08:02:00,109367.06,109500.37,109367.06,109500.37,41.77833,1761206579999,4572887.29988780,3097,33.21699000,3635966.22791470,0
2025-10-23 08:03:00,109500.36,109552.66,109492.32,109492.33,51.07504,1761206639999,5593442.83816420,3170,12.19458000,1335612.35111660,0
2025-10-23 08:04:00,109492.33,109543.27,109454.52,109509.33,15.37596,1761206699999,1683415.43491690,3189,6.83484000,748314.87164880,0
2025-10-23 08:05:00,109509.32,109646.37,109498.39,109624.19,37.88709,1761206759999,4151772.42957090,6395,27.51126000,3014607.20838790,0
2025-10-23 08:06:00,109624.2,109680.35,109600.0,109654.15,54.86372,1761206819999,6016096.35706380,4097,21.21921000,2326360.03840500,0
2025-10-23 08:07:00,109654.15,109676.62,109637.96,109649.03,39.19245,1761206879999,4297846.50435480,2996,21.80758000,2391278.59732560,0
2025-10-23 08:08:00,109649.04,109708.9,109620.0,109638.68,14.54176,1761206939999,1594549.22967440,4531,4.42630000,485310.47956420,0
2025-10-23 08:09:00,109638.68,109646.78,109586.4,109646.78,53.86715,1761206999999,5904846.70916740,2971,8.52868000,934815.85836630,0
2025-10-23 08:10:00,109646.78,109718.31,109646.78,109718.31,9.64914,1761207059999,1058453.22099970,1683,5.62500000,617008.41630410,0
2025-10-23 08:11:00,109718.31,109718.31,109664.45,109681.66,11.56182,1761207119999,1268176.40830570,3672,5.57093000,611026.36363770,0
2025-10-23 08:12:00,109681.66,109702.98,109675.56,109701.67,6.72497,1761207179999,737656.28441550,2324,3.28196000,359988.05125280,0
2025-10-23 08:13:00,109701.67,109712.15,109675.9,109705.54,5.97935,1761207239999,655935.89532340,2399,3.41279000,374374.55990000,0
2025-10-23 08:14:00,109705.54,109762.54,109705.54,109718.98,8.64746,1761207299999,948978.04598750,3610,5.27294000,578639.37024520,0
2025-10-23 08:15:00,109718.99,109718.99,109654.33,109673.7,7.30386,1761207359999,801072.78804610,2844,2.79317000,306324.56061800,0
2025-10-23 08:16:00,109673.7,109761.2,109673.7,109728.02,7.66668,1761207419999,841238.69068630,2565,4.87213000,534540.29946160,0
2025-10-23 08:17:00,109728.02,109798.35,109715.16,109798.34,9.8603,1761207479999,1082255.43077140,2572,8.41961000,924119.31355680,0
2025-10-23 08:18:00,109798.35,109859.99,109798.35,109859.98,8.92538,1761207539999,980300.04671640,2716,5.38324000,591231.49472680,0
2025-10-23 08:19:00,109859.98,109903.83,109768.0,109787.65,29.22805,1761207599999,3209801.95471740,5496,8.69535000,955164.21729770,0
2025-10-23 08:20:00,109787.66,109876.0,109781.14,109811.27,8.68206,1761207659999,953605.16625940,5167,5.61610000,616833.20343270,0
2025-10-23 08:21:00,109811.28,109811.28,109772.0,109772.0,2.88365,1761207719999,316588.08424570,1733,0.45897000,50388.61808880,0
2025-10-23 08:22:00,109772.0,109776.58,109693.42,109776.57,19.94095,1761207779999,2188163.94979740,5526,3.46467000,380170.30365970,0
2025-10-23 08:23:00,109776.58,109797.64,109753.46,109772.15,5.79685,1761207839999,636345.49418130,2183,3.42056000,375477.59240380,0
2025-10-23 08:24:00,109772.14,109772.15,109714.92,109750.6,4.58953,1761207899999,503654.97513620,2132,2.57799000,282888.83061930,0
2025-10-23 08:25:00,109750.6,109750.6,109687.03,109721.49,9.04023,1761207959999,991863.36789220,2264,2.51539000,275952.67486140,0
2025-10-23 08:26:00,109721.48,109721.49,109663.95,109680.41,5.6069,1761208019999,615015.69351580,2365,2.13890000,234579.18218870,0
2025-10-23 08:27:00,109680.42,109717.19,109663.97,109717.18,7.78702,1761208079999,854113.70792980,2053,5.96712000,654497.51288950,0
2025-10-23 08:28:00,109717.19,109751.14,109717.18,109751.13,3.04031,1761208139999,333623.30681770,1408,1.42307000,156149.96363530,0
2025-10-23 08:29:00,109751.13,109804.65,109751.13,109782.67,7.33547,1761208199999,805345.82535240,3009,3.40741000,374053.08433530,0
2025-10-23 08:30:00,109782.66,109803.05,109730.83,109730.83,2.41497,1761208259999,265071.71681750,2051,0.72131000,79170.70067820,0
2025-10-23 08:31:00,109730.83,109779.1,109727.17,109745.77,14.2462,1761208319999,1563699.07306940,3119,2.39513000,262890.19920610,0
2025-10-23 08:32:00,109745.77,109749.26,109722.19,109738.61,1.5554,1761208379999,170671.08309700,1196,0.77830000,85402.31842080,0
2025-10-23 08:33:00,109738.61,109770.58,109726.67,109728.47,8.41687,1761208439999,923788.19975610,1763,1.51618000,166373.14468500,0
2025-10-23 08:34:00,109728.47,109755.0,109728.47,109755.0,3.87674,1761208499999,425408.18561510,1450,0.62535000,68623.12412670,0
2025-10-23 08:35:00,109754.99,109755.0,109680.06,109680.06,6.08363,1761208559999,667503.38379670,2891,1.06424000,116754.94167440,0
2025-10-23 08:36:00,109680.07,109681.81,109651.73,109661.02,6.00868,1761208619999,658962.21701040,3478,3.18986000,349809.64034170,0
2025-10-23 08:37:00,109661.01,109661.01,109567.3,109567.31,23.43111,1761208679999,2567968.43897460,3513,2.74442000,300760.48402000,0
2025-10-23 08:38:00,109567.31,109567.31,109459.78,109459.78,22.00098,1761208739999,2409207.11811170,4013,3.57593000,391493.38307690,0
2025-10-23 08:39:00,109459.78,109554.03,109459.78,109554.02,6.41506,1761208799999,702472.46276990,3263,3.68213000,403202.52067780,0
2025-10-23 08:40:00,109554.02,109560.59,109519.63,109555.23,5.82508,1761208859999,638110.06690040,1608,2.64046000,289227.81355220,0
2025-10-23 08:41:00,109555.22,109594.01,109540.0,109584.81,7.67649,1761208919999,841127.88345110,2217,4.40489000,482618.94664910,0
2025-10-23 08:42:00,109584.8,109598.78,109540.29,109540.3,4.20813,1761208979999,461102.72764300,1479,0.87567000,95940.40056390,0
2025-10-23 08:43:00,109540.29,109551.93,109505.5,109551.92,4.15052,1761209039999,454584.26763350,2023,1.38838000,152074.34066500,0
2025-10-23 08:44:00,109551.92,109599.99,109551.92,109585.1,2.7819,1761209099999,304857.34966270,2000,1.66443000,182390.83279550,0
2025-10-23 08:45:00,109585.1,109625.84,109585.1,109600.0,4.87125,1761209159999,533959.50747230,1725,1.51931000,166532.67968080,0
2025-10-23 08:46:00,109600.01,109613.97,109594.97,109594.98,5.78268,1761209219999,633819.06397470,1085,4.46506000,489396.60089660,0
2025-10-23 08:47:00,109594.97,109655.74,109594.97,109615.85,6.87784,1761209279999,754038.36103110,2578,5.22242000,572527.04240890,0
2025-10-23 08:48:00,109615.85,109646.44,109609.23,109646.43,4.68537,1761209339999,513585.90916770,1068,4.26146000,467116.98111740,0
2025-10-23 08:49:00,109646.44,109682.21,109646.43,109682.21,3.22872,1761209399999,354068.55740720,918,3.03889000,333250.34090000,0
2025-10-23 08:50:00,109682.2,109699.63,109604.46,109619.58,7.13988,1761209459999,782956.66757860,2987,2.57928000,282873.30294760,0
2025-10-23 08:51:00,109619.59,109655.36,109619.59,109649.96,5.4111,1761209519999,593253.48270660,1768,3.40072000,372818.34918010,0
2025-10-23 08:52:00,109649.97,109649.97,109622.03,109646.72,0.92834,1761209579999,101779.73866420,1337,0.45145000,49493.80750670,0
2025-10-23 08:53:00,109646.72,109668.08,109606.83,109606.84,11.25246,1761209639999,1233926.81509170,1960,0.45914000,50343.02967570,0
2025-10-23 08:54:00,109606.84,109606.84,109540.31,109540.32,9.78804,1761209699999,1072352.09764350,1218,3.38256000,370575.69636800,0
2025-10-23 08:55:00,109540.32,109540.32,109386.55,109413.64,21.1194,1761209759999,2311610.93111880,4760,5.34263000,584588.26537820,0
2025-10-23 08:56:00,109413.63,109459.76,109413.63,109459.76,4.26885,1761209819999,467188.48896110,1253,2.93159000,320847.50855940,0
2025-10-23 08:57:00,109459.76,109510.04,109459.75,109484.21,10.86007,1761209879999,1189075.23259450,1910,3.95897000,433476.76614720,0
2025-10-23 08:58:00,109484.21,109520.4,109484.21,109520.39,2.53326,1761209939999,277412.28687460,1027,1.45233000,159040.34567880,0
2025-10-23 08:59:00,109520.4,109520.4,109491.21,109505.44,3.36804,1761209999999,368800.28678980,826,1.88642000,206549.26955040,0
2025-10-23 09:00:00,109505.45,109507.12,109467.11,109468.49,6.52026,1761210059999,713892.08857180,1717,1.94735000,213194.80647270,0
2025-10-23 09:01:00,109468.48,109520.4,109468.48,109520.4,2.10749,1761210119999,230747.68496950,1112,0.92554000,101334.13684100,0
2025-10-23 09:02:00,109520.39,109520.4,109490.32,109517.37,2.55377,1761210179999,279661.08045120,1251,1.31204000,143681.52353670,0
2025-10-23 09:03:00,109517.37,109545.76,109454.78,109454.78,3.63442,1761210239999,397968.30261410,2683,0.96474000,105643.21470550,0
2025-10-23 09:04:00,109454.78,109454.78,109368.95,109368.96,17.41181,1761210299999,1904734.56054190,4348,5.46490000,597817.67990600,0
2025-10-23 09:05:00,109368.96,109390.91,109355.5,109384.29,5.02235,1761210359999,549275.93924350,1945,1.45251000,158855.34084760,0
2025-10-23 09:06:00,109384.29,109424.49,109384.29,109393.44,5.86039,1761210419999,641165.36489270,1314,4.63135000,506691.22432970,0
2025-10-23 09:07:00,109393.44,109440.0,109385.66,109385.66,5.55901,1761210479999,608302.22982740,1584,0.94146000,103011.28963960,0
2025-10-23 09:08:00,109385.66,109385.67,109270.0,109349.69,35.4896,1761210539999,3879903.99778500,3741,7.41107000,810041.17978480,0
2025-10-23 09:09:00,109349.7,109378.16,109349.69,109378.15,2.94641,1761210599999,322212.81477370,780,2.22814000,243665.24820630,0
2025-10-23 09:10:00,109378.16,109381.61,109301.17,109301.18,5.82835,1761210659999,637321.11599090,2425,1.57496000,172220.67110450,0
2025-10-23 09:11:00,109301.17,109301.18,109180.97,109243.18,24.29727,1761210719999,2653977.21396140,6216,4.80030000,524271.54656940,0
2025-10-23 09:12:00,109243.18,109257.98,109196.0,109233.09,8.68359,1761210779999,948608.47667060,2399,2.82420000,308499.97097710,0
2025-10-23 09:13:00,109233.1,109257.98,109233.09,109252.48,9.43712,1761210839999,1030953.29756580,1173,5.45853000,596270.08833530,0
2025-10-23 09:14:00,109252.47,109252.48,109138.0,109138.01,28.01099,1761210899999,3058278.19818500,3991,3.32316000,362802.29848220,0
2025-10-23 09:15:00,109138.01,109251.26,109138.01,109202.42,14.00091,1761210959999,1528983.66743200,2672,7.68797000,839385.98598980,0
2025-10-23 09:16:00,109202.42,109233.61,109123.01,109189.19,40.37017,1761211019999,4406989.23627780,3305,16.31631000,1781110.61255340,0
2025-10-23 09:17:00,109189.2,109282.82,109189.19,109281.24,16.6712,1761211079999,1821452.53069310,1533,13.92994000,1521978.15147660,0
2025-10-23 09:18:00,109281.24,109318.91,109260.0,109318.9,7.45677,1761211139999,814843.28086660,1459,5.53862000,605247.12712510,0
2025-10-23 09:19:00,109318.91,109338.45,109271.96,109305.0,2.94684,1761211199999,322130.73232440,2107,0.62902000,68751.13733840,0
2025-10-23 09:20:00,109304.99,109342.12,109287.02,109287.03,4.77857,1761211259999,522400.71926990,1994,2.34592000,256462.90455420,0
2025-10-23 09:21:00,109287.03,109296.09,109251.34,109266.71,16.87389,1761211319999,1843983.19749680,2366,12.69914000,1387794.69372680,0
2025-10-23 09:22:00,109266.71,109343.3,109266.7,109331.0,8.3413,1761211379999,911718.16719860,1531,6.48504000,708774.97306720,0
2025-10-23 09:23:00,109331.01,109347.48,109287.13,109347.47,13.79761,1761211439999,1508431.15060860,1863,11.13102000,1216911.20737880,0
2025-10-23 09:24:00,109347.48,109348.08,109325.49,109348.07,7.11979,1761211499999,778494.79097980,1181,5.30609000,580181.28176770,0
2025-10-23 09:25:00,109348.08,109428.0,109348.07,109396.6,22.34541,1761211559999,2444614.74598430,4196,8.88378000,971693.75276020,0
2025-10-23 09:26:00,109396.59,109396.6,109360.0,109360.01,6.8033,1761211619999,744134.90595810,2033,2.99498000,327587.04484530,0
2025-10-23 09:27:00,109360.01,109380.24,109360.0,109367.11,1.90853,1761211679999,208742.05278800,624,0.86413000,94510.28457450,0
2025-10-23 09:28:00,109367.11,109375.52,109357.12,109375.51,5.48057,1761211739999,599404.41704020,1167,2.20570000,241228.55531530,0
2025-10-23 09:29:00,109375.51,109429.42,109375.51,109429.41,5.54936,1761211799999,607128.87369080,1047,4.01603000,439364.29185860,0
2025-10-23 09:30:00,109429.41,109439.98,109390.0,109390.0,12.13116,1761211859999,1327485.72567890,2473,8.35739000,914522.79403410,0
2025-10-23 09:31:00,109390.01,109419.8,109390.0,109398.53,2.8075,1761211919999,307157.65687610,1378,1.34244000,146879.28337040,0
2025-10-23 09:32:00,109398.53,109398.54,109377.8,109389.28,3.30385,1761211979999,361401.15591330,983,1.36834000,149683.54806040,0
2025-10-23 09:33:00,109389.28,109407.5,109380.05,109401.55,3.53914,1761212039999,387146.50286570,828,1.49300000,163319.94535450,0
2025-10-23 09:34:00,109401.55,109438.42,109401.55,109435.31,3.05247,1761212099999,334009.91007060,1539,1.40402000,153617.19468970,0
2025-10-23 09:35:00,109435.32,109438.31,109435.31,109438.31,1.07509,1761212159999,117653.60624360,501,0.82582000,90374.26791660,0
2025-10-23 09:36:00,109438.3,109438.31,109406.54,109415.29,3.29218,1761212219999,360221.83286310,1223,1.14690000,125484.75174240,0
2025-10-23 09:37:00,109415.28,109417.48,109410.48,109410.49,4.44698,1761212279999,486563.97207990,735,1.90647000,208594.37164450,0
2025-10-23 09:38:00,109410.48,109410.49,109400.01,109400.02,7.10023,1761212339999,776777.90237950,1311,3.16940000,346737.74175590,0
2025-10-23 09:39:00,109400.01,109400.02,109356.01,109368.94,4.86158,1761212399999,531784.04167020,1616,0.86224000,94302.04131080,0
2025-10-23 09:40:00,109368.94,109390.8,109367.24,109386.42,2.69326,1761212459999,294592.19435200,938,2.16529000,236838.95112130,0
2025-10-23 09:41:00,109386.42,109386.43,109345.1,109382.0,4.78581,1761212519999,523363.94255040,2011,2.52176000,275770.28351290,0
2025-10-23 09:42:00,109382.0,109400.0,109381.99,109400.0,1.60162,1761212579999,175195.16111420,669,1.03288000,112982.79403810,0
2025-10-23 09:43:00,109400.0,109404.45,109400.0,109404.45,1.42643,1761212639999,156057.10852880,278,1.13091000,123725.90842000,0
2025-10-23 09:44:00,109404.44,109404.45,109377.63,109377.64,4.69452,1761212699999,513534.07813770,1019,0.66842000,73116.07744910,0
2025-10-23 09:45:00,109377.63,109377.64,109352.94,109352.94,4.74021,1761212759999,518420.97914630,646,1.09442000,119678.62958150,0
2025-10-23 09:46:00,109352.94,109352.94,109324.32,109324.32,3.44863,1761212819999,377079.66534420,858,0.62458000,68291.53003460,0
2025-10-23 09:47:00,109324.32,109332.44,109313.84,109332.44,2.35427,1761212879999,257384.98796250,1695,1.21054000,132345.93225780,0
2025-10-23 09:48:00,109332.44,109332.44,109313.84,109313.85,3.20534,1761212939999,350431.48178340,758,0.65087000,71158.36900310,0
2025-10-23 09:49:00,109313.85,109355.51,109302.54,109302.54,11.6831,1761212999999,1277277.43148180,2163,2.65838000,290609.47803000,0
2025-10-23 09:50:00,109302.55,109368.96,109302.54,109368.96,7.57684,1761213059999,828537.14575910,2815,1.89029000,206680.96162900,0
2025-10-23 09:51:00,109368.95,109430.0,109368.95,109387.32,10.07616,1761213119999,1102184.29061890,3674,2.69325000,294619.99817070,0
2025-10-23 09:52:00,109387.32,109389.57,109350.11,109387.0,4.82619,1761213179999,527871.05644700,2349,2.91935000,319305.38250870,0
2025-10-23 09:53:00,109387.01,109387.01,109377.38,109386.69,3.345,1761213239999,365870.97128130,716,2.91288000,318604.21434660,0
2025-10-23 09:54:00,109386.68,109423.16,109386.68,109423.16,2.6504,1761213299999,289957.92871980,1218,2.11360000,231228.05270620,0
2025-10-23 09:55:00,109423.15,109434.99,109411.1,109411.1,5.14445,1761213359999,562961.35435280,1067,1.08531000,118758.84180770,0
2025-10-23 09:56:00,109411.1,109467.88,109375.27,109462.93,17.22439,1761213419999,1884364.43338500,2651,10.41124000,1139048.94792280,0
2025-10-23 09:57:00,109462.92,109473.87,109460.15,109460.15,5.36977,1761213479999,587813.66542100,1208,1.03883000,113718.02938190,0
2025-10-23 09:58:00,109460.15,109497.37,109460.15,109463.17,11.06327,1761213539999,1211197.79073640,3431,7.18232000,786303.17513410,0
2025-10-23 09:59:00,109463.16,109463.17,109411.51,109426.99,11.75283,1761213599999,1286131.20192810,5935,3.45230000,377780.04984410,0
2025-10-23 10:00:00,109427.0,109482.0,109426.99,109450.87,5.4439,1761213659999,595895.01157600,1827,3.36618000,368447.28489160,0
2025-10-23 10:01:00,109450.86,109497.91,109450.86,109497.45,17.64922,1761213719999,1932153.30390990,1833,10.79240000,1181474.13782180,0
2025-10-23 10:02:00,109497.45,109557.91,109491.68,109557.9,8.6148,1761213779999,943591.46345680,2854,5.21537000,571241.13970330,0
2025-10-23 10:03:00,109557.9,109557.91,109516.81,109516.81,7.61795,1761213839999,834452.38450320,1958,1.22136000,133787.07990870,0
2025-10-23 10:04:00,109516.81,109528.62,109491.48,109491.48,4.50634,1761213899999,493496.63134260,3147,1.36395000,149367.00483930,0
2025-10-23 10:05:00,109491.48,109491.48,109480.51,109481.97,2.59386,1761213959999,283988.37640390,1216,1.45670000,159486.71042900,0
2025-10-23 10:06:00,109481.98,109481.98,109462.25,109462.25,2.88869,1761214019999,316227.84052060,923,1.10946000,121452.59952240,0
2025-10-23 10:07:00,109462.24,109462.24,109405.39,109444.27,7.82499,1761214079999,856353.08497840,4861,1.35364000,148125.85538370,0
2025-10-23 10:08:00,109444.27,109556.65,109443.86,109556.62,8.79034,1761214139999,962467.28447790,3213,6.77901000,742265.00849110,0
2025-10-23 10:09:00,109556.62,109556.63,109508.04,109513.09,7.74458,1761214199999,848199.04491420,1994,3.14020000,343895.86821670,0
2025-10-23 10:10:00,109513.09,109513.1,109449.03,109479.42,19.73173,1761214259999,2160096.86891520,4954,2.15660000,236075.13152040,0
2025-10-23 10:11:00,109479.42,109512.34,109479.42,109512.34,7.04966,1761214319999,771936.62409630,2042,2.51682000,275574.87258070,0
2025-10-23 10:12:00,109512.33,109546.43,109512.33,109538.25,4.69744,1761214379999,514530.31708110,2511,3.65798000,400665.10754750,0
2025-10-23 10:13:00,109538.25,109557.94,109538.25,109557.93,3.59346,1761214439999,393660.12557320,1748,2.21846000,243030.08448970,0
2025-10-23 10:14:00,109557.94,109583.1,109557.93,109583.1,4.19944,1761214499999,460123.64970370,798,3.51768000,385417.38776980,0
2025-10-23 10:15:00,109583.09,109617.81,109561.07,109603.97,5.88017,1761214559999,644404.86557860,2010,2.42049000,265260.76945930,0
2025-10-23 10:16:00,109603.97,109668.27,109603.97,109668.26,10.28278,1761214619999,1127443.91867940,2323,9.38051000,1028511.37050930,0
2025-10-23 10:17:00,109668.26,109701.9,109629.52,109629.52,13.28915,1761214679999,1457539.70264870,3453,6.21640000,681769.71404460,0
2025-10-23 10:18:00,109629.53,109686.99,109629.53,109686.99,4.21777,1761214739999,462551.46214000,2414,2.35411000,258154.47989630,0
2025-10-23 10:19:00,109686.98,109686.99,109677.05,109677.06,1.85942,1761214799999,203943.40045780,1163,0.75985000,83338.86168460,0
2025-10-23 10:20:00,109677.05,109677.06,109629.05,109629.06,7.41385,1761214859999,812896.18675320,1863,3.42377000,375371.55272460,0
2025-10-23 10:21:00,109629.05,109629.06,109610.09,109610.1,1.85264,1761214919999,203078.30100680,785,0.29096000,31895.88830080,0
2025-10-23 10:22:00,109610.09,109651.02,109610.09,109633.15,6.61797,1761214979999,725571.43193830,1665,3.17522000,348083.84111240,0
2025-10-23 10:23:00,109633.15,109635.89,109624.6,109624.61,1.97362,1761215039999,216368.69175970,731,0.72734000,79735.93815970,0
2025-10-23 10:24:00,109624.6,109624.61,109569.93,109569.93,14.0438,1761215099999,1539160.35871410,1822,1.24050000,135951.87404840,0
2025-10-23 10:25:00,109569.93,109569.94,109533.99,109534.0,15.32356,1761215159999,1678697.57933060,2002,2.48422000,272121.31319780,0
2025-10-23 10:26:00,109534.01,109556.7,109528.14,109556.69,4.12765,1761215219999,452144.50936690,1423,2.09774000,229778.95662200,0
2025-10-23 10:27:00,109556.69,109573.33,109553.66,109553.66,3.86136,1761215279999,423060.84853830,1662,0.88529000,96993.20314260,0
2025-10-23 10:28:00,109553.67,109553.67,109552.9,109552.91,1.18155,1761215339999,129443.01448550,365,0.45366000,49700.07477370,0
2025-10-23 10:29:00,109552.91,109552.91,109528.0,109528.0,2.86358,1761215399999,313686.62408690,1520,0.36513000,39997.12105220,0
2025-10-23 10:30:00,109528.0,109528.0,109459.75,109480.6,8.46269,1761215459999,926654.96051330,2372,2.09077000,228877.13187510,0
2025-10-23 10:31:00,109480.6,109509.09,109480.59,109502.51,4.3124,1761215519999,472183.24437290,1557,3.05665000,334674.71257920,0
2025-10-23 10:32:00,109502.51,109502.52,109502.5,109502.5,0.41064,1761215579999,44966.10918660,225,0.14031000,15364.29718110,0
2025-10-23 10:33:00,109502.51,109502.51,109473.56,109493.04,8.83821,1761215639999,967710.67019110,2245,3.81687000,417889.41252490,0
2025-10-23 10:34:00,109493.04,109537.92,109493.03,109537.92,4.94345,1761215699999,541344.73236740,1379,4.37347000,478923.74425110,0
2025-10-23 10:35:00,109537.91,109564.02,109489.04,109489.05,11.10392,1761215759999,1216378.98796780,2440,3.44751000,377636.48563890,0
2025-10-23 10:36:00,109489.05,109489.05,109406.89,109468.57,18.6989,1761215819999,2046610.68957740,4277,6.61933000,724366.13243220,0
2025-10-23 10:37:00,109468.58,109503.79,109424.96,109456.92,14.79434,1761215879999,1619279.17446580,3360,7.64138000,836295.45560800,0
2025-10-23 10:38:00,109456.93,109501.58,109456.92,109494.84,2.72668,1761215939999,298534.09980550,1686,1.38221000,151324.56999570,0
2025-10-23 10:39:00,109494.84,109502.16,109494.84,109502.15,5.72046,1761215999999,626388.23019980,482,1.46648000,160576.90439940,0
2025-10-23 10:40:00,109502.16,109517.97,109466.11,109466.12,5.12842,1761216059999,561570.18540850,1080,0.86806000,95053.69020250,0
2025-10-23 10:41:00,109466.11,109503.34,109439.34,109439.34,9.0406,1761216119999,989747.96360510,1906,4.37395000,478833.79043110,0
2025-10-23 10:42:00,109439.34,109439.35,109370.05,109400.0,12.5224,1761216179999,1369987.36613600,1464,2.28514000,249964.64561050,0
2025-10-23 10:43:00,109399.99,109459.76,109399.99,109456.51,4.90687,1761216239999,536989.93173480,1461,3.96340000,433729.99098120,0
2025-10-23 10:44:00,109456.52,109473.99,109440.46,109452.72,6.74222,1761216299999,738006.55520090,1271,3.72301000,407539.03614490,0
2025-10-23 10:45:00,109452.72,109452.72,109417.02,109451.44,2.12518,1761216359999,232570.58539230,1271,0.69248000,75778.30200820,0
2025-10-23 10:46:00,109451.44,109459.76,109451.44,109459.75,1.24719,1761216419999,136511.91432440,358,1.05131000,115070.94755230,0
2025-10-23 10:47:00,109459.75,109459.76,109446.5,109446.51,3.13527,1761216479999,343179.79915210,487,1.88292000,206100.25016920,0
2025-10-23 10:48:00,109446.51,109472.35,109446.5,109472.34,1.80051,1761216539999,197078.56532460,723,1.54105000,168676.40218650,0
2025-10-23 10:49:00,109472.35,109520.28,109472.34,109520.27,15.58821,1761216599999,1707093.19091340,1343,11.47670000,1256807.10737020,0
2025-10-23 10:50:00,109520.27,109563.39,109520.26,109563.38,3.24427,1761216659999,355389.07079560,1385,2.94266000,322344.70946590,0
2025-10-23 10:51:00,109563.38,109608.48,109537.11,109552.58,15.99977,1761216719999,1753222.75318870,2392,8.50841000,932278.89019540,0
2025-10-23 10:52:00,109552.58,109552.58,109517.27,109517.27,1.2027,1761216779999,131724.77216470,1289,0.42409000,46446.19649800,0
2025-10-23 10:53:00,109517.28,109517.28,109476.21,109476.21,5.31833,1761216839999,582271.15969990,1546,0.86417000,94608.00377210,0
2025-10-23 10:54:00,109476.22,109476.22,109470.85,109470.86,2.23811,1761216899999,245017.98747070,510,1.08449000,118724.66419730,0
2025-10-23 10:55:00,109470.85,109470.86,109454.31,109454.32,3.80437,1761216959999,416434.13596350,646,0.70104000,76734.28740380,0
2025-10-23 10:56:00,109454.32,109475.35,109444.99,109459.75,8.01805,1761217019999,877683.23361330,1348,3.10985000,340392.57382650,0
2025-10-23 10:57:00,109459.75,109475.51,109446.79,109475.51,5.61447,1761217079999,614566.63375990,687,2.53371000,277348.16108810,0
2025-10-23 10:58:00,109475.5,109490.77,109475.5,109479.9,2.95762,1761217139999,323813.08547210,719,2.14932000,235315.23793120,0
2025-10-23 10:59:00,109479.9,109479.9,109439.2,109439.2,3.10878,1761217199999,340298.69657440,1419,0.46218000,50594.04570590,0
2025-10-23 11:00:00,109439.2,109439.2,109404.6,109408.91,4.88496,1761217259999,534528.43690140,1610,0.49598000,54267.11972100,0
2025-10-23 11:01:00,109408.9,109457.7,109408.9,109436.05,3.13193,1761217319999,342744.60931590,1560,1.95100000,213495.08490220,0
2025-10-23 11:02:00,109436.05,109486.0,109436.05,109486.0,2.61731,1761217379999,286498.44535110,1027,2.47423000,270836.63984840,0
2025-10-23 11:03:00,109485.99,109486.21,109478.8,109478.8,1.19159,1761217439999,130459.71869760,645,0.56390000,61738.73611130,0
2025-10-23 11:04:00,109478.8,109478.81,109461.36,109474.43,2.10912,1761217499999,230889.44622430,1144,0.69428000,76005.82601230,0
2025-10-23 11:05:00,109474.43,109474.44,109450.62,109459.75,4.25766,1761217559999,466022.86599810,1151,0.80849000,88490.18575360,0
2025-10-23 11:06:00,109459.75,109500.0,109445.97,109445.98,4.45539,1761217619999,487695.08814180,2984,3.00253000,328655.20541620,0
2025-10-23 11:07:00,109445.97,109445.98,109386.18,109411.6,4.2528,1761217679999,465287.74793590,2369,1.01187000,110698.28564960,0
2025-10-23 11:08:00,109411.61,109454.19,109411.6,109454.18,6.37438,1761217739999,697594.41767810,1100,1.43073000,156562.74393330,0
2025-10-23 11:09:00,109454.19,109454.19,109440.05,109446.54,2.48453,1761217799999,271923.09188260,1050,0.56393000,61718.55642200,0
2025-10-23 11:10:00,109446.53,109473.77,109446.53,109465.88,2.26271,1761217859999,247662.07272280,1033,0.47646000,52152.24465150,0
2025-10-23 11:11:00,109465.89,109465.89,109400.76,109400.77,3.29112,1761217919999,360155.75987290,2274,0.53390000,58434.18948410,0
2025-10-23 11:12:00,109400.77,109417.74,109390.78,109390.78,5.04053,1761217979999,551462.33022690,2699,1.57891000,172739.15147020,0
2025-10-23 11:13:00,109390.78,109390.78,109368.95,109368.96,1.24285,1761218039999,135941.40657090,1173,0.13603000,14879.48967270,0
2025-10-23 11:14:00,109368.95,109395.93,109368.95,109395.92,3.59213,1761218099999,392891.42709880,861,3.20583000,350639.86809860,0
2025-10-23 11:15:00,109395.93,109412.29,109378.11,109378.11,2.12716,1761218159999,232720.58603010,1620,0.45804000,50112.40883280,0
2025-10-23 11:16:00,109378.12,109378.12,109289.08,109368.94,14.64652,1761218219999,1601463.69850230,3418,5.37307000,587404.56807220,0
2025-10-23 11:17:00,109368.94,109443.9,109364.57,109443.9,4.16776,1761218279999,455999.90865620,3269,3.13405000,342921.57789570,0
2025-10-23 11:18:00,109443.9,109473.44,109355.5,109355.51,8.29681,1761218339999,907985.80973650,3242,3.17808000,347839.15652310,0
2025-10-23 11:19:00,109355.51,109434.24,109355.5,109398.27,4.704,1761218399999,514590.28055910,2294,2.13459000,233478.81140640,0
2025-10-23 11:20:00,109398.27,109444.14,109377.4,109444.13,10.07176,1761218459999,1101797.89156330,1961,8.16909000,893660.40989830,0
2025-10-23 11:21:00,109444.14,109520.0,109444.13,109519.99,5.35037,1761218519999,585786.07866240,1708,5.02028000,549641.66179690,0
2025-10-23 11:22:00,109520.0,109526.28,109509.15,109526.27,4.73115,1761218579999,518149.70575860,1158,2.58861000,283499.19123870,0
2025-10-23 11:23:00,109526.27,109566.43,109525.91,109551.13,8.11642,1761218639999,889101.60212640,2270,3.31662000,363306.64893160,0
2025-10-23 11:24:00,109551.12,109567.56,109551.12,109560.0,9.28871,1761218699999,1017637.19182790,729,8.19919000,898265.84103350,0
2025-10-23 11:25:00,109560.0,109560.01,109514.0,109515.2,24.3339,1761218759999,2665914.40539440,908,0.62328000,68261.68596890,0
2025-10-23 11:26:00,109515.19,109590.0,109515.19,109574.71,7.08716,1761218819999,776465.17807690,2190,6.27182000,687124.86984710,0
2025-10-23 11:27:00,109574.7,109655.89,109574.7,109636.6,13.48709,1761218879999,1478211.45127750,3027,10.64125000,1166210.30037290,0
2025-10-23 11:28:00,109636.6,109655.89,109612.62,109627.45,6.41476,1761218939999,703257.39242010,1970,4.24665000,465554.65801810,0
2025-10-23 11:29:00,109627.46,109627.46,109537.58,109537.59,26.89466,1761218999999,2947254.10136480,2499,7.98468000,875241.08583850,0
2025-10-23 11:30:00,109537.6,109556.76,109530.02,109546.28,4.2766,1761219059999,468461.82677730,1744,1.18131000,129401.60361040,0
2025-10-23 11:31:00,109546.28,109546.29,109407.82,109428.99,47.61006,1761219119999,5213414.19019570,3564,3.14586000,344218.12808710,0
2025-10-23 11:32:00,109428.98,109428.98,109352.6,109396.05,13.42549,1761219179999,1468478.37355180,3470,5.24156000,573301.13727920,0
2025-10-23 11:33:00,109396.05,109402.77,109230.0,109264.92,24.52462,1761219239999,2680625.19089030,4944,5.51653000,602958.06632450,0
2025-10-23 11:34:00,109264.92,109291.95,109235.0,109241.08,6.01937,1761219299999,657680.52352610,1857,2.46044000,268824.69652380,0
2025-10-23 11:35:00,109241.08,109244.36,109185.72,109219.5,9.97285,1761219359999,1089209.10949390,2983,2.81208000,307107.18438540,0
2025-10-23 11:36:00,109219.49,109220.67,109177.43,109205.64,21.71094,1761219419999,2371044.21533100,2581,4.19045000,457598.96289630,0
2025-10-23 11:37:00,109205.64,109289.76,109100.4,109289.75,37.45942,1761219479999,4089741.91826160,6042,16.78242000,1832232.48604960,0
2025-10-23 11:38:00,109289.74,109330.43,109289.74,109312.77,8.15736,1761219539999,891714.93218560,2012,3.70551000,405036.28270800,0
2025-10-23 11:39:00,109312.77,109364.0,109312.77,109334.83,12.45674,1761219599999,1362014.24167970,2129,7.11803000,778226.10521440,0
2025-10-23 11:40:00,109334.83,109334.84,109299.92,109299.92,5.41068,1761219659999,591418.26291390,935,1.58990000,173785.34881990,0
2025-10-23 11:41:00,109299.92,109316.71,109191.15,109191.15,8.20053,1761219719999,895889.60750860,4522,4.23389000,462540.88384580,0
2025-10-23 11:42:00,109191.16,109251.26,109158.94,109251.26,11.99286,1761219779999,1309498.35719430,2383,3.74687000,409175.37317540,0
2025-10-23 11:43:00,109251.25,109257.98,109173.24,109199.7,14.418,1761219839999,1574697.24762420,3044,4.39180000,479614.21827040,0
2025-10-23 11:44:00,109199.7,109217.52,109180.1,109217.51,8.19234,1761219899999,894540.74196040,2100,1.52425000,166446.72446260,0
2025-10-23 11:45:00,109217.51,109217.52,109182.89,109195.35,14.66038,1761219959999,1600899.96639970,2848,3.25139000,355025.40603270,0
2025-10-23 11:46:00,109195.35,109205.08,109190.4,109193.31,6.26979,1761220019999,684646.19518100,990,0.55086000,60151.97124710,0
2025-10-23 11:47:00,109193.31,109218.2,109176.8,109218.19,4.74958,1761220079999,518622.47028430,2428,2.34771000,256354.30546920,0
2025-10-23 11:48:00,109218.19,109251.26,109218.19,109243.2,1.87885,1761220139999,205251.71346010,1053,0.70140000,76622.11484230,0
2025-10-23 11:49:00,109243.21,109291.74,109243.2,109291.74,2.48299,1761220199999,271299.55545650,737,2.24201000,244964.59058350,0
2025-10-23 11:50:00,109291.74,109334.29,109206.04,109223.37,25.42744,1761220259999,2778107.11505430,5830,7.96137000,869910.51639760,0
2025-10-23 11:51:00,109223.37,109223.37,109147.0,109188.6,4.68513,1761220319999,511513.69513290,2821,1.53992000,168118.68047600,0
2025-10-23 11:52:00,109188.6,109244.97,109188.59,109244.96,3.17259,1761220379999,346564.74466090,1655,1.67622000,183100.12026060,0
2025-10-23 11:53:00,109244.97,109244.97,109221.4,109244.97,1.96867,1761220439999,215041.48733390,1127,0.66987000,73170.99120830,0
2025-10-23 11:54:00,109244.97,109276.22,109194.0,109194.0,5.88453,1761220499999,642895.13472490,2680,1.97517000,215778.24580020,0
2025-10-23 11:55:00,109194.0,109207.11,109191.36,109191.37,2.71871,1761220559999,296878.39658250,918,1.38266000,150980.53925920,0
2025-10-23 11:56:00,109191.36,109264.01,109185.85,109264.01,7.02241,1761220619999,767045.97321860,1594,5.86622000,640747.31500150,0
2025-10-23 11:57:00,109264.0,109264.01,109239.01,109249.99,2.041,1761220679999,222984.21283740,1010,0.88080000,96225.52537570,0
2025-10-23 11:58:00,109249.99,109288.9,109249.99,109288.9,33.51386,1761220739999,3661602.56240310,1463,31.74708000,3468566.85663230,0
2025-10-23 11:59:00,109288.89,109288.9,109253.87,109253.89,10.81327,1761220799999,1181531.66857690,1094,0.27577000,30132.32685690,0
2025-10-23 12:00:00,109253.88,109253.89,109220.96,109225.61,6.24459,1761220859999,682125.90449900,2980,3.15161000,344238.13093050,0
2025-10-23 12:01:00,109225.6,109225.61,109113.59,109113.6,12.87772,1761220919999,1405661.82805730,5226,0.55290000,60342.96555270,0
2025-10-23 12:02:00,109113.6,109120.47,108783.7,108872.03,153.9493,1761220979999,16772769.03429160,14409,49.99037000,5445878.34994470,0
2025-10-23 12:03:00,108872.03,108991.99,108815.16,108815.32,35.30471,1761221039999,3844695.54647250,7950,8.67664000,944854.42121000,0
2025-10-23 12:04:00,108815.31,108834.0,108712.5,108712.76,38.30692,1761221099999,4166442.01691260,8647,13.99702000,1522232.73107690,0
2025-10-23 12:05:00,108712.75,108940.0,108685.72,108940.0,26.00641,1761221159999,2830484.10333940,7471,12.24442000,1332614.91973290,0
2025-10-23 12:06:00,108940.0,109047.2,108930.26,109037.83,18.07936,1761221219999,1970503.30916460,4158,13.02709000,1419836.98483270,0
2025-10-23 12:07:00,109037.82,109047.17,108917.94,108955.13,17.27558,1761221279999,1882230.88357570,4705,10.17047000,1108009.51689250,0
2025-10-23 12:08:00,108955.14,108955.14,108820.88,108851.28,15.74364,1761221339999,1713912.09753540,4854,6.88759000,749669.30385160,0
2025-10-23 12:09:00,108851.27,108950.4,108851.27,108950.39,12.44718,1761221399999,1355495.85643850,3284,4.78617000,521196.53431110,0
2025-10-23 12:10:00,108950.39,109047.21,108950.39,109023.11,23.93644,1761221459999,2609175.05211080,3899,17.30585000,1886393.97782310,0
2025-10-23 12:11:00,109023.11,109036.92,108987.51,108987.51,6.23052,1761221519999,679231.92804790,2398,1.33379000,145388.31119810,0
2025-10-23 12:12:00,108987.52,108987.52,108950.0,108950.0,12.49872,1761221579999,1361884.03628050,2108,5.45972000,594857.36701050,0
2025-10-23 12:13:00,108950.01,109006.25,108950.01,108995.97,9.21815,1761221639999,1004648.45448480,3162,5.94475000,647880.34934870,0
2025-10-23 12:14:00,108995.97,109023.71,108929.27,108929.27,7.12333,1761221699999,776456.18316320,2677,0.72266000,78760.03665890,0
2025-10-23 12:15:00,108929.27,108953.59,108861.82,108953.59,9.75289,1761221759999,1061986.12933560,5005,5.52696000,601830.80065980,0
2025-10-23 12:16:00,108953.59,109039.83,108953.59,109031.83,5.88425,1761221819999,641454.64096740,3307,1.99387000,217332.08013410,0
2025-10-23 12:17:00,109031.84,109059.72,109003.28,109059.72,13.67048,1761221879999,1490531.87228900,1921,9.88617000,1077929.51574890,0
2025-10-23 12:18:00,109059.71,109099.94,109043.13,109099.93,11.4986,1761221939999,1254309.67289110,2212,8.88208000,968911.75496710,0
2025-10-23 12:19:00,109099.94,109100.0,109042.79,109042.8,24.87846,1761221999999,2713696.26166450,3191,21.10034000,2301618.80136610,0
2025-10-23 12:20:00,109042.8,109065.67,108994.0,109055.49,11.08591,1761222059999,1208659.03101680,4914,6.21791000,677864.71865860,0
2025-10-23 12:21:00,109055.48,109154.53,109055.48,109140.33,8.72874,1761222119999,952384.32036300,3982,6.25676000,682695.44149300,0
2025-10-23 12:22:00,109140.33,109209.84,109138.29,109195.9,12.24316,1761222179999,1336553.14835690,3287,9.53527000,1040967.53932000,0
2025-10-23 12:23:00,109195.89,109219.87,109081.11,109095.89,13.83238,1761222239999,1509826.78680780,6452,4.56838000,498468.09507440,0
2025-10-23 12:24:00,109095.89,109130.3,109052.17,109089.74,8.34835,1761222299999,910880.32094410,3461,5.29799000,578078.04815600,0
2025-10-23 12:25:00,109089.73,109110.37,109052.22,109110.37,4.61823,1761222359999,503762.34406560,2720,1.35745000,148067.59657660,0
2025-10-23 12:26:00,109110.36,109159.29,109104.37,109104.38,18.89242,1761222419999,2061993.35405410,2186,15.72519000,1716327.95574800,0
2025-10-23 12:27:00,109104.37,109140.72,109103.13,109140.72,3.30131,1761222479999,360227.90805210,1859,1.82292000,198907.46360640,0
2025-10-23 12:28:00,109140.71,109159.29,109118.87,109123.24,7.25042,1761222539999,791300.59249960,1743,2.52776000,275881.21697110,0
2025-10-23 12:29:00,109123.25,109140.0,109123.24,109130.73,3.32028,1761222599999,362356.37396280,1096,1.82987000,199697.50470140,0
2025-10-23 12:30:00,109130.72,109130.72,109057.12,109060.22,4.9739,1761222659999,542525.63288990,2396,0.50982000,55606.83941520,0
2025-10-23 12:31:00,109060.23,109060.23,108860.0,108860.0,57.73043,1761222719999,6292374.06749000,4983,5.74209000,625707.52946280,0
2025-10-23 12:32:00,108860.0,108941.74,108827.98,108900.91,16.25091,1761222779999,1769130.42266050,4566,5.39196000,586993.32303530,0
2025-10-23 12:33:00,108900.92,108981.42,108900.92,108970.52,5.75973,1761222839999,627450.23897140,1868,3.41987000,372499.74692220,0
2025-10-23 12:34:00,108970.53,108973.61,108932.0,108967.69,5.81948,1761222899999,634061.27963850,1804,3.22594000,351463.56356140,0
2025-10-23 12:35:00,108967.7,108973.35,108790.93,108866.85,46.29771,1761222959999,5041144.16564120,4405,12.13764000,1321401.10257720,0
2025-10-23 12:36:00,108866.85,108896.85,108851.76,108892.15,19.41022,1761223019999,2113162.05977760,2613,4.00808000,436351.05848880,0
2025-10-23 12:37:00,108892.16,108993.95,108892.15,108907.25,9.65508,1761223079999,1051974.02672950,3985,4.63960000,505521.85131110,0
2025-10-23 12:38:00,108907.25,108918.85,108889.72,108909.42,9.70396,1761223139999,1056808.03427460,1978,3.41989000,372418.81298390,0
2025-10-23 12:39:00,108909.42,108957.63,108909.42,108948.54,2.91009,1761223199999,316980.77700590,1183,1.53626000,167324.89389180,0
2025-10-23 12:40:00,108948.53,109029.53,108895.82,109029.52,5.76814,1761223259999,628509.04611010,3062,4.90954000,534970.98131670,0
2025-10-23 12:41:00,109029.53,109034.52,108979.98,109032.86,13.42014,1761223319999,1462900.52385080,2225,6.17028000,672602.56280860,0
2025-10-23 12:42:00,109032.86,109046.67,109029.11,109037.63,3.37447,1761223379999,367937.08961350,910,2.63442000,287241.50151950,0
2025-10-23 12:43:00,109037.63,109071.99,109037.62,109060.46,4.23088,1761223439999,461410.27384400,1096,3.34465000,364751.37021560,0
2025-10-23 12:44:00,109060.46,109070.7,109060.46,109070.69,1.86844,1761223499999,203784.32897640,404,1.37272000,149717.18727270,0
2025-10-23 12:45:00,109070.7,109113.48,109029.89,109104.35,12.77443,1761223559999,1393318.76805680,4052,7.08561000,772784.37786110,0
2025-10-23 12:46:00,109104.36,109126.63,109084.31,109115.94,9.81497,1761223619999,1070895.75348770,2257,7.63284000,832791.16562850,0
2025-10-23 12:47:00,109115.94,109131.62,109069.72,109069.72,11.73491,1761223679999,1280277.96271440,2120,3.33173000,363534.22070130,0
2025-10-23 12:48:00,109069.73,109169.45,109031.11,109169.44,18.63231,1761223739999,2032914.57928750,2725,17.34773000,1892799.56345400,0
2025-10-23 12:49:00,109169.45,109188.0,109100.0,109119.73,9.70316,1761223799999,1059166.32569060,2614,4.75004000,518524.42153110,0
2025-10-23 12:50:00,109119.72,109182.26,109095.42,109115.07,12.3355,1761223859999,1346101.79379530,4285,3.98189000,434484.99475940,0
2025-10-23 12:51:00,109115.08,109115.08,109088.62,109088.63,6.27829,1761223919999,685020.97724640,1269,0.96486000,105278.06560970,0
2025-10-23 12:52:00,109088.62,109095.71,109036.46,109051.8,35.6108,1761223979999,3883818.69715170,4359,16.82970000,1835518.76947330,0
2025-10-23 12:53:00,109051.8,109074.73,109021.49,109058.49,13.13569,1761224039999,1432356.07022710,2557,6.24816000,681347.99950700,0
2025-10-23 12:54:00,109058.48,109090.79,109049.05,109090.66,14.55053,1761224099999,1586972.49780520,1490,8.82223000,962169.44843160,0
2025-10-23 12:55:00,109090.65,109098.99,109077.79,109091.39,13.20045,1761224159999,1440053.76485540,1852,4.46098000,486644.33324040,0
2025-10-23 12:56:00,109091.39,109091.4,109077.83,109086.52,6.82393,1761224219999,744399.03702990,1413,1.42875000,155852.95830320,0
2025-10-23 12:57:00,109086.51,109086.52,109077.72,109077.73,4.60892,1761224279999,502755.00682470,493,0.64444000,70297.03124590,0
2025-10-23 12:58:00,109077.72,109112.67,109077.72,109112.66,15.19784,1761224339999,1657803.43535760,914,12.44037000,1357017.08721650,0
2025-10-23 12:59:00,109112.67,109169.9,109112.67,109164.94,9.18837,1761224399999,1002986.39318390,2071,3.05776000,333728.40425570,0
2025-10-23 13:00:00,109164.95,109230.76,109076.09,109099.48,33.61014,1761224459999,3669247.52928380,5516,18.37019000,2005542.96426740,0
2025-10-23 13:01:00,109099.48,109099.48,109038.18,109039.07,13.37931,1761224519999,1459276.48595490,1916,1.66255000,181333.39542970,0
2025-10-23 13:02:00,109039.06,109069.75,109039.06,109069.73,6.13754,1761224579999,669345.65919460,1095,1.00371000,109457.38854000,0
2025-10-23 13:03:00,109069.73,109069.74,109031.18,109038.57,6.66697,1761224639999,726991.52825060,2422,1.22111000,133150.46109200,0
2025-10-23 13:04:00,109038.57,109057.58,109013.3,109057.57,21.31363,1761224699999,2323758.58716750,2048,6.58748000,718192.41593860,0
2025-10-23 13:05:00,109057.57,109057.58,108999.6,108999.61,27.76022,1761224759999,3026559.79720310,2795,7.68304000,837688.55330490,0
2025-10-23 13:06:00,108999.61,109010.48,108999.46,109010.13,22.08388,1761224819999,2407272.54745470,1065,6.48933000,707373.38723220,0
2025-10-23 13:07:00,109010.13,109036.46,108971.42,108971.73,9.25712,1761224879999,1009080.75153600,2576,2.47948000,270292.27348060,0
2025-10-23 13:08:00,108971.72,109009.93,108950.34,108950.35,17.44184,1761224939999,1900690.70301100,3922,4.10411000,447220.57807110,0
2025-10-23 13:09:00,108950.35,108950.35,108882.62,108882.62,13.67153,1761224999999,1489110.03566870,2772,1.43962000,156785.27449050,0
2025-10-23 13:10:00,108882.62,108886.09,108800.01,108875.2,45.09326,1761225059999,4907762.55366550,5462,14.66124000,1595468.94334330,0
2025-10-23 13:11:00,108875.2,108909.87,108852.88,108869.75,13.95658,1761225119999,1519577.89429120,2508,3.07119000,334380.27599560,0
2025-10-23 13:12:00,108869.75,108973.85,108869.74,108973.85,7.84469,1761225179999,854524.55484020,2008,6.33576000,690185.22870300,0
2025-10-23 13:13:00,108973.84,108980.0,108973.84,108979.99,3.77059,1761225239999,410905.53707750,433,3.07330000,334915.34439570,0
2025-10-23 13:14:00,108980.0,109075.16,108979.99,109075.16,18.20671,1761225299999,1984962.27625010,1735,17.63566000,1922694.78173410,0
2025-10-23 13:15:00,109075.16,109099.0,109060.55,109060.56,13.5135,1761225359999,1474120.40084660,1472,7.08661000,772989.05239280,0
2025-10-23 13:16:00,109060.56,109096.84,109028.37,109028.37,6.0806,1761225419999,663171.21614400,2239,0.81712000,89120.40234220,0
2025-10-23 13:17:00,109028.37,109059.66,109022.77,109022.78,6.51314,1761225479999,710210.35886900,2084,2.83123000,308724.69442240,0
2025-10-23 13:18:00,109022.77,109022.77,108950.0,108957.0,7.76687,1761225539999,846363.23271710,3904,2.82125000,307411.31919070,0
2025-10-23 13:19:00,108957.0,108978.19,108949.42,108978.17,10.56108,1761225599999,1150697.50109430,1546,1.87989000,204835.30216430,0
2025-10-23 13:20:00,108978.17,108978.19,108946.83,108962.79,4.54715,1761225659999,495484.39712990,1925,0.85550000,93222.32101410,0
2025-10-23 13:21:00,108962.79,108962.79,108948.1,108962.76,13.71287,1761225719999,1494123.15485960,1207,0.83274000,90734.26526310,0
2025-10-23 13:22:00,108962.76,108978.69,108932.01,108959.91,14.23688,1761225779999,1551189.70918590,3114,6.94267000,756440.94154280,0
2025-10-23 13:23:00,108959.91,109019.0,108959.91,109003.7,5.82462,1761225839999,634866.62666900,2816,2.19614000,239360.93710990,0
2025-10-23 13:24:00,109003.7,109029.78,109000.0,109000.0,4.06778,1761225899999,443445.14198990,1266,0.90173000,98293.82697650,0
2025-10-23 13:25:00,109000.0,109100.0,109000.0,109073.4,13.59469,1761225959999,1482624.96188350,2711,8.83457000,963402.85587120,0
2025-10-23 13:26:00,109073.39,109169.03,109073.39,109125.78,30.96357,1761226019999,3379311.18878860,4568,13.59039000,1483166.24311630,0
2025-10-23 13:27:00,109125.78,109125.79,109058.68,109080.72,10.52227,1761226079999,1148045.37228960,2188,2.10685000,229784.74412930,0
2025-10-23 13:28:00,109080.73,109143.76,109080.72,109143.76,5.60895,1761226139999,612010.46904870,1019,4.46783000,487476.62018180,0
2025-10-23 13:29:00,109143.76,109143.76,109129.99,109140.88,6.46209,1761226199999,705260.07322050,992,3.73935000,408103.18609750,0
2025-10-23 13:30:00,109140.88,109169.9,109082.98,109109.12,10.01272,1761226259999,1092697.02900310,4132,3.63243000,396383.50591450,0
2025-10-23 13:31:00,109109.13,109150.43,109016.49,109121.52,20.92548,1761226319999,2282026.14724800,6333,5.45181000,594605.13050540,0
2025-10-23 13:32:00,109121.52,109200.0,109065.37,109136.05,22.05246,1761226379999,2406803.70559020,6887,11.83881000,1292123.37803100,0
2025-10-23 13:33:00,109136.04,109272.0,109011.6,109272.0,47.00774,1761226439999,5132451.50058270,7995,33.59504000,3669013.60507890,0
2025-10-23 13:34:00,109272.0,109367.11,109205.29,109301.97,40.48766,1761226499999,4424106.02011810,7646,17.83201000,1948559.77328010,0
2025-10-23 13:35:00,109301.97,109430.39,109205.94,109417.47,56.66545,1761226559999,6193734.99263810,9795,41.70141000,4558343.98264210,0
2025-10-23 13:36:00,109417.47,109430.39,109340.94,109370.05,33.642,1761226619999,3679624.90942320,4803,21.90952000,2396203.30513410,0
2025-10-23 13:37:00,109370.04,109430.39,109344.85,109352.4,26.48505,1761226679999,2897009.81557250,6464,12.36485000,1352474.21457830,0
2025-10-23 13:38:00,109352.4,109440.0,109349.05,109411.75,28.23885,1761226739999,3088805.67808170,6247,17.17667000,1878772.82628610,0
2025-10-23 13:39:00,109411.75,109650.01,109411.75,109580.0,247.49214,1761226799999,27117039.32109020,9230,157.19170000,17220627.55112750,0
2025-10-23 13:40:00,109579.99,109579.99,109462.0,109485.41,10.95811,1761226859999,1199810.81974400,4958,6.19512000,678269.04701690,0
2025-10-23 13:41:00,109485.41,109485.41,109362.42,109386.11,7.90101,1761226919999,864424.57064090,4900,3.52269000,385371.36027380,0
2025-10-23 13:42:00,109386.1,109416.78,109179.1,109231.07,35.70793,1761226979999,3901737.87180210,8877,9.18704000,1004018.75735450,0
2025-10-23 13:43:00,109231.06,109319.8,109231.06,109280.16,10.58649,1761227039999,1156775.01346920,4357,8.56490000,935853.63681990,0
2025-10-23 13:44:00,109280.16,109411.68,109280.16,109382.13,43.51184,1761227099999,4759694.20852340,4279,10.37205000,1134318.21785300,0
2025-10-23 13:45:00,109382.14,109478.62,109381.65,109444.94,21.31255,1761227159999,2332183.12150970,5646,14.93676000,1634529.76509270,0
2025-10-23 13:46:00,109444.95,109477.32,109271.26,109288.52,23.04,1761227219999,2518741.66627590,5669,13.17457000,1440151.73987390,0
2025-10-23 13:47:00,109288.52,109409.37,109237.92,109409.36,17.39348,1761227279999,1901087.20366230,5841,6.36173000,695551.78121860,0
2025-10-23 13:48:00,109409.37,109520.0,109399.28,109495.14,16.59874,1761227339999,1816748.54223350,4690,14.81542000,1621481.56695670,0
2025-10-23 13:49:00,109495.14,109580.0,109457.83,109522.46,33.87114,1761227399999,3709743.79065700,6449,22.84289000,2501775.00423410,0
2025-10-23 13:50:00,109522.45,109619.24,109511.49,109613.49,10.82975,1761227459999,1186583.57641070,5509,7.78402000,852864.66154180,0
2025-10-23 13:51:00,109613.5,109619.21,109465.91,109520.46,17.24675,1761227519999,1888741.83737100,5652,6.69996000,733703.11303330,0
2025-10-23 13:52:00,109520.46,109529.49,109429.24,109459.67,12.85738,1761227579999,1407568.58553490,5450,5.24297000,573873.22429520,0
2025-10-23 13:53:00,109459.68,109508.0,109459.68,109508.0,13.22976,1761227639999,1448314.84010230,3542,8.81691000,965211.13104820,0
2025-10-23 13:54:00,109507.99,109584.48,109490.49,109572.83,6.00832,1761227699999,658225.70429770,3246,4.20203000,460346.43626810,0
2025-10-23 13:55:00,109572.84,109627.5,109509.03,109532.44,15.62524,1761227759999,1712158.00682120,4919,7.11961000,780138.33661750,0
2025-10-23 13:56:00,109532.44,109573.79,109489.28,109503.8,8.5429,1761227819999,935691.90758760,3773,5.82689000,638225.47372200,0
2025-10-23 13:57:00,109503.79,109503.79,109342.77,109423.17,19.70991,1761227879999,2156518.30874490,6192,6.38971000,698984.82059880,0
2025-10-23 13:58:00,109423.17,109423.17,109371.61,109380.91,2.25521,1761227939999,246705.68512770,1663,1.08222000,118376.09701820,0
